Network,Station,Name,Latitude,Longitude,Elevation,Sensitivity,Site,Vs30
GD,L2214,GD L2214 BHZ ,23.240000,114.050000,0.0,70000000000.0,,
YN,E2211,YN E2211 BHZ ,24.610000,101.850000,0.0,70000000000.0,,
YN,L2408,YN L2408 BHZ ,25.790000,100.470000,0.0,70000000000.0,,
YN,S2502,YN S2502 BHZ ,23.630000,99.870000,0.0,70000000000.0,,
SC,V3802,SC V3802 BHZ ,28.300000,99.270000,0.0,70000000000.0,,
FJ,G5001,FJ G5001 BHZ ,26.090000,117.830000,0.0,70000000000.0,,
HE,T0005,HE T0005 BHZ ,37.960000,116.420000,0.0,70000000000.0,,
SC,M2102,SC M2102 BHZ ,29.940000,105.280000,0.0,70000000000.0,,
XJ,RUQ,XJ RUQ BHZ ,38.970000,88.840000,0.0,70000000000.0,,
YN,SZK01,YN SZK01 BHZ ,23.890000,99.000000,0.0,70000000000.0,,
QH,D0001,QH D0001 BHZ ,35.620000,102.070000,0.0,70000000000.0,,
CQ,JD001,CQ JD001 BHZ ,29.720000,105.710000,0.0,70000000000.0,,
SC,Q2103,SC Q2103 BHZ ,28.890000,104.410000,0.0,70000000000.0,,
YN,D2624,YN D2624 BHZ ,26.730000,103.570000,0.0,70000000000.0,,
NX,D0015,NX D0015 BHZ ,35.840000,106.370000,0.0,70000000000.0,,
XJ,N0004,XJ N0004 BHZ ,41.750000,80.880000,0.0,70000000000.0,,
SD,C0008,SD C0008 BHZ ,36.910000,118.060000,0.0,70000000000.0,,
YN,S2110,YN S2110 BHZ ,24.550000,100.080000,0.0,70000000000.0,,
GD,P2116,GD P2116 BHZ ,23.590000,115.110000,0.0,70000000000.0,,
HE,F0083,HE F0083 BHZ ,38.520000,114.800000,0.0,70000000000.0,,
YN,A1102,YN A1102 BHZ ,24.950000,102.700000,0.0,70000000000.0,,
GD,G8213,GD G8213 BHZ ,20.860000,109.910000,0.0,70000000000.0,,
GS,N0055,GS N0055 BHZ ,36.150000,103.030000,0.0,70000000000.0,,
SC,Q2301,SC Q2301 BHZ ,28.480000,105.080000,0.0,70000000000.0,,
GS,HL005,GS HL005 BHZ ,37.800000,102.530000,0.0,70000000000.0,,
SC,NXDP,SC NXDP BHZ ,28.740000,104.950000,0.0,70000000000.0,,
GD,G8115,GD G8115 BHZ ,21.580000,110.060000,0.0,70000000000.0,,
GD,P2105,GD P2105 BHZ ,23.690000,114.960000,0.0,70000000000.0,,
XJ,N0055,XJ N0055 BHZ ,40.320000,79.070000,0.0,70000000000.0,,
SD,R0012,SD R0012 BHZ ,35.000000,115.330000,0.0,70000000000.0,,
FJ,G5016,FJ G5016 BHZ ,25.550000,117.770000,0.0,70000000000.0,,
GS,HL016,GS HL016 BHZ ,37.840000,102.750000,0.0,70000000000.0,,
XJ,B004C,XJ B004C BHZ ,43.970000,86.070000,0.0,70000000000.0,,
GD,LH013,GD LH013 BHZ ,22.810000,114.430000,0.0,70000000000.0,,
NM,HQ001,NM HQ001 BHZ ,42.230000,116.000000,0.0,70000000000.0,,
XJ,F0076,XJ F0076 BHZ ,43.840000,81.460000,0.0,70000000000.0,,
SC,V2601,SC V2601 BHZ ,30.510000,101.500000,0.0,70000000000.0,,
HE,B0006,HE B0006 BHZ ,39.230000,118.070000,0.0,70000000000.0,,
SN,E0066,SN E0066 BHZ ,35.020000,110.200000,0.0,70000000000.0,,
GD,M0312,GD M0312 BHZ ,24.510000,116.210000,0.0,70000000000.0,,
NX,E0004,NX E0004 BHZ ,36.830000,105.980000,0.0,70000000000.0,,
FJ,D2302,FJ D2302 BHZ ,24.590000,117.910000,0.0,70000000000.0,,
SC,C2204,SC C2204 BHZ ,29.070000,104.950000,0.0,70000000000.0,,
GD,H0303,GD H0303 BHZ ,23.220000,112.600000,0.0,70000000000.0,,
XJ,M0015,XJ M0015 BHZ ,42.510000,86.260000,0.0,70000000000.0,,
YN,G2502,YN G2502 BHZ ,23.760000,102.410000,0.0,70000000000.0,,
YN,YUL,YN YUL BHZ ,25.890000,99.370000,0.0,70000000000.0,,
SD,D0021,SD D0021 BHZ ,34.790000,117.290000,0.0,70000000000.0,,
SX,K000F,SX K000F BHZ ,37.460000,113.920000,0.0,70000000000.0,,
FJ,A9002,FJ A9002 BHZ ,26.190000,118.660000,0.0,70000000000.0,,
SD,P0048,SD P0048 BHZ ,36.130000,115.890000,0.0,70000000000.0,,
GD,AN001,GD AN001 BHZ ,22.640000,113.600000,0.0,70000000000.0,,
SD,N002B,SD N002B BHZ ,36.640000,116.660000,0.0,70000000000.0,,
YN,C2220,YN C2220 BHZ ,27.090000,103.240000,0.0,70000000000.0,,
GS,P0045,GS P0045 BHZ ,34.830000,102.570000,0.0,70000000000.0,,
SN,F0016,SN F0016 BHZ ,33.050000,106.300000,0.0,70000000000.0,,
GS,E000C,GS E000C BHZ ,34.810000,105.150000,0.0,70000000000.0,,
GS,J0018,GS J0018 BHZ ,35.240000,104.010000,0.0,70000000000.0,,
FJ,E6702,FJ E6702 BHZ ,24.360000,117.390000,0.0,70000000000.0,,
YN,L2309,YN L2309 BHZ ,25.310000,100.900000,0.0,70000000000.0,,
SC,GZXJ,SC GZXJ BHZ ,30.790000,101.940000,0.0,70000000000.0,,
GD,L0302,GD L0302 BHZ ,23.000000,114.590000,0.0,70000000000.0,,
AH,EX001,AH EX001 BHZ ,31.740000,118.330000,0.0,70000000000.0,,
NM,H0010,NM H0010 BHZ ,42.090000,116.660000,0.0,70000000000.0,,
SC,B0405,SC B0405 BHZ ,31.390000,105.010000,0.0,70000000000.0,,
GS,GLGMQ,GS GLGMQ BHZ ,37.410000,103.360000,0.0,70000000000.0,,
FJ,AXCN,FJ AXCN BHZ ,25.080000,118.210000,0.0,70000000000.0,,
SD,J0023,SD J0023 BHZ ,35.980000,117.530000,0.0,70000000000.0,,
SC,A1401,SC A1401 BHZ ,30.880000,104.120000,0.0,70000000000.0,,
YN,M2107,YN M2107 BHZ ,24.780000,99.160000,0.0,70000000000.0,,
GS,J003D,GS J003D BHZ ,34.440000,103.920000,0.0,70000000000.0,,
SD,N000F,SD N000F BHZ ,37.340000,116.960000,0.0,70000000000.0,,
LN,WFD,LN WFD BHZ ,39.580000,121.760000,0.0,70000000000.0,,
SC,F2305,SC F2305 BHZ ,30.760000,105.010000,0.0,70000000000.0,,
XJ,N0027,XJ N0027 BHZ ,42.090000,81.890000,0.0,70000000000.0,,
GX,ML002,GX ML002 BHZ ,25.090000,109.000000,0.0,70000000000.0,,
FJ,H2005,FJ H2005 BHZ ,27.120000,117.860000,0.0,70000000000.0,,
QH,B0077,QH B0077 BHZ ,36.100000,102.360000,0.0,70000000000.0,,
NX,B0018,NX B0018 BHZ ,38.750000,106.410000,0.0,70000000000.0,,
HA,E0001,HA E0001 BHZ ,35.530000,114.800000,0.0,70000000000.0,,
GD,M0309,GD M0309 BHZ ,24.650000,116.440000,0.0,70000000000.0,,
SC,R2302,SC R2302 BHZ ,30.910000,106.530000,0.0,70000000000.0,,
SD,J0025,SD J0025 BHZ ,35.810000,117.630000,0.0,70000000000.0,,
GD,J8301,GD J8301 BHZ ,22.490000,112.560000,0.0,70000000000.0,,
SD,J001D,SD J001D BHZ ,35.830000,117.710000,0.0,70000000000.0,,
GD,DC005,GD DC005 BHZ ,23.570000,116.820000,0.0,70000000000.0,,
GD,P2113,GD P2113 BHZ ,23.420000,115.320000,0.0,70000000000.0,,
SD,AL003,SD AL003 BHZ ,36.650000,117.220000,0.0,70000000000.0,,
SC,51ZG2,SC 51ZG2 BHZ ,29.340000,104.740000,0.0,70000000000.0,,
YN,C0232,YN C0232 BHZ ,27.300000,103.540000,0.0,70000000000.0,,
XZ,C0004,XZ C0004 BHZ ,29.280000,91.100000,0.0,70000000000.0,,
GS,K0100,GS K0100 BHZ ,33.070000,104.820000,0.0,70000000000.0,,
GS,D0029,GS D0029 BHZ ,37.080000,104.060000,0.0,70000000000.0,,
HI,DB001,HI DB001 BHZ ,19.230000,109.450000,0.0,70000000000.0,,
XJ,A0007,XJ A0007 BHZ ,43.670000,87.760000,0.0,70000000000.0,,
YN,P2416,YN P2416 BHZ ,27.420000,100.790000,0.0,70000000000.0,,
FJ,J7010,FJ J7010 BHZ ,27.190000,119.660000,0.0,70000000000.0,,
SC,EBDB,SC EBDB BHZ ,29.100000,103.170000,0.0,70000000000.0,,
YN,SGM02,YN SGM02 BHZ ,23.760000,99.590000,0.0,70000000000.0,,
SD,R0004,SD R0004 BHZ ,34.700000,115.490000,0.0,70000000000.0,,
XJ,A0008,XJ A0008 BHZ ,43.660000,87.770000,0.0,70000000000.0,,
HL,E0005,HL E0005 BHZ ,46.040000,124.800000,0.0,70000000000.0,,
GS,E000A,GS E000A BHZ ,34.670000,105.260000,0.0,70000000000.0,,
QH,A0048,QH A0048 BHZ ,36.690000,101.290000,0.0,70000000000.0,,
GD,L2301,GD L2301 BHZ ,23.220000,115.010000,0.0,70000000000.0,,
HE,A0103,HE A0103 BHZ ,37.800000,114.840000,0.0,70000000000.0,,
SD,Q0058,SD Q0058 BHZ ,35.950000,118.740000,0.0,70000000000.0,,
SC,E2401,SC E2401 BHZ ,27.880000,105.270000,0.0,70000000000.0,,
GX,DT002,GX DT002 BHZ ,23.910000,110.550000,0.0,70000000000.0,,
YN,P2201,YN P2201 BHZ ,26.280000,101.000000,0.0,70000000000.0,,
QH,B0059,QH B0059 BHZ ,36.990000,102.250000,0.0,70000000000.0,,
GD,L2204,GD L2204 BHZ ,23.250000,114.200000,0.0,70000000000.0,,
SC,Z2303,SC Z2303 BHZ ,29.610000,103.220000,0.0,70000000000.0,,
GD,N2111,GD N2111 BHZ ,22.830000,115.030000,0.0,70000000000.0,,
HE,J0019,HE J0019 BHZ ,38.180000,117.590000,0.0,70000000000.0,,
XJ,A0011,XJ A0011 BHZ ,43.950000,88.000000,0.0,70000000000.0,,
QH,C0014,QH C0014 BHZ ,37.170000,102.150000,0.0,70000000000.0,,
FJ,H8001,FJ H8001 BHZ ,27.680000,118.140000,0.0,70000000000.0,,
GS,J0061,GS J0061 BHZ ,35.030000,103.820000,0.0,70000000000.0,,
SD,R002A,SD R002A BHZ ,35.000000,115.700000,0.0,70000000000.0,,
SC,B2205,SC B2205 BHZ ,31.250000,104.880000,0.0,70000000000.0,,
SC,B0306,SC B0306 BHZ ,31.570000,104.660000,0.0,70000000000.0,,
NX,XQYYH,NX XQYYH BHZ ,38.610000,106.600000,0.0,70000000000.0,,
HE,A0089,HE A0089 BHZ ,38.370000,114.750000,0.0,70000000000.0,,
SC,V3371,SC V3371 BHZ ,31.900000,100.850000,0.0,70000000000.0,,
YN,LW001,YN LW001 BHZ ,25.360000,100.030000,0.0,70000000000.0,,
SC,U0101,SC U0101 BHZ ,32.070000,103.050000,0.0,70000000000.0,,
YN,PY003,YN PY003 BHZ ,26.760000,100.490000,0.0,70000000000.0,,
HE,D0060,HE D0060 BHZ ,36.370000,114.160000,0.0,70000000000.0,,
NX,A0017,NX A0017 BHZ ,38.160000,106.580000,0.0,70000000000.0,,
GS,P0035,GS P0035 BHZ ,34.100000,103.170000,0.0,70000000000.0,,
GD,V0302,GD V0302 BHZ ,23.660000,116.280000,0.0,70000000000.0,,
FJ,J1011,FJ J1011 BHZ ,26.680000,120.000000,0.0,70000000000.0,,
SC,D2213,SC D2213 BHZ ,26.610000,101.960000,0.0,70000000000.0,,
XJ,N0005,XJ N0005 BHZ ,41.740000,80.630000,0.0,70000000000.0,,
GD,H8410,GD H8410 BHZ ,23.330000,112.660000,0.0,70000000000.0,,
SC,T2272,SC T2272 BHZ ,29.770000,102.880000,0.0,70000000000.0,,
SC,VK003,SC VK003 BHZ ,30.220000,102.230000,0.0,70000000000.0,,
YN,LY002,YN LY002 BHZ ,26.080000,99.120000,0.0,70000000000.0,,
YN,J2203,YN J2203 BHZ ,23.320000,101.560000,0.0,70000000000.0,,
YN,C2517,YN C2517 BHZ ,27.710000,103.420000,0.0,70000000000.0,,
YN,S2605,YN S2605 BHZ ,23.630000,99.240000,0.0,70000000000.0,,
XJ,NX001,XJ NX001 BHZ ,41.550000,82.610000,0.0,70000000000.0,,
GS,J0007,GS J0007 BHZ ,35.560000,104.640000,0.0,70000000000.0,,
GS,N0021,GS N0021 BHZ ,35.450000,103.250000,0.0,70000000000.0,,
NX,D0035,NX D0035 BHZ ,35.840000,105.650000,0.0,70000000000.0,,
QH,C0017,QH C0017 BHZ ,37.260000,102.140000,0.0,70000000000.0,,
XJ,E002C,XJ E002C BHZ ,44.760000,81.410000,0.0,70000000000.0,,
HE,D0063,HE D0063 BHZ ,36.590000,114.610000,0.0,70000000000.0,,
GS,G000E,GS G000E BHZ ,38.640000,101.130000,0.0,70000000000.0,,
FJ,PTDT,FJ PTDT BHZ ,25.260000,119.270000,0.0,70000000000.0,,
QH,F0025,QH F0025 BHZ ,34.530000,100.020000,0.0,70000000000.0,,
YN,P2303,YN P2303 BHZ ,26.600000,101.060000,0.0,70000000000.0,,
XJ,NK004,XJ NK004 BHZ ,41.750000,83.240000,0.0,70000000000.0,,
ZJ,CC001,ZJ CC001 BHZ ,27.490000,120.420000,0.0,70000000000.0,,
SC,B2203,SC B2203 BHZ ,31.040000,104.860000,0.0,70000000000.0,,
SC,A1403,SC A1403 BHZ ,30.840000,104.150000,0.0,70000000000.0,,
HE,ZDN,HE ZDN BHZ ,38.150000,114.580000,0.0,70000000000.0,,
YN,SUB,YN SUB BHZ ,24.650000,101.610000,0.0,70000000000.0,,
GD,W2101,GD W2101 BHZ ,22.770000,112.230000,0.0,70000000000.0,,
YN,MCN03,YN MCN03 BHZ ,24.880000,99.650000,0.0,70000000000.0,,
HE,D0028,HE D0028 BHZ ,36.780000,115.080000,0.0,70000000000.0,,
SC,C2201,SC C2201 BHZ ,29.030000,105.070000,0.0,70000000000.0,,
SD,H0054,SD H0054 BHZ ,35.000000,116.930000,0.0,70000000000.0,,
NX,EH003,NX EH003 BHZ ,36.670000,105.230000,0.0,70000000000.0,,
XJ,P003F,XJ P003F BHZ ,40.290000,77.340000,0.0,70000000000.0,,
FJ,G5006,FJ G5006 BHZ ,25.940000,117.890000,0.0,70000000000.0,,
NX,B001D,NX B001D BHZ ,39.290000,106.680000,0.0,70000000000.0,,
GS,CY001,GS CY001 BHZ ,38.140000,101.980000,0.0,70000000000.0,,
GS,JGTSG,GS JGTSG BHZ ,37.540000,103.880000,0.0,70000000000.0,,
FJ,A7007,FJ A7007 BHZ ,26.390000,119.650000,0.0,70000000000.0,,
YN,MLY01,YN MLY01 BHZ ,25.120000,99.150000,0.0,70000000000.0,,
SC,A8503,SC A8503 BHZ ,30.270000,104.520000,0.0,70000000000.0,,
XJ,Q005D,XJ Q005D BHZ ,39.560000,75.540000,0.0,70000000000.0,,
GD,D1406,GD D1406 BHZ ,23.250000,116.460000,0.0,70000000000.0,,
SC,D2107,SC D2107 BHZ ,26.840000,101.760000,0.0,70000000000.0,,
GS,HL202,GS HL202 BHZ ,37.780000,102.750000,0.0,70000000000.0,,
FJ,E6505,FJ E6505 BHZ ,24.800000,117.780000,0.0,70000000000.0,,
YN,C3004,YN C3004 BHZ ,28.610000,104.400000,0.0,70000000000.0,,
XJ,Q0092,XJ Q0092 BHZ ,39.020000,76.160000,0.0,70000000000.0,,
HE,E0025,HE E0025 BHZ ,37.300000,115.570000,0.0,70000000000.0,,
HE,J0002,HE J0002 BHZ ,38.000000,116.210000,0.0,70000000000.0,,
QH,BP040,QH BP040 BHZ ,36.540000,101.950000,0.0,70000000000.0,,
XJ,F001D,XJ F001D BHZ ,43.220000,82.620000,0.0,70000000000.0,,
SD,H003B,SD H003B BHZ ,35.730000,117.170000,0.0,70000000000.0,,
XJ,HCXLS,XJ HCXLS BHZ ,43.930000,80.490000,0.0,70000000000.0,,
GD,J0301,GD J0301 BHZ ,22.600000,113.030000,0.0,70000000000.0,,
FJ,A9013,FJ A9013 BHZ ,26.220000,118.850000,0.0,70000000000.0,,
YN,L0104,YN L0104 BHZ ,25.960000,100.130000,0.0,70000000000.0,,
HA,ET001,HA ET001 BHZ ,35.920000,114.330000,0.0,70000000000.0,,
HA,B001E,HA B001E BHZ ,34.870000,114.490000,0.0,70000000000.0,,
FJ,A6008,FJ A6008 BHZ ,26.270000,118.880000,0.0,70000000000.0,,
GX,HY001,GX HY001 BHZ ,24.980000,109.980000,0.0,70000000000.0,,
GD,G8111,GD G8111 BHZ ,21.890000,110.340000,0.0,70000000000.0,,
XJ,HTTZ0,XJ HTTZ0 BHZ ,37.160000,79.060000,0.0,70000000000.0,,
SD,P0049,SD P0049 BHZ ,36.020000,115.860000,0.0,70000000000.0,,
SD,TZH,SD TZH BHZ ,34.890000,117.350000,0.0,70000000000.0,,
GS,P001B,GS P001B BHZ ,34.610000,103.070000,0.0,70000000000.0,,
SD,C002D,SD C002D BHZ ,36.860000,118.140000,0.0,70000000000.0,,
QH,QILYN,QH QILYN BHZ ,38.490000,99.550000,0.0,70000000000.0,,
GS,JZ001,GS JZ001 BHZ ,34.860000,104.540000,0.0,70000000000.0,,
YN,CYS02,YN CYS02 BHZ ,28.230000,103.640000,0.0,70000000000.0,,
XJ,F0083,XJ F0083 BHZ ,43.960000,81.670000,0.0,70000000000.0,,
GS,FG001,GS FG001 BHZ ,40.460000,96.510000,0.0,70000000000.0,,
HE,D0062,HE D0062 BHZ ,36.580000,114.660000,0.0,70000000000.0,,
GS,N0007,GS N0007 BHZ ,35.620000,103.550000,0.0,70000000000.0,,
SC,51DJH,SC 51DJH BHZ ,31.110000,103.650000,0.0,70000000000.0,,
XJ,Q0094,XJ Q0094 BHZ ,39.190000,76.830000,0.0,70000000000.0,,
SC,A8511,SC A8511 BHZ ,30.420000,104.800000,0.0,70000000000.0,,
SD,H004A,SD H004A BHZ ,34.980000,116.560000,0.0,70000000000.0,,
XJ,N005F,XJ N005F BHZ ,40.370000,80.780000,0.0,70000000000.0,,
HE,J0001,HE J0001 BHZ ,38.010000,116.300000,0.0,70000000000.0,,
SD,A000F,SD A000F BHZ ,37.180000,117.260000,0.0,70000000000.0,,
XJ,F0095,XJ F0095 BHZ ,42.810000,80.810000,0.0,70000000000.0,,
XJ,Q0088,XJ Q0088 BHZ ,38.860000,76.260000,0.0,70000000000.0,,
YN,J2801,YN J2801 BHZ ,23.200000,99.730000,0.0,70000000000.0,,
YN,S2313,YN S2313 BHZ ,23.870000,99.210000,0.0,70000000000.0,,
SD,M0038,SD M0038 BHZ ,37.400000,118.080000,0.0,70000000000.0,,
YN,DOC,YN DOC BHZ ,26.090000,103.190000,0.0,70000000000.0,,
TJ,A0069,TJ A0069 BHZ ,39.240000,117.810000,0.0,70000000000.0,,
XJ,P0045,XJ P0045 BHZ ,40.280000,76.730000,0.0,70000000000.0,,
XJ,AM003,XJ AM003 BHZ ,43.920000,87.620000,0.0,70000000000.0,,
QH,B0085,QH B0085 BHZ ,35.890000,102.330000,0.0,70000000000.0,,
QH,C0062,QH C0062 BHZ ,37.120000,100.620000,0.0,70000000000.0,,
HE,F0069,HE F0069 BHZ ,38.870000,115.300000,0.0,70000000000.0,,
XJ,Q0039,XJ Q0039 BHZ ,39.470000,76.280000,0.0,70000000000.0,,
HE,F0034,HE F0034 BHZ ,39.060000,114.000000,0.0,70000000000.0,,
GS,A0005,GS A0005 BHZ ,36.310000,102.920000,0.0,70000000000.0,,
HE,FX001,HE FX001 BHZ ,38.530000,115.000000,0.0,70000000000.0,,
HE,B1002,HE B1002 BHZ ,39.390000,118.090000,0.0,70000000000.0,,
QH,C0021,QH C0021 BHZ ,37.270000,101.830000,0.0,70000000000.0,,
GS,K0082,GS K0082 BHZ ,34.000000,104.930000,0.0,70000000000.0,,
QH,E0015,QH E0015 BHZ ,35.850000,101.500000,0.0,70000000000.0,,
CQ,A0001,CQ A0001 BHZ ,29.560000,106.560000,0.0,70000000000.0,,
GD,H0410,GD H0410 BHZ ,22.950000,112.460000,0.0,70000000000.0,,
FJ,H9012,FJ H9012 BHZ ,26.960000,118.460000,0.0,70000000000.0,,
YN,M2309,YN M2309 BHZ ,24.440000,98.730000,0.0,70000000000.0,,
FJ,C5613,FJ C5613 BHZ ,25.690000,118.080000,0.0,70000000000.0,,
LN,B006E,LN B006E BHZ ,39.890000,123.150000,0.0,70000000000.0,,
SC,MY001,SC MY001 BHZ ,30.100000,104.680000,0.0,70000000000.0,,
SC,KDKY,SC KDKY BHZ ,30.520000,102.070000,0.0,70000000000.0,,
SD,R0010,SD R0010 BHZ ,34.960000,115.400000,0.0,70000000000.0,,
SC,U2102,SC U2102 BHZ ,30.990000,103.430000,0.0,70000000000.0,,
NX,E001A,NX E001A BHZ ,36.420000,105.970000,0.0,70000000000.0,,
XJ,N0047,XJ N0047 BHZ ,41.450000,82.800000,0.0,70000000000.0,,
YN,JZ001,YN JZ001 BHZ ,23.700000,100.970000,0.0,70000000000.0,,
HE,E0038,HE E0038 BHZ ,37.590000,115.070000,0.0,70000000000.0,,
LN,B006A,LN B006A BHZ ,39.790000,122.600000,0.0,70000000000.0,,
FJ,J7016,FJ J7016 BHZ ,27.150000,119.430000,0.0,70000000000.0,,
GS,N004A,GS N004A BHZ ,35.650000,103.150000,0.0,70000000000.0,,
YN,C2423,YN C2423 BHZ ,27.910000,104.000000,0.0,70000000000.0,,
LN,C0017,LN C0017 BHZ ,40.280000,123.010000,0.0,70000000000.0,,
XJ,Q0013,XJ Q0013 BHZ ,39.370000,77.910000,0.0,70000000000.0,,
YN,E0113,YN E0113 BHZ ,24.770000,101.100000,0.0,70000000000.0,,
SD,M0017,SD M0017 BHZ ,37.270000,117.600000,0.0,70000000000.0,,
XJ,P006C,XJ P006C BHZ ,39.790000,74.850000,0.0,70000000000.0,,
HE,R0039,HE R0039 BHZ ,39.170000,116.540000,0.0,70000000000.0,,
SC,Q2805,SC Q2805 BHZ ,28.270000,104.950000,0.0,70000000000.0,,
NM,C0006,NM C0006 BHZ ,39.130000,106.900000,0.0,70000000000.0,,
GS,H0011,GS H0011 BHZ ,39.010000,103.680000,0.0,70000000000.0,,
SC,V2904,SC V2904 BHZ ,30.840000,100.690000,0.0,70000000000.0,,
GS,K0012,GS K0012 BHZ ,33.400000,105.470000,0.0,70000000000.0,,
GD,G0402,GD G0402 BHZ ,21.390000,110.450000,0.0,70000000000.0,,
HE,J0030,HE J0030 BHZ ,38.520000,117.250000,0.0,70000000000.0,,
QH,DARJM,QH DARJM BHZ ,33.730000,99.650000,0.0,70000000000.0,,
GD,M8101,GD M8101 BHZ ,24.080000,115.750000,0.0,70000000000.0,,
GD,V8106,GD V8106 BHZ ,23.240000,115.950000,0.0,70000000000.0,,
LN,B004F,LN B004F BHZ ,39.510000,122.360000,0.0,70000000000.0,,
SC,B0403,SC B0403 BHZ ,31.430000,104.800000,0.0,70000000000.0,,
GD,T0002,GD T0002 BHZ ,22.500000,113.450000,0.0,70000000000.0,,
GS,PM002,GS PM002 BHZ ,33.650000,102.070000,0.0,70000000000.0,,
GD,A0601,GD A0601 BHZ ,23.200000,113.380000,0.0,70000000000.0,,
FJ,C5614,FJ C5614 BHZ ,25.690000,118.000000,0.0,70000000000.0,,
NX,BP002,NX BP002 BHZ ,38.890000,106.270000,0.0,70000000000.0,,
SX,B004C,SX B004C BHZ ,39.440000,114.320000,0.0,70000000000.0,,
GS,H001D,GS H001D BHZ ,38.160000,103.250000,0.0,70000000000.0,,
YN,G3004,YN G3004 BHZ ,22.820000,102.830000,0.0,70000000000.0,,
GS,H0019,GS H0019 BHZ ,38.860000,103.620000,0.0,70000000000.0,,
YN,C0228,YN C0228 BHZ ,27.180000,103.690000,0.0,70000000000.0,,
GD,V0307,GD V0307 BHZ ,23.580000,116.140000,0.0,70000000000.0,,
GS,K0053,GS K0053 BHZ ,33.700000,106.210000,0.0,70000000000.0,,
HE,B0071,HE B0071 BHZ ,39.960000,118.400000,0.0,70000000000.0,,
GD,P2214,GD P2214 BHZ ,24.190000,115.410000,0.0,70000000000.0,,
SX,M0037,SX M0037 BHZ ,35.620000,110.770000,0.0,70000000000.0,,
GD,G8105,GD G8105 BHZ ,21.740000,110.240000,0.0,70000000000.0,,
SC,J2303,SC J2303 BHZ ,30.610000,105.160000,0.0,70000000000.0,,
YN,S2312,YN S2312 BHZ ,24.030000,99.740000,0.0,70000000000.0,,
YN,LYP02,YN LYP02 BHZ ,25.260000,99.570000,0.0,70000000000.0,,
GD,GL006,GD GL006 BHZ ,20.940000,110.080000,0.0,70000000000.0,,
HA,JP002,HA JP002 BHZ ,35.700000,115.040000,0.0,70000000000.0,,
SC,ABJKH,SC ABJKH BHZ ,33.090000,102.100000,0.0,70000000000.0,,
FJ,C5509,FJ C5509 BHZ ,25.380000,118.280000,0.0,70000000000.0,,
QH,D0045,QH D0045 BHZ ,34.570000,101.640000,0.0,70000000000.0,,
SC,W3210,SC W3210 BHZ ,28.240000,102.560000,0.0,70000000000.0,,
SD,QF001,SD QF001 BHZ ,35.260000,117.960000,0.0,70000000000.0,,
JS,B0001,JS B0001 BHZ ,31.530000,120.280000,0.0,70000000000.0,,
XJ,B0046,XJ B0046 BHZ ,44.300000,86.190000,0.0,70000000000.0,,
FJ,J2002,FJ J2002 BHZ ,26.590000,118.740000,0.0,70000000000.0,,
GD,P2203,GD P2203 BHZ ,24.410000,115.440000,0.0,70000000000.0,,
SC,W3407,SC W3407 BHZ ,28.640000,102.530000,0.0,70000000000.0,,
HE,T0011,HE T0011 BHZ ,37.250000,115.860000,0.0,70000000000.0,,
GD,D1401,GD D1401 BHZ ,23.150000,116.310000,0.0,70000000000.0,,
QH,TODGB,QH TODGB BHZ ,35.350000,100.510000,0.0,70000000000.0,,
GS,JYGYQ,GS JYGYQ BHZ ,39.850000,98.170000,0.0,70000000000.0,,
SC,U3004,SC U3004 BHZ ,31.800000,101.070000,0.0,70000000000.0,,
YN,C2608,YN C2608 BHZ ,28.650000,104.250000,0.0,70000000000.0,,
FJ,DT001,FJ DT001 BHZ ,24.720000,118.130000,0.0,70000000000.0,,
FJ,ZPGL,FJ ZPGL BHZ ,23.720000,117.590000,0.0,70000000000.0,,
SX,M0034,SX M0034 BHZ ,35.670000,110.750000,0.0,70000000000.0,,
XJ,NA001,XJ NA001 BHZ ,41.190000,80.260000,0.0,70000000000.0,,
SD,R000B,SD R000B BHZ ,34.840000,115.620000,0.0,70000000000.0,,
XJ,F0022,XJ F0022 BHZ ,43.580000,82.570000,0.0,70000000000.0,,
SC,JCLW,SC JCLW BHZ ,31.480000,102.060000,0.0,70000000000.0,,
YN,E2405,YN E2405 BHZ ,25.160000,101.020000,0.0,70000000000.0,,
FJ,C5102,FJ C5102 BHZ ,25.160000,118.640000,0.0,70000000000.0,,
GX,GJ003,GX GJ003 BHZ ,24.180000,110.370000,0.0,70000000000.0,,
FJ,H0005,FJ H0005 BHZ ,26.490000,118.290000,0.0,70000000000.0,,
FJ,B4005,FJ B4005 BHZ ,25.590000,118.580000,0.0,70000000000.0,,
FJ,XMJM,FJ XMJM BHZ ,24.650000,117.970000,0.0,70000000000.0,,
HE,E0030,HE E0030 BHZ ,37.190000,114.550000,0.0,70000000000.0,,
GS,E0063,GS E0063 BHZ ,35.030000,106.120000,0.0,70000000000.0,,
SC,MEKCD,SC MEKCD BHZ ,32.190000,101.830000,0.0,70000000000.0,,
GS,FG215,GS FG215 BHZ ,40.500000,96.710000,0.0,70000000000.0,,
YN,C2911,YN C2911 BHZ ,27.870000,104.870000,0.0,70000000000.0,,
FJ,FQJY,FJ FQJY BHZ ,25.530000,119.310000,0.0,70000000000.0,,
SC,B2601,SC B2601 BHZ ,31.940000,104.590000,0.0,70000000000.0,,
SD,R0032,SD R0032 BHZ ,35.020000,115.080000,0.0,70000000000.0,,
XZ,A0023,XZ A0023 BHZ ,29.550000,90.020000,0.0,70000000000.0,,
TJ,GUG,TJ GUG BHZ ,38.930000,117.500000,0.0,70000000000.0,,
YN,C2412,YN C2412 BHZ ,28.050000,103.860000,0.0,70000000000.0,,
GS,D0028,GS D0028 BHZ ,36.910000,103.900000,0.0,70000000000.0,,
NX,C0016,NX C0016 BHZ ,37.990000,106.020000,0.0,70000000000.0,,
GD,L2308,GD L2308 BHZ ,22.790000,114.910000,0.0,70000000000.0,,
SC,B2712,SC B2712 BHZ ,32.230000,104.110000,0.0,70000000000.0,,
FJ,J6001,FJ J6001 BHZ ,27.240000,119.820000,0.0,70000000000.0,,
SD,C0037,SD C0037 BHZ ,36.540000,118.150000,0.0,70000000000.0,,
GD,G2511,GD G2511 BHZ ,20.460000,110.220000,0.0,70000000000.0,,
GS,SUNHU,GS SUNHU BHZ ,38.000000,101.960000,0.0,70000000000.0,,
XZ,AD002,XZ AD002 BHZ ,29.670000,91.350000,0.0,70000000000.0,,
GS,N0051,GS N0051 BHZ ,35.490000,103.150000,0.0,70000000000.0,,
YN,C2727,YN C2727 BHZ ,27.520000,104.690000,0.0,70000000000.0,,
YN,RX002,YN RX002 BHZ ,28.060000,99.770000,0.0,70000000000.0,,
SC,W3306,SC W3306 BHZ ,28.460000,102.070000,0.0,70000000000.0,,
GS,E0030,GS E0030 BHZ ,34.460000,105.510000,0.0,70000000000.0,,
XJ,FN008,XJ FN008 BHZ ,43.770000,83.260000,0.0,70000000000.0,,
SD,QS001,SD QS001 BHZ ,35.230000,118.310000,0.0,70000000000.0,,
GD,GS001,GD GS001 BHZ ,21.180000,110.080000,0.0,70000000000.0,,
YN,DF002,YN DF002 BHZ ,25.680000,104.250000,0.0,70000000000.0,,
HE,J0011,HE J0011 BHZ ,38.180000,117.080000,0.0,70000000000.0,,
FJ,FDGL,FJ FDGL BHZ ,27.370000,120.240000,0.0,70000000000.0,,
NX,E000B,NX E000B BHZ ,36.670000,105.830000,0.0,70000000000.0,,
YN,E3103,YN E3103 BHZ ,25.050000,101.990000,0.0,70000000000.0,,
YN,K2202,YN K2202 BHZ ,21.700000,100.410000,0.0,70000000000.0,,
GS,PT001,GS PT001 BHZ ,34.960000,103.660000,0.0,70000000000.0,,
XJ,Q0042,XJ Q0042 BHZ ,39.140000,78.030000,0.0,70000000000.0,,
GD,Q2105,GD Q2105 BHZ ,21.730000,111.710000,0.0,70000000000.0,,
GS,AY002,GS AY002 BHZ ,36.970000,103.350000,0.0,70000000000.0,,
HE,E0024,HE E0024 BHZ ,37.120000,115.530000,0.0,70000000000.0,,
GD,UR003,GD UR003 BHZ ,23.700000,116.870000,0.0,70000000000.0,,
YN,LE001,YN LE001 BHZ ,26.250000,99.980000,0.0,70000000000.0,,
YN,K0103,YN K0103 BHZ ,22.040000,101.010000,0.0,70000000000.0,,
YN,J2417,YN J2417 BHZ ,23.420000,100.670000,0.0,70000000000.0,,
XZ,A0006,XZ A0006 BHZ ,29.640000,91.150000,0.0,70000000000.0,,
QH,DH027,QH DH027 BHZ ,34.480000,102.140000,0.0,70000000000.0,,
SD,G0052,SD G0052 BHZ ,37.020000,118.610000,0.0,70000000000.0,,
FJ,A0028,FJ A0028 BHZ ,25.670000,119.370000,0.0,70000000000.0,,
FJ,C5601,FJ C5601 BHZ ,25.570000,118.300000,0.0,70000000000.0,,
SD,A0018,SD A0018 BHZ ,37.490000,117.240000,0.0,70000000000.0,,
SN,F0013,SN F0013 BHZ ,32.820000,105.770000,0.0,70000000000.0,,
QH,C0064,QH C0064 BHZ ,37.100000,100.670000,0.0,70000000000.0,,
XJ,AM004,XJ AM004 BHZ ,43.900000,87.710000,0.0,70000000000.0,,
HE,A0081,HE A0081 BHZ ,37.750000,115.230000,0.0,70000000000.0,,
HE,D0007,HE D0007 BHZ ,36.230000,114.700000,0.0,70000000000.0,,
XJ,BH002,XJ BH002 BHZ ,44.550000,86.730000,0.0,70000000000.0,,
XJ,A0036,XJ A0036 BHZ ,43.870000,87.790000,0.0,70000000000.0,,
HA,A0022,HA A0022 BHZ ,34.810000,113.930000,0.0,70000000000.0,,
NX,E0022,NX E0022 BHZ ,36.810000,105.400000,0.0,70000000000.0,,
XJ,F0047,XJ F0047 BHZ ,43.530000,82.900000,0.0,70000000000.0,,
YN,C2234,YN C2234 BHZ ,26.750000,103.330000,0.0,70000000000.0,,
GS,N0032,GS N0032 BHZ ,35.270000,103.610000,0.0,70000000000.0,,
SN,FEGSS,SN FEGSS BHZ ,33.910000,106.510000,0.0,70000000000.0,,
SN,E0067,SN E0067 BHZ ,35.320000,110.220000,0.0,70000000000.0,,
SC,WN003,SC WN003 BHZ ,28.210000,102.070000,0.0,70000000000.0,,
XJ,Q004A,XJ Q004A BHZ ,39.220000,77.930000,0.0,70000000000.0,,
XJ,Q00AD,XJ Q00AD BHZ ,39.820000,79.260000,0.0,70000000000.0,,
XJ,BF002,XJ BF002 BHZ ,44.010000,88.000000,0.0,70000000000.0,,
GD,JEX,GD JEX BHZ ,23.520000,115.970000,0.0,70000000000.0,,
YN,E2402,YN E2402 BHZ ,25.090000,100.790000,0.0,70000000000.0,,
XZ,A0050,XZ A0050 BHZ ,29.830000,91.490000,0.0,70000000000.0,,
SC,QCH,SC QCH BHZ ,32.590000,105.230000,0.0,70000000000.0,,
SC,A8404,SC A8404 BHZ ,30.760000,103.670000,0.0,70000000000.0,,
HE,R0034,HE R0034 BHZ ,38.990000,116.690000,0.0,70000000000.0,,
YN,J2311,YN J2311 BHZ ,24.490000,100.940000,0.0,70000000000.0,,
XJ,YNIKL,XJ YNIKL BHZ ,44.090000,81.560000,0.0,70000000000.0,,
XJ,N000F,XJ N000F BHZ ,41.350000,80.290000,0.0,70000000000.0,,
SD,P001E,SD P001E BHZ ,36.650000,115.930000,0.0,70000000000.0,,
XJ,GAZ,XJ GAZ BHZ ,43.530000,88.580000,0.0,70000000000.0,,
GS,E003B,GS E003B BHZ ,34.820000,106.370000,0.0,70000000000.0,,
HL,DNIZZ,HL DNIZZ BHZ ,44.060000,131.090000,0.0,70000000000.0,,
GD,N2301,GD N2301 BHZ ,23.190000,115.640000,0.0,70000000000.0,,
YN,N0202,YN N0202 BHZ ,24.060000,97.760000,0.0,70000000000.0,,
GD,U2201,GD U2201 BHZ ,23.920000,116.890000,0.0,70000000000.0,,
XJ,P0010,XJ P0010 BHZ ,38.910000,74.070000,0.0,70000000000.0,,
GD,U0308,GD U0308 BHZ ,23.520000,116.600000,0.0,70000000000.0,,
GD,KD002,GD KD002 BHZ ,21.580000,111.380000,0.0,70000000000.0,,
XJ,E0006,XJ E0006 BHZ ,44.950000,81.720000,0.0,70000000000.0,,
GD,P2509,GD P2509 BHZ ,24.070000,114.860000,0.0,70000000000.0,,
QH,BP042,QH BP042 BHZ ,36.490000,102.130000,0.0,70000000000.0,,
NX,A0029,NX A0029 BHZ ,38.520000,106.320000,0.0,70000000000.0,,
XJ,P0059,XJ P0059 BHZ ,39.980000,74.310000,0.0,70000000000.0,,
YN,CWX01,YN CWX01 BHZ ,27.790000,104.960000,0.0,70000000000.0,,
GS,E0034,GS E0034 BHZ ,34.450000,105.420000,0.0,70000000000.0,,
NX,HYU,NX HYU BHZ ,36.500000,105.600000,0.0,70000000000.0,,
GX,GX002,GX GX002 BHZ ,23.980000,109.840000,0.0,70000000000.0,,
HE,E0050,HE E0050 BHZ ,36.950000,114.550000,0.0,70000000000.0,,
SC,C0403,SC C0403 BHZ ,29.400000,104.780000,0.0,70000000000.0,,
GD,TH001,GD TH001 BHZ ,22.560000,113.470000,0.0,70000000000.0,,
YN,E2206,YN E2206 BHZ ,24.740000,101.840000,0.0,70000000000.0,,
GD,N0201,GD N0201 BHZ ,22.740000,115.460000,0.0,70000000000.0,,
FJ,ZPCH,FJ ZPCH BHZ ,24.140000,117.870000,0.0,70000000000.0,,
HE,BA001,HE BA001 BHZ ,39.620000,118.180000,0.0,70000000000.0,,
JS,B0003,JS B0003 BHZ ,31.550000,119.740000,0.0,70000000000.0,,
SC,Z2501,SC Z2501 BHZ ,29.870000,103.950000,0.0,70000000000.0,,
HE,XTT,HE XTT BHZ ,37.120000,114.310000,0.0,70000000000.0,,
GS,K0017,GS K0017 BHZ ,32.850000,105.320000,0.0,70000000000.0,,
YN,NAJ,YN NAJ BHZ ,25.050000,100.520000,0.0,70000000000.0,,
FJ,C5418,FJ C5418 BHZ ,25.140000,118.160000,0.0,70000000000.0,,
SC,WJ001,SC WJ001 BHZ ,27.540000,103.200000,0.0,70000000000.0,,
SC,LJBMG,SC LJBMG BHZ ,31.270000,104.460000,0.0,70000000000.0,,
SD,AZ001,SD AZ001 BHZ ,36.540000,117.000000,0.0,70000000000.0,,
SC,J2202,SC J2202 BHZ ,30.870000,105.470000,0.0,70000000000.0,,
GS,J006B,GS J006B BHZ ,34.870000,104.360000,0.0,70000000000.0,,
XJ,F0036,XJ F0036 BHZ ,44.140000,80.830000,0.0,70000000000.0,,
QH,E0005,QH E0005 BHZ ,36.510000,100.750000,0.0,70000000000.0,,
XJ,EW002,XJ EW002 BHZ ,45.080000,81.660000,0.0,70000000000.0,,
QH,HG035,QH HG035 BHZ ,36.790000,93.670000,0.0,70000000000.0,,
FJ,BX001,FJ BX001 BHZ ,25.330000,118.690000,0.0,70000000000.0,,
YN,G3101,YN G3101 BHZ ,22.640000,102.150000,0.0,70000000000.0,,
GS,P003A,GS P003A BHZ ,33.820000,103.870000,0.0,70000000000.0,,
QH,FD057,QH FD057 BHZ ,33.300000,100.430000,0.0,70000000000.0,,
GS,GUZLY,GS GUZLY BHZ ,41.090000,95.500000,0.0,70000000000.0,,
XJ,Q004B,XJ Q004B BHZ ,38.770000,77.560000,0.0,70000000000.0,,
SD,E0008,SD E0008 BHZ ,37.260000,118.440000,0.0,70000000000.0,,
YN,P2104,YN P2104 BHZ ,26.680000,99.800000,0.0,70000000000.0,,
XJ,Q0026,XJ Q0026 BHZ ,39.710000,77.910000,0.0,70000000000.0,,
HE,E0056,HE E0056 BHZ ,37.270000,115.330000,0.0,70000000000.0,,
YN,L2905,YN L2905 BHZ ,25.740000,99.210000,0.0,70000000000.0,,
TJ,A0064,TJ A0064 BHZ ,39.580000,117.240000,0.0,70000000000.0,,
SD,M0011,SD M0011 BHZ ,37.640000,117.620000,0.0,70000000000.0,,
HE,F0024,HE F0024 BHZ ,38.300000,115.200000,0.0,70000000000.0,,
SC,UW002,SC UW002 BHZ ,30.920000,103.340000,0.0,70000000000.0,,
FJ,C5515,FJ C5515 BHZ ,25.480000,117.930000,0.0,70000000000.0,,
HE,D0034,HE D0034 BHZ ,36.800000,114.170000,0.0,70000000000.0,,
GS,J002A,GS J002A BHZ ,35.300000,104.800000,0.0,70000000000.0,,
FJ,LYSS,FJ LYSS BHZ ,26.470000,119.540000,0.0,70000000000.0,,
GS,PH002,GS PH002 BHZ ,34.670000,103.000000,0.0,70000000000.0,,
SD,P0005,SD P0005 BHZ ,36.490000,115.780000,0.0,70000000000.0,,
YN,M2302,YN M2302 BHZ ,24.730000,98.910000,0.0,70000000000.0,,
SC,W0106,SC W0106 BHZ ,27.680000,102.200000,0.0,70000000000.0,,
SN,E0069,SN E0069 BHZ ,35.300000,109.830000,0.0,70000000000.0,,
HE,R0009,HE R0009 BHZ ,39.150000,116.650000,0.0,70000000000.0,,
FJ,J2003,FJ J2003 BHZ ,26.650000,119.290000,0.0,70000000000.0,,
GS,K009F,GS K009F BHZ ,32.730000,105.120000,0.0,70000000000.0,,
SC,ABJED,SC ABJED BHZ ,33.040000,101.560000,0.0,70000000000.0,,
SC,UJ001,SC UJ001 BHZ ,30.790000,102.210000,0.0,70000000000.0,,
GS,FD001,GS FD001 BHZ ,40.140000,94.670000,0.0,70000000000.0,,
SC,SFBC,SC SFBC BHZ ,31.280000,104.000000,0.0,70000000000.0,,
GS,HNIDJ,GS HNIDJ BHZ ,35.520000,104.980000,0.0,70000000000.0,,
SX,C0012,SX C0012 BHZ ,37.780000,113.880000,0.0,70000000000.0,,
XJ,K0001,XJ K0001 BHZ ,42.830000,87.910000,0.0,70000000000.0,,
GS,E001D,GS E001D BHZ ,34.940000,105.610000,0.0,70000000000.0,,
SD,C0035,SD C0035 BHZ ,36.640000,117.760000,0.0,70000000000.0,,
XJ,P0062,XJ P0062 BHZ ,39.810000,74.780000,0.0,70000000000.0,,
XJ,B0015,XJ B0015 BHZ ,44.170000,88.070000,0.0,70000000000.0,,
XJ,N0050,XJ N0050 BHZ ,41.410000,79.810000,0.0,70000000000.0,,
QH,HG033,QH HG033 BHZ ,36.440000,95.750000,0.0,70000000000.0,,
SC,W2709,SC W2709 BHZ ,26.970000,102.750000,0.0,70000000000.0,,
SD,N004D,SD N004D BHZ ,37.420000,116.280000,0.0,70000000000.0,,
FJ,EZ001,FJ EZ001 BHZ ,24.110000,117.620000,0.0,70000000000.0,,
XJ,B0036,XJ B0036 BHZ ,44.030000,89.000000,0.0,70000000000.0,,
XJ,Q006D,XJ Q006D BHZ ,39.320000,76.340000,0.0,70000000000.0,,
SX,M0073,SX M0073 BHZ ,35.510000,111.660000,0.0,70000000000.0,,
HA,B0016,HA B0016 BHZ ,34.690000,114.380000,0.0,70000000000.0,,
GS,E004A,GS E004A BHZ ,34.640000,106.210000,0.0,70000000000.0,,
GS,KT003,GS KT003 BHZ ,34.050000,104.390000,0.0,70000000000.0,,
LN,B0028,LN B0028 BHZ ,39.690000,122.030000,0.0,70000000000.0,,
TJ,A0074,TJ A0074 BHZ ,39.070000,117.650000,0.0,70000000000.0,,
GS,HG002,GS HG002 BHZ ,37.460000,102.890000,0.0,70000000000.0,,
YN,E2202,YN E2202 BHZ ,24.470000,101.570000,0.0,70000000000.0,,
GS,PX001,GS PX001 BHZ ,34.810000,102.690000,0.0,70000000000.0,,
HE,NPH,HE NPH BHZ ,38.570000,117.580000,0.0,70000000000.0,,
SC,REGMX,SC REGMX BHZ ,34.020000,102.460000,0.0,70000000000.0,,
GS,D0012,GS D0012 BHZ ,35.760000,105.330000,0.0,70000000000.0,,
YN,M0213,YN M0213 BHZ ,25.000000,99.180000,0.0,70000000000.0,,
SD,A0035,SD A0035 BHZ ,36.760000,117.080000,0.0,70000000000.0,,
SC,51LSQ,SC 51LSQ BHZ ,29.210000,103.950000,0.0,70000000000.0,,
GD,PD003,GD PD003 BHZ ,24.100000,114.990000,0.0,70000000000.0,,
YN,P2301,YN P2301 BHZ ,26.490000,101.330000,0.0,70000000000.0,,
JS,AX001,JS AX001 BHZ ,32.120000,118.880000,0.0,70000000000.0,,
GS,JM001,GS JM001 BHZ ,34.540000,104.410000,0.0,70000000000.0,,
YN,J2315,YN J2315 BHZ ,24.310000,101.160000,0.0,70000000000.0,,
XJ,M0013,XJ M0013 BHZ ,42.300000,86.050000,0.0,70000000000.0,,
XJ,BPM,XJ BPM BHZ ,39.880000,76.840000,0.0,70000000000.0,,
QH,E0025,QH E0025 BHZ ,36.140000,101.060000,0.0,70000000000.0,,
YN,JJ001,YN JJ001 BHZ ,22.600000,101.460000,0.0,70000000000.0,,
FJ,A4003,FJ A4003 BHZ ,26.170000,119.270000,0.0,70000000000.0,,
YN,EYM01,YN EYM01 BHZ ,25.690000,101.860000,0.0,70000000000.0,,
XJ,Q00A3,XJ Q00A3 BHZ ,39.980000,79.040000,0.0,70000000000.0,,
FJ,E6703,FJ E6703 BHZ ,24.380000,117.280000,0.0,70000000000.0,,
FJ,LHLJ,FJ LHLJ BHZ ,24.290000,118.080000,0.0,70000000000.0,,
LN,B0025,LN B0025 BHZ ,39.770000,122.470000,0.0,70000000000.0,,
QH,C0019,QH C0019 BHZ ,37.240000,101.940000,0.0,70000000000.0,,
XJ,M0009,XJ M0009 BHZ ,42.760000,86.320000,0.0,70000000000.0,,
HE,F0025,HE F0025 BHZ ,38.770000,114.280000,0.0,70000000000.0,,
FJ,C5907,FJ C5907 BHZ ,25.010000,118.280000,0.0,70000000000.0,,
AH,BZ001,AH BZ001 BHZ ,31.120000,118.590000,0.0,70000000000.0,,
GD,T0004,GD T0004 BHZ ,22.670000,113.300000,0.0,70000000000.0,,
SN,E0041,SN E0041 BHZ ,34.870000,109.930000,0.0,70000000000.0,,
NX,E002E,NX E002E BHZ ,37.430000,104.320000,0.0,70000000000.0,,
SD,N0047,SD N0047 BHZ ,36.870000,116.530000,0.0,70000000000.0,,
SC,W3316,SC W3316 BHZ ,28.190000,102.110000,0.0,70000000000.0,,
SD,Q0050,SD Q0050 BHZ ,34.750000,118.250000,0.0,70000000000.0,,
SC,BXQQ,SC BXQQ BHZ ,30.700000,102.730000,0.0,70000000000.0,,
YN,P2111,YN P2111 BHZ ,26.990000,99.900000,0.0,70000000000.0,,
HE,F0133,HE F0133 BHZ ,39.240000,114.570000,0.0,70000000000.0,,
XJ,Q007A,XJ Q007A BHZ ,38.020000,75.080000,0.0,70000000000.0,,
FJ,J1014,FJ J1014 BHZ ,26.750000,120.060000,0.0,70000000000.0,,
HE,D0011,HE D0011 BHZ ,36.320000,115.260000,0.0,70000000000.0,,
SD,M0005,SD M0005 BHZ ,37.240000,118.260000,0.0,70000000000.0,,
GS,DY002,GS DY002 BHZ ,36.660000,104.380000,0.0,70000000000.0,,
NX,E001E,NX E001E BHZ ,37.410000,105.210000,0.0,70000000000.0,,
YN,S0207,YN S0207 BHZ ,23.910000,100.340000,0.0,70000000000.0,,
SC,XGLJ,SC XGLJ BHZ ,28.580000,100.330000,0.0,70000000000.0,,
FJ,F1024,FJ F1024 BHZ ,24.690000,116.630000,0.0,70000000000.0,,
YN,D2629,YN D2629 BHZ ,26.530000,103.100000,0.0,70000000000.0,,
YN,53YRH,YN 53YRH BHZ ,26.470000,101.020000,0.0,70000000000.0,,
FJ,C5607,FJ C5607 BHZ ,25.870000,118.270000,0.0,70000000000.0,,
GS,H0005,GS H0005 BHZ ,37.730000,103.000000,0.0,70000000000.0,,
XJ,FC003,XJ FC003 BHZ ,43.590000,81.240000,0.0,70000000000.0,,
LN,BW002,LN BW002 BHZ ,39.800000,121.650000,0.0,70000000000.0,,
HE,F0076,HE F0076 BHZ ,38.670000,115.370000,0.0,70000000000.0,,
QH,DAR,QH DAR BHZ ,33.730000,99.650000,0.0,70000000000.0,,
GS,E0035,GS E0035 BHZ ,34.220000,105.600000,0.0,70000000000.0,,
GS,GS205,GS GS205 BHZ ,38.100000,101.200000,0.0,70000000000.0,,
GD,V8104,GD V8104 BHZ ,23.250000,116.270000,0.0,70000000000.0,,
SC,US004,SC US004 BHZ ,32.920000,103.390000,0.0,70000000000.0,,
SD,M0009,SD M0009 BHZ ,36.950000,117.710000,0.0,70000000000.0,,
SD,N0027,SD N0027 BHZ ,36.510000,116.520000,0.0,70000000000.0,,
SD,HW001,SD HW001 BHZ ,35.730000,116.480000,0.0,70000000000.0,,
FJ,J7005,FJ J7005 BHZ ,27.040000,119.530000,0.0,70000000000.0,,
SC,B0571,SC B0571 BHZ ,31.740000,104.260000,0.0,70000000000.0,,
HA,E0022,HA E0022 BHZ ,36.000000,113.900000,0.0,70000000000.0,,
FJ,C5910,FJ C5910 BHZ ,25.130000,118.540000,0.0,70000000000.0,,
YN,J2206,YN J2206 BHZ ,23.670000,101.520000,0.0,70000000000.0,,
FJ,A8003,FJ A8003 BHZ ,26.530000,119.740000,0.0,70000000000.0,,
GS,H0004,GS H0004 BHZ ,37.240000,103.440000,0.0,70000000000.0,,
HE,B0109,HE B0109 BHZ ,39.750000,117.850000,0.0,70000000000.0,,
YN,G2902,YN G2902 BHZ ,23.290000,101.970000,0.0,70000000000.0,,
GS,K005C,GS K005C BHZ ,33.960000,106.000000,0.0,70000000000.0,,
SD,P0003,SD P0003 BHZ ,36.580000,115.880000,0.0,70000000000.0,,
SX,L0117,SX L0117 BHZ ,35.720000,111.760000,0.0,70000000000.0,,
XZ,C0022,XZ C0022 BHZ ,29.030000,92.130000,0.0,70000000000.0,,
QH,A0030,QH A0030 BHZ ,36.550000,101.320000,0.0,70000000000.0,,
QH,D0014,QH D0014 BHZ ,36.120000,101.750000,0.0,70000000000.0,,
LN,C0020,LN C0020 BHZ ,40.290000,122.930000,0.0,70000000000.0,,
SC,R0202,SC R0202 BHZ ,30.960000,106.120000,0.0,70000000000.0,,
QH,F0029,QH F0029 BHZ ,33.850000,100.120000,0.0,70000000000.0,,
SC,V3401,SC V3401 BHZ ,29.850000,100.350000,0.0,70000000000.0,,
GD,VH002,GD VH002 BHZ ,22.940000,116.380000,0.0,70000000000.0,,
GS,E004D,GS E004D BHZ ,34.740000,104.680000,0.0,70000000000.0,,
QH,B0076,QH B0076 BHZ ,35.940000,102.150000,0.0,70000000000.0,,
GX,AL002,GX AL002 BHZ ,23.040000,107.910000,0.0,70000000000.0,,
QH,QML,QH QML BHZ ,34.170000,95.830000,0.0,70000000000.0,,
SD,A0005,SD A0005 BHZ ,37.080000,117.000000,0.0,70000000000.0,,
SD,R000D,SD R000D BHZ ,34.870000,115.490000,0.0,70000000000.0,,
FJ,E6322,FJ E6322 BHZ ,24.050000,117.700000,0.0,70000000000.0,,
HE,F0057,HE F0057 BHZ ,39.320000,114.520000,0.0,70000000000.0,,
JS,B0002,JS B0002 BHZ ,31.570000,120.350000,0.0,70000000000.0,,
GS,E0026,GS E0026 BHZ ,34.800000,105.750000,0.0,70000000000.0,,
GS,FY207,GS FY207 BHZ ,40.130000,97.250000,0.0,70000000000.0,,
GS,K001C,GS K001C BHZ ,33.560000,104.650000,0.0,70000000000.0,,
HE,EX002,HE EX002 BHZ ,37.010000,114.190000,0.0,70000000000.0,,
HE,B0120,HE B0120 BHZ ,40.020000,117.800000,0.0,70000000000.0,,
YN,C2214,YN C2214 BHZ ,27.110000,103.260000,0.0,70000000000.0,,
SD,H0033,SD H0033 BHZ ,35.360000,116.580000,0.0,70000000000.0,,
YN,J2609,YN J2609 BHZ ,22.570000,101.870000,0.0,70000000000.0,,
SC,X0203,SC X0203 BHZ ,30.620000,106.610000,0.0,70000000000.0,,
XJ,A0001,XJ A0001 BHZ ,43.540000,88.480000,0.0,70000000000.0,,
HA,TQXCG,HA TQXCG BHZ ,35.980000,115.860000,0.0,70000000000.0,,
XJ,Q0079,XJ Q0079 BHZ ,38.140000,74.970000,0.0,70000000000.0,,
GS,FG216,GS FG216 BHZ ,40.440000,96.770000,0.0,70000000000.0,,
QH,DZ023,QH DZ023 BHZ ,35.040000,101.460000,0.0,70000000000.0,,
FJ,C5915,FJ C5915 BHZ ,25.200000,118.450000,0.0,70000000000.0,,
FJ,E6210,FJ E6210 BHZ ,23.950000,117.450000,0.0,70000000000.0,,
YN,KM009,YN KM009 BHZ ,21.450000,101.310000,0.0,70000000000.0,,
FJ,H0008,FJ H0008 BHZ ,26.690000,118.340000,0.0,70000000000.0,,
GS,K0071,GS K0071 BHZ ,33.980000,104.740000,0.0,70000000000.0,,
SC,UC002,SC UC002 BHZ ,31.550000,101.670000,0.0,70000000000.0,,
YN,C2311,YN C2311 BHZ ,28.210000,104.260000,0.0,70000000000.0,,
QH,B0048,QH B0048 BHZ ,36.950000,101.900000,0.0,70000000000.0,,
AH,D0007,AH D0007 BHZ ,32.150000,116.740000,0.0,70000000000.0,,
NX,D003D,NX D003D BHZ ,36.270000,106.160000,0.0,70000000000.0,,
SC,51LXK,SC 51LXK BHZ ,31.570000,103.340000,0.0,70000000000.0,,
SC,YBSL,SC YBSL BHZ ,28.470000,104.280000,0.0,70000000000.0,,
TJ,HAG,TJ HAG BHZ ,39.240000,117.790000,0.0,70000000000.0,,
GS,E0050,GS E0050 BHZ ,34.600000,104.900000,0.0,70000000000.0,,
GS,P0027,GS P0027 BHZ ,35.020000,103.700000,0.0,70000000000.0,,
GS,NK001,GS NK001 BHZ ,35.370000,103.710000,0.0,70000000000.0,,
YN,D2640,YN D2640 BHZ ,26.430000,103.620000,0.0,70000000000.0,,
GS,J004B,GS J004B BHZ ,35.320000,105.440000,0.0,70000000000.0,,
YN,LWS01,YN LWS01 BHZ ,25.240000,100.320000,0.0,70000000000.0,,
YN,C2804,YN C2804 BHZ ,27.560000,104.260000,0.0,70000000000.0,,
XJ,N005C,XJ N005C BHZ ,41.400000,79.550000,0.0,70000000000.0,,
QH,D0051,QH D0051 BHZ ,34.700000,101.470000,0.0,70000000000.0,,
YN,C2506,YN C2506 BHZ ,27.820000,103.730000,0.0,70000000000.0,,
SD,P0034,SD P0034 BHZ ,36.440000,115.610000,0.0,70000000000.0,,
XJ,N0067,XJ N0067 BHZ ,40.680000,80.180000,0.0,70000000000.0,,
YN,LM001,YN LM001 BHZ ,25.350000,100.490000,0.0,70000000000.0,,
YN,D8119,YN D8119 BHZ ,26.020000,104.270000,0.0,70000000000.0,,
XJ,N001A,XJ N001A BHZ ,41.230000,80.620000,0.0,70000000000.0,,
SC,W2701,SC W2701 BHZ ,27.180000,102.900000,0.0,70000000000.0,,
HE,B1003,HE B1003 BHZ ,39.570000,118.120000,0.0,70000000000.0,,
XJ,HJGCG,XJ HJGCG BHZ ,42.350000,85.550000,0.0,70000000000.0,,
YN,C2201,YN C2201 BHZ ,27.360000,102.980000,0.0,70000000000.0,,
SC,H2201,SC H2201 BHZ ,32.310000,105.440000,0.0,70000000000.0,,
TJ,XH004,TJ XH004 BHZ ,39.180000,117.830000,0.0,70000000000.0,,
FJ,B1003,FJ B1003 BHZ ,25.670000,119.120000,0.0,70000000000.0,,
LN,B0047,LN B0047 BHZ ,39.760000,121.550000,0.0,70000000000.0,,
YN,E2902,YN E2902 BHZ ,25.710000,102.320000,0.0,70000000000.0,,
QH,A0009,QH A0009 BHZ ,36.950000,101.550000,0.0,70000000000.0,,
HE,E0039,HE E0039 BHZ ,36.980000,115.010000,0.0,70000000000.0,,
YN,C2202,YN C2202 BHZ ,27.230000,102.920000,0.0,70000000000.0,,
YN,PY002,YN PY002 BHZ ,26.460000,100.680000,0.0,70000000000.0,,
FJ,J0005,FJ J0005 BHZ ,26.880000,119.320000,0.0,70000000000.0,,
GS,JX002,GS JX002 BHZ ,35.180000,104.470000,0.0,70000000000.0,,
FJ,AXCK,FJ AXCK BHZ ,25.230000,117.870000,0.0,70000000000.0,,
QH,C0052,QH C0052 BHZ ,37.780000,100.300000,0.0,70000000000.0,,
SC,V3409,SC V3409 BHZ ,29.750000,100.390000,0.0,70000000000.0,,
YN,A2903,YN A2903 BHZ ,25.650000,102.790000,0.0,70000000000.0,,
YN,C2913,YN C2913 BHZ ,27.860000,104.940000,0.0,70000000000.0,,
YN,E2204,YN E2204 BHZ ,24.330000,101.740000,0.0,70000000000.0,,
HE,F0108,HE F0108 BHZ ,38.940000,115.560000,0.0,70000000000.0,,
SC,UL003,SC UL003 BHZ ,31.570000,103.340000,0.0,70000000000.0,,
SD,M0019,SD M0019 BHZ ,37.510000,117.710000,0.0,70000000000.0,,
SD,Q001C,SD Q001C BHZ ,35.590000,118.110000,0.0,70000000000.0,,
GS,HT010,GS HT010 BHZ ,37.190000,102.800000,0.0,70000000000.0,,
SC,DFU,SC DFU BHZ ,30.990000,101.120000,0.0,70000000000.0,,
YN,C2413,YN C2413 BHZ ,28.140000,103.950000,0.0,70000000000.0,,
GS,NY004,GS NY004 BHZ ,35.970000,103.300000,0.0,70000000000.0,,
NX,SPTYS,NX SPTYS BHZ ,37.430000,104.840000,0.0,70000000000.0,,
AH,HQT,AH HQT BHZ ,32.210000,116.240000,0.0,70000000000.0,,
FJ,AL201,FJ AL201 BHZ ,26.490000,119.540000,0.0,70000000000.0,,
GS,K0103,GS K0103 BHZ ,33.190000,104.870000,0.0,70000000000.0,,
XJ,G001B,XJ G001B BHZ ,44.350000,85.860000,0.0,70000000000.0,,
GS,E0020,GS E0020 BHZ ,35.050000,105.820000,0.0,70000000000.0,,
HA,B0004,HA B0004 BHZ ,34.660000,114.710000,0.0,70000000000.0,,
YN,R2206,YN R2206 BHZ ,28.580000,99.170000,0.0,70000000000.0,,
SC,M0201,SC M0201 BHZ ,30.020000,104.830000,0.0,70000000000.0,,
SX,L0121,SX L0121 BHZ ,35.710000,111.550000,0.0,70000000000.0,,
QH,A0059,QH A0059 BHZ ,36.450000,101.160000,0.0,70000000000.0,,
SC,W3708,SC W3708 BHZ ,28.060000,103.320000,0.0,70000000000.0,,
HE,D0016,HE D0016 BHZ ,36.480000,114.160000,0.0,70000000000.0,,
XJ,F0088,XJ F0088 BHZ ,44.240000,81.870000,0.0,70000000000.0,,
GS,N001C,GS N001C BHZ ,35.500000,103.370000,0.0,70000000000.0,,
NM,H0007,NM H0007 BHZ ,42.720000,116.050000,0.0,70000000000.0,,
SC,BTHL,SC BTHL BHZ ,27.710000,102.940000,0.0,70000000000.0,,
XJ,BJ001,XJ BJ001 BHZ ,44.200000,88.930000,0.0,70000000000.0,,
FJ,G6005,FJ G6005 BHZ ,26.170000,117.910000,0.0,70000000000.0,,
XJ,B0051,XJ B0051 BHZ ,44.520000,86.200000,0.0,70000000000.0,,
GS,AC002,GS AC002 BHZ ,36.040000,103.820000,0.0,70000000000.0,,
QH,EN021,QH EN021 BHZ ,35.590000,100.740000,0.0,70000000000.0,,
SC,W3501,SC W3501 BHZ ,28.740000,102.880000,0.0,70000000000.0,,
TJ,QY001,TJ QY001 BHZ ,39.560000,117.880000,0.0,70000000000.0,,
TJ,NHZ,TJ NHZ BHZ ,39.030000,117.100000,0.0,70000000000.0,,
SD,A000A,SD A000A BHZ ,36.170000,116.270000,0.0,70000000000.0,,
YN,D2645,YN D2645 BHZ ,26.460000,103.150000,0.0,70000000000.0,,
XJ,C0003,XJ C0003 BHZ ,44.450000,85.980000,0.0,70000000000.0,,
NX,C0020,NX C0020 BHZ ,36.850000,106.440000,0.0,70000000000.0,,
YN,PY001,YN PY001 BHZ ,26.770000,99.990000,0.0,70000000000.0,,
YN,QLS01,YN QLS01 BHZ ,25.830000,98.850000,0.0,70000000000.0,,
HE,J0057,HE J0057 BHZ ,38.260000,116.210000,0.0,70000000000.0,,
FJ,A7004,FJ A7004 BHZ ,26.180000,119.540000,0.0,70000000000.0,,
XJ,P002D,XJ P002D BHZ ,38.560000,76.270000,0.0,70000000000.0,,
SC,BXFYZ,SC BXFYZ BHZ ,30.530000,102.930000,0.0,70000000000.0,,
SC,X2304,SC X2304 BHZ ,30.250000,106.890000,0.0,70000000000.0,,
LN,B0010,LN B0010 BHZ ,40.050000,121.920000,0.0,70000000000.0,,
TJ,A0001,TJ A0001 BHZ ,39.340000,117.830000,0.0,70000000000.0,,
SD,Q0051,SD Q0051 BHZ ,34.880000,117.770000,0.0,70000000000.0,,
XJ,P004A,XJ P004A BHZ ,40.330000,76.400000,0.0,70000000000.0,,
TJ,HD001,TJ HD001 BHZ ,39.030000,117.200000,0.0,70000000000.0,,
GS,JA001,GS JA001 BHZ ,35.490000,104.760000,0.0,70000000000.0,,
SD,RU001,SD RU001 BHZ ,35.210000,115.850000,0.0,70000000000.0,,
GD,N8103,GD N8103 BHZ ,23.080000,115.620000,0.0,70000000000.0,,
YN,P2415,YN P2415 BHZ ,27.280000,100.840000,0.0,70000000000.0,,
GD,R0202,GD R0202 BHZ ,23.680000,113.180000,0.0,70000000000.0,,
SC,CTDXH,SC CTDXH BHZ ,32.640000,105.750000,0.0,70000000000.0,,
XJ,F0017,XJ F0017 BHZ ,43.600000,81.920000,0.0,70000000000.0,,
XJ,N0049,XJ N0049 BHZ ,41.490000,79.270000,0.0,70000000000.0,,
GS,DH002,GS DH002 BHZ ,35.750000,105.420000,0.0,70000000000.0,,
GS,P0024,GS P0024 BHZ ,34.650000,103.480000,0.0,70000000000.0,,
BJ,TIT,BJ TIT BHZ ,39.890000,116.410000,0.0,70000000000.0,,
GS,H0024,GS H0024 BHZ ,37.020000,103.440000,0.0,70000000000.0,,
NX,D002A,NX D002A BHZ ,35.740000,105.610000,0.0,70000000000.0,,
GS,HG004,GS HG004 BHZ ,37.430000,102.830000,0.0,70000000000.0,,
QH,A0022,QH A0022 BHZ ,37.250000,101.410000,0.0,70000000000.0,,
SC,W2204,SC W2204 BHZ ,27.870000,101.110000,0.0,70000000000.0,,
GD,MX001,GD MX001 BHZ ,24.430000,115.640000,0.0,70000000000.0,,
HI,AQ001,HI AQ001 BHZ ,19.890000,110.410000,0.0,70000000000.0,,
SC,J0403,SC J0403 BHZ ,30.470000,105.350000,0.0,70000000000.0,,
GS,FB001,GS FB001 BHZ ,39.570000,94.880000,0.0,70000000000.0,,
YN,S2311,YN S2311 BHZ ,24.040000,99.500000,0.0,70000000000.0,,
SC,W3311,SC W3311 BHZ ,28.650000,102.100000,0.0,70000000000.0,,
XJ,Q002C,XJ Q002C BHZ ,39.290000,76.770000,0.0,70000000000.0,,
CQ,YOCND,CQ YOCND BHZ ,29.310000,105.850000,0.0,70000000000.0,,
XJ,RT001,XJ RT001 BHZ ,37.640000,80.340000,0.0,70000000000.0,,
HA,N0006,HA N0006 BHZ ,34.690000,115.050000,0.0,70000000000.0,,
FJ,A0021,FJ A0021 BHZ ,25.540000,119.470000,0.0,70000000000.0,,
SD,N0028,SD N0028 BHZ ,36.550000,116.470000,0.0,70000000000.0,,
QH,ET053,QH ET053 BHZ ,34.870000,100.640000,0.0,70000000000.0,,
YN,JJ007,YN JJ007 BHZ ,23.210000,100.590000,0.0,70000000000.0,,
SC,A2106,SC A2106 BHZ ,30.770000,104.400000,0.0,70000000000.0,,
XJ,Q0098,XJ Q0098 BHZ ,39.140000,76.700000,0.0,70000000000.0,,
GS,E0042,GS E0042 BHZ ,34.840000,106.150000,0.0,70000000000.0,,
YN,LYB01,YN LYB01 BHZ ,25.710000,99.950000,0.0,70000000000.0,,
GD,G0201,GD G0201 BHZ ,21.280000,110.340000,0.0,70000000000.0,,
XJ,AW003,XJ AW003 BHZ ,43.990000,87.510000,0.0,70000000000.0,,
YN,JJ008,YN JJ008 BHZ ,23.330000,100.960000,0.0,70000000000.0,,
SC,V2607,SC V2607 BHZ ,30.760000,101.150000,0.0,70000000000.0,,
SC,T2271,SC T2271 BHZ ,29.850000,102.670000,0.0,70000000000.0,,
HE,B0067,HE B0067 BHZ ,39.850000,118.700000,0.0,70000000000.0,,
YN,G2805,YN G2805 BHZ ,23.250000,102.640000,0.0,70000000000.0,,
SC,B2206,SC B2206 BHZ ,30.940000,104.990000,0.0,70000000000.0,,
GS,L0018,GS L0018 BHZ ,35.480000,105.700000,0.0,70000000000.0,,
GZ,CR001,GZ CR001 BHZ ,27.790000,106.390000,0.0,70000000000.0,,
FJ,C5520,FJ C5520 BHZ ,25.430000,118.310000,0.0,70000000000.0,,
GD,E0402,GD E0402 BHZ ,22.990000,113.060000,0.0,70000000000.0,,
NX,B0008,NX B0008 BHZ ,39.310000,106.760000,0.0,70000000000.0,,
SC,WU001,SC WU001 BHZ ,28.500000,102.650000,0.0,70000000000.0,,
YN,J2808,YN J2808 BHZ ,22.520000,99.610000,0.0,70000000000.0,,
GX,CL002,GX CL002 BHZ ,24.990000,110.300000,0.0,70000000000.0,,
YN,J2608,YN J2608 BHZ ,22.820000,101.770000,0.0,70000000000.0,,
GS,JYHBW,GS JYHBW BHZ ,36.470000,104.430000,0.0,70000000000.0,,
SD,J000A,SD J000A BHZ ,36.130000,116.190000,0.0,70000000000.0,,
GD,MD002,GD MD002 BHZ ,24.260000,116.840000,0.0,70000000000.0,,
XJ,HQ001,XJ HQ001 BHZ ,46.660000,90.380000,0.0,70000000000.0,,
SD,H001D,SD H001D BHZ ,35.330000,117.430000,0.0,70000000000.0,,
SX,GLJYX,SX GLJYX BHZ ,39.620000,114.250000,0.0,70000000000.0,,
XJ,PW011,XJ PW011 BHZ ,39.820000,74.340000,0.0,70000000000.0,,
SC,VY002,SC VY002 BHZ ,29.850000,101.100000,0.0,70000000000.0,,
YN,NLH01,YN NLH01 BHZ ,24.840000,98.460000,0.0,70000000000.0,,
HE,E0058,HE E0058 BHZ ,37.460000,115.330000,0.0,70000000000.0,,
HE,R0012,HE R0012 BHZ ,38.640000,116.400000,0.0,70000000000.0,,
SD,R005E,SD R005E BHZ ,35.800000,115.770000,0.0,70000000000.0,,
SC,W2604,SC W2604 BHZ ,26.550000,102.780000,0.0,70000000000.0,,
XJ,B002C,XJ B002C BHZ ,44.190000,86.820000,0.0,70000000000.0,,
YN,C2326,YN C2326 BHZ ,28.180000,104.330000,0.0,70000000000.0,,
SC,V3415,SC V3415 BHZ ,30.140000,100.250000,0.0,70000000000.0,,
HE,E0042,HE E0042 BHZ ,37.020000,115.580000,0.0,70000000000.0,,
GD,J8314,GD J8314 BHZ ,22.270000,112.550000,0.0,70000000000.0,,
YN,PNL02,YN PNL02 BHZ ,27.430000,100.890000,0.0,70000000000.0,,
YN,DH001,YN DH001 BHZ ,26.370000,103.580000,0.0,70000000000.0,,
ZJ,CR001,ZJ CR001 BHZ ,27.790000,120.660000,0.0,70000000000.0,,
NX,A0004,NX A0004 BHZ ,38.380000,105.930000,0.0,70000000000.0,,
GD,G2316,GD G2316 BHZ ,21.380000,110.150000,0.0,70000000000.0,,
HE,E0064,HE E0064 BHZ ,37.000000,114.360000,0.0,70000000000.0,,
SD,MP002,SD MP002 BHZ ,36.930000,117.720000,0.0,70000000000.0,,
YN,E2404,YN E2404 BHZ ,24.810000,100.790000,0.0,70000000000.0,,
XJ,F0065,XJ F0065 BHZ ,43.480000,83.320000,0.0,70000000000.0,,
XJ,F007D,XJ F007D BHZ ,44.000000,81.530000,0.0,70000000000.0,,
AH,AF001,AH AF001 BHZ ,32.470000,117.150000,0.0,70000000000.0,,
GS,J000B,GS J000B BHZ ,35.850000,104.580000,0.0,70000000000.0,,
YN,J2409,YN J2409 BHZ ,23.430000,100.570000,0.0,70000000000.0,,
JL,H0001,JL H0001 BHZ ,42.880000,129.500000,0.0,70000000000.0,,
HE,D0004,HE D0004 BHZ ,36.260000,114.520000,0.0,70000000000.0,,
FJ,XMTA,FJ XMTA BHZ ,24.760000,118.140000,0.0,70000000000.0,,
SC,MA002,SC MA002 BHZ ,29.890000,105.140000,0.0,70000000000.0,,
SC,W3005,SC W3005 BHZ ,27.540000,103.130000,0.0,70000000000.0,,
YN,Q0105,YN Q0105 BHZ ,26.010000,98.610000,0.0,70000000000.0,,
YN,J2108,YN J2108 BHZ ,23.000000,101.370000,0.0,70000000000.0,,
XJ,F0094,XJ F0094 BHZ ,43.140000,81.080000,0.0,70000000000.0,,
HE,E0010,HE E0010 BHZ ,37.390000,114.220000,0.0,70000000000.0,,
HE,T0001,HE T0001 BHZ ,38.300000,115.590000,0.0,70000000000.0,,
GS,G0010,GS G0010 BHZ ,38.270000,100.910000,0.0,70000000000.0,,
SC,W3403,SC W3403 BHZ ,28.480000,102.640000,0.0,70000000000.0,,
SC,51MCL,SC 51MCL BHZ ,28.950000,103.720000,0.0,70000000000.0,,
XJ,M002E,XJ M002E BHZ ,41.320000,84.050000,0.0,70000000000.0,,
XJ,PT001,XJ PT001 BHZ ,39.720000,76.160000,0.0,70000000000.0,,
TJ,A0039,TJ A0039 BHZ ,39.250000,117.780000,0.0,70000000000.0,,
SC,DXBH,SC DXBH BHZ ,29.690000,105.300000,0.0,70000000000.0,,
XJ,B0056,XJ B0056 BHZ ,44.360000,87.190000,0.0,70000000000.0,,
YN,D8108,YN D8108 BHZ ,26.410000,104.000000,0.0,70000000000.0,,
SC,L8101,SC L8101 BHZ ,29.510000,103.450000,0.0,70000000000.0,,
FJ,YTGY,FJ YTGY BHZ ,25.840000,118.470000,0.0,70000000000.0,,
XJ,A0021,XJ A0021 BHZ ,43.750000,87.470000,0.0,70000000000.0,,
XJ,F001B,XJ F001B BHZ ,43.250000,82.810000,0.0,70000000000.0,,
SC,U2773,SC U2773 BHZ ,31.600000,102.370000,0.0,70000000000.0,,
HE,A0046,HE A0046 BHZ ,37.960000,114.380000,0.0,70000000000.0,,
GS,K0085,GS K0085 BHZ ,34.400000,105.280000,0.0,70000000000.0,,
FJ,HAKS,FJ HAKS BHZ ,25.030000,118.780000,0.0,70000000000.0,,
XJ,A0005,XJ A0005 BHZ ,43.260000,88.400000,0.0,70000000000.0,,
ZJ,K0004,ZJ K0004 BHZ ,27.610000,118.940000,0.0,70000000000.0,,
SD,R0013,SD R0013 BHZ ,35.000000,115.210000,0.0,70000000000.0,,
FJ,E6208,FJ E6208 BHZ ,24.010000,117.380000,0.0,70000000000.0,,
GD,D1304,GD D1304 BHZ ,23.440000,116.330000,0.0,70000000000.0,,
YN,J2813,YN J2813 BHZ ,22.150000,99.790000,0.0,70000000000.0,,
SC,V2671,SC V2671 BHZ ,30.860000,101.110000,0.0,70000000000.0,,
FJ,BH001,FJ BH001 BHZ ,25.450000,119.110000,0.0,70000000000.0,,
SC,RLZJ,SC RLZJ BHZ ,30.970000,100.320000,0.0,70000000000.0,,
GS,H001A,GS H001A BHZ ,38.200000,102.780000,0.0,70000000000.0,,
GS,L002C,GS L002C BHZ ,35.700000,105.640000,0.0,70000000000.0,,
GX,BJ001,GX BJ001 BHZ ,24.300000,109.000000,0.0,70000000000.0,,
YN,J2904,YN J2904 BHZ ,22.650000,99.460000,0.0,70000000000.0,,
HE,T0034,HE T0034 BHZ ,37.920000,116.060000,0.0,70000000000.0,,
NX,A0001,NX A0001 BHZ ,38.530000,106.000000,0.0,70000000000.0,,
HE,EK001,HE EK001 BHZ ,37.270000,114.500000,0.0,70000000000.0,,
GD,XS001,GD XS001 BHZ ,22.810000,113.290000,0.0,70000000000.0,,
SC,MDS,SC MDS BHZ ,30.070000,103.040000,0.0,70000000000.0,,
FJ,C5808,FJ C5808 BHZ ,24.530000,118.570000,0.0,70000000000.0,,
YN,C2721,YN C2721 BHZ ,27.760000,104.760000,0.0,70000000000.0,,
FJ,DJ001,FJ DJ001 BHZ ,24.580000,118.090000,0.0,70000000000.0,,
SC,E2403,SC E2403 BHZ ,28.120000,105.290000,0.0,70000000000.0,,
SC,V3416,SC V3416 BHZ ,30.380000,99.830000,0.0,70000000000.0,,
XJ,MH002,XJ MH002 BHZ ,42.250000,86.140000,0.0,70000000000.0,,
TJ,WUQ,TJ WUQ BHZ ,39.450000,116.960000,0.0,70000000000.0,,
FJ,C5803,FJ C5803 BHZ ,24.790000,118.480000,0.0,70000000000.0,,
SD,H0035,SD H0035 BHZ ,35.710000,117.290000,0.0,70000000000.0,,
XJ,F004C,XJ F004C BHZ ,43.180000,81.880000,0.0,70000000000.0,,
SC,T0302,SC T0302 BHZ ,30.040000,103.200000,0.0,70000000000.0,,
SX,L0114,SX L0114 BHZ ,36.400000,110.910000,0.0,70000000000.0,,
QH,B0017,QH B0017 BHZ ,36.370000,102.470000,0.0,70000000000.0,,
XJ,C0009,XJ C0009 BHZ ,44.290000,86.110000,0.0,70000000000.0,,
XJ,WNQ,XJ WNQ BHZ ,44.960000,81.000000,0.0,70000000000.0,,
FJ,J3004,FJ J3004 BHZ ,26.930000,118.820000,0.0,70000000000.0,,
GD,V2401,GD V2401 BHZ ,22.960000,116.000000,0.0,70000000000.0,,
YN,G3011,YN G3011 BHZ ,22.680000,103.070000,0.0,70000000000.0,,
GD,HYJ,GD HYJ BHZ ,23.720000,114.590000,0.0,70000000000.0,,
YN,J2503,YN J2503 BHZ ,23.930000,101.400000,0.0,70000000000.0,,
YN,JL001,YN JL001 BHZ ,22.910000,99.800000,0.0,70000000000.0,,
TJ,NZ001,TJ NZ001 BHZ ,39.560000,117.340000,0.0,70000000000.0,,
FJ,H9009,FJ H9009 BHZ ,27.010000,118.290000,0.0,70000000000.0,,
XJ,Q007C,XJ Q007C BHZ ,37.600000,77.640000,0.0,70000000000.0,,
TJ,W0003,TJ W0003 BHZ ,38.980000,116.910000,0.0,70000000000.0,,
GS,FS209,GS FS209 BHZ ,39.670000,98.500000,0.0,70000000000.0,,
GZ,JL001,GZ JL001 BHZ ,25.380000,107.870000,0.0,70000000000.0,,
SC,JJS,SC JJS BHZ ,31.000000,104.550000,0.0,70000000000.0,,
GS,P002D,GS P002D BHZ ,33.720000,104.440000,0.0,70000000000.0,,
SC,F2310,SC F2310 BHZ ,30.930000,104.730000,0.0,70000000000.0,,
SC,SGXJ,SC SGXJ BHZ ,29.140000,99.920000,0.0,70000000000.0,,
GD,N0202,GD N0202 BHZ ,22.810000,115.260000,0.0,70000000000.0,,
GS,A0024,GS A0024 BHZ ,35.700000,104.190000,0.0,70000000000.0,,
SD,MH001,SD MH001 BHZ ,37.440000,117.480000,0.0,70000000000.0,,
GS,FY003,GS FY003 BHZ ,39.790000,97.560000,0.0,70000000000.0,,
SD,G0041,SD G0041 BHZ ,36.750000,118.580000,0.0,70000000000.0,,
GS,P001A,GS P001A BHZ ,34.970000,103.570000,0.0,70000000000.0,,
FJ,B4302,FJ B4302 BHZ ,25.430000,119.020000,0.0,70000000000.0,,
GS,L000B,GS L000B BHZ ,35.230000,106.460000,0.0,70000000000.0,,
GD,T0003,GD T0003 BHZ ,22.590000,113.300000,0.0,70000000000.0,,
GD,H2307,GD H2307 BHZ ,23.730000,112.510000,0.0,70000000000.0,,
SC,YYJH,SC YYJH BHZ ,27.720000,101.950000,0.0,70000000000.0,,
XJ,NB001,XJ NB001 BHZ ,41.800000,81.860000,0.0,70000000000.0,,
GD,A1401,GD A1401 BHZ ,23.370000,113.090000,0.0,70000000000.0,,
YN,FE002,YN FE002 BHZ ,24.310000,102.090000,0.0,70000000000.0,,
GS,K004C,GS K004C BHZ ,33.700000,106.410000,0.0,70000000000.0,,
AH,MT001,AH MT001 BHZ ,32.680000,118.970000,0.0,70000000000.0,,
XJ,F0092,XJ F0092 BHZ ,42.740000,80.780000,0.0,70000000000.0,,
SD,A002F,SD A002F BHZ ,36.440000,117.100000,0.0,70000000000.0,,
GS,L0020,GS L0020 BHZ ,35.230000,105.690000,0.0,70000000000.0,,
BJ,TT001,BJ TT001 BHZ ,39.710000,116.870000,0.0,70000000000.0,,
HE,HN004,HE HN004 BHZ ,41.490000,116.770000,0.0,70000000000.0,,
NX,D0044,NX D0044 BHZ ,36.030000,106.260000,0.0,70000000000.0,,
GS,HG001,GS HG001 BHZ ,37.610000,103.000000,0.0,70000000000.0,,
YN,KJH05,YN KJH05 BHZ ,22.410000,101.330000,0.0,70000000000.0,,
GS,J004F,GS J004F BHZ ,35.050000,105.260000,0.0,70000000000.0,,
YN,J2209,YN J2209 BHZ ,23.230000,101.750000,0.0,70000000000.0,,
SC,BB003,SC BB003 BHZ ,31.960000,104.260000,0.0,70000000000.0,,
SC,WB001,SC WB001 BHZ ,28.300000,103.850000,0.0,70000000000.0,,
NX,D0025,NX D0025 BHZ ,36.080000,105.730000,0.0,70000000000.0,,
FJ,G7011,FJ G7011 BHZ ,26.550000,117.990000,0.0,70000000000.0,,
SD,R0018,SD R0018 BHZ ,34.980000,116.110000,0.0,70000000000.0,,
HI,AX001,HI AX001 BHZ ,20.010000,110.270000,0.0,70000000000.0,,
SC,R2106,SC R2106 BHZ ,31.190000,106.050000,0.0,70000000000.0,,
XJ,P000C,XJ P000C BHZ ,40.620000,77.600000,0.0,70000000000.0,,
FJ,XYSC,FJ XYSC BHZ ,25.610000,118.740000,0.0,70000000000.0,,
GD,H8406,GD H8406 BHZ ,23.570000,112.750000,0.0,70000000000.0,,
SC,V2408,SC V2408 BHZ ,28.760000,101.270000,0.0,70000000000.0,,
HA,YDQDL,HA YDQDL BHZ ,36.280000,114.030000,0.0,70000000000.0,,
YN,Q0104,YN Q0104 BHZ ,25.970000,98.680000,0.0,70000000000.0,,
SC,Q2803,SC Q2803 BHZ ,28.120000,104.970000,0.0,70000000000.0,,
TJ,WY001,TJ WY001 BHZ ,38.950000,117.040000,0.0,70000000000.0,,
SC,V2901,SC V2901 BHZ ,31.310000,100.240000,0.0,70000000000.0,,
GS,N0015,GS N0015 BHZ ,35.450000,103.430000,0.0,70000000000.0,,
GS,K0009,GS K0009 BHZ ,33.550000,105.800000,0.0,70000000000.0,,
FJ,A0005,FJ A0005 BHZ ,26.020000,118.840000,0.0,70000000000.0,,
GS,GS210,GS GS210 BHZ ,38.650000,101.530000,0.0,70000000000.0,,
SC,W0115,SC W0115 BHZ ,27.950000,101.960000,0.0,70000000000.0,,
HE,EN001,HE EN001 BHZ ,37.770000,115.120000,0.0,70000000000.0,,
QH,E0032,QH E0032 BHZ ,36.120000,100.930000,0.0,70000000000.0,,
GS,J0055,GS J0055 BHZ ,35.440000,105.250000,0.0,70000000000.0,,
GS,E004C,GS E004C BHZ ,34.540000,104.790000,0.0,70000000000.0,,
YN,L2907,YN L2907 BHZ ,25.960000,99.170000,0.0,70000000000.0,,
HE,A0098,HE A0098 BHZ ,37.580000,114.360000,0.0,70000000000.0,,
XJ,YPH,XJ YPH BHZ ,39.210000,76.740000,0.0,70000000000.0,,
GD,B0901,GD B0901 BHZ ,22.730000,114.030000,0.0,70000000000.0,,
YN,F2805,YN F2805 BHZ ,23.500000,101.850000,0.0,70000000000.0,,
HE,T0006,HE T0006 BHZ ,37.460000,115.960000,0.0,70000000000.0,,
SC,B8107,SC B8107 BHZ ,31.790000,104.720000,0.0,70000000000.0,,
XJ,A002A,XJ A002A BHZ ,43.890000,87.290000,0.0,70000000000.0,,
AH,PX001,AH PX001 BHZ ,30.950000,118.810000,0.0,70000000000.0,,
QH,A0006,QH A0006 BHZ ,36.810000,101.680000,0.0,70000000000.0,,
GD,D1503,GD D1503 BHZ ,23.540000,116.710000,0.0,70000000000.0,,
HE,A0107,HE A0107 BHZ ,38.240000,114.470000,0.0,70000000000.0,,
XJ,G0016,XJ G0016 BHZ ,43.950000,85.530000,0.0,70000000000.0,,
HE,T0036,HE T0036 BHZ ,37.930000,115.920000,0.0,70000000000.0,,
LN,HG004,LN HG004 BHZ ,40.060000,122.500000,0.0,70000000000.0,,
YN,K2208,YN K2208 BHZ ,22.190000,100.550000,0.0,70000000000.0,,
FJ,YTFQ,FJ YTFQ BHZ ,25.820000,118.870000,0.0,70000000000.0,,
FJ,A7008,FJ A7008 BHZ ,26.250000,119.450000,0.0,70000000000.0,,
SC,UL002,SC UL002 BHZ ,31.530000,102.900000,0.0,70000000000.0,,
SD,R004C,SD R004C BHZ ,35.570000,115.580000,0.0,70000000000.0,,
HE,B0124,HE B0124 BHZ ,40.070000,118.180000,0.0,70000000000.0,,
SX,L0077,SX L0077 BHZ ,35.900000,111.500000,0.0,70000000000.0,,
SD,H0027,SD H0027 BHZ ,35.800000,116.490000,0.0,70000000000.0,,
GS,WEGSJ,GS WEGSJ BHZ ,33.040000,104.460000,0.0,70000000000.0,,
YN,J2207,YN J2207 BHZ ,22.970000,101.790000,0.0,70000000000.0,,
YN,JMJ05,YN JMJ05 BHZ ,22.910000,101.560000,0.0,70000000000.0,,
SX,M0004,SX M0004 BHZ ,35.680000,111.130000,0.0,70000000000.0,,
FJ,E6611,FJ E6611 BHZ ,24.620000,117.240000,0.0,70000000000.0,,
JL,HT001,JL HT001 BHZ ,42.900000,129.830000,0.0,70000000000.0,,
HE,T0027,HE T0027 BHZ ,37.900000,115.700000,0.0,70000000000.0,,
GD,HG002,GD HG002 BHZ ,23.530000,112.170000,0.0,70000000000.0,,
XJ,P0063,XJ P0063 BHZ ,39.840000,74.590000,0.0,70000000000.0,,
SC,W2201,SC W2201 BHZ ,28.540000,100.870000,0.0,70000000000.0,,
YN,F2301,YN F2301 BHZ ,24.200000,102.590000,0.0,70000000000.0,,
XJ,P002B,XJ P002B BHZ ,39.080000,75.780000,0.0,70000000000.0,,
SC,V2515,SC V2515 BHZ ,29.880000,101.320000,0.0,70000000000.0,,
SX,L0110,SX L0110 BHZ ,36.470000,111.110000,0.0,70000000000.0,,
GS,E0028,GS E0028 BHZ ,34.860000,105.810000,0.0,70000000000.0,,
SC,Q2601,SC Q2601 BHZ ,28.030000,104.930000,0.0,70000000000.0,,
FJ,A9015,FJ A9015 BHZ ,26.290000,118.800000,0.0,70000000000.0,,
TJ,W0007,TJ W0007 BHZ ,39.020000,116.990000,0.0,70000000000.0,,
YN,CQJ01,YN CQJ01 BHZ ,26.910000,102.940000,0.0,70000000000.0,,
SC,B2708,SC B2708 BHZ ,32.160000,104.670000,0.0,70000000000.0,,
YN,C2233,YN C2233 BHZ ,27.170000,102.940000,0.0,70000000000.0,,
SC,L3303,SC L3303 BHZ ,28.780000,103.400000,0.0,70000000000.0,,
HI,C0009,HI C0009 BHZ ,19.580000,110.390000,0.0,70000000000.0,,
XJ,NB002,XJ NB002 BHZ ,41.660000,81.550000,0.0,70000000000.0,,
XJ,Q004F,XJ Q004F BHZ ,37.730000,76.500000,0.0,70000000000.0,,
SC,V2707,SC V2707 BHZ ,31.540000,100.900000,0.0,70000000000.0,,
YN,L2305,YN L2305 BHZ ,25.690000,100.770000,0.0,70000000000.0,,
FJ,CLJT,FJ CLJT BHZ ,25.770000,119.560000,0.0,70000000000.0,,
HE,D0075,HE D0075 BHZ ,36.230000,114.980000,0.0,70000000000.0,,
SC,UY002,SC UY002 BHZ ,33.130000,102.630000,0.0,70000000000.0,,
HE,B0089,HE B0089 BHZ ,40.260000,118.510000,0.0,70000000000.0,,
GS,G0015,GS G0015 BHZ ,38.480000,100.570000,0.0,70000000000.0,,
SN,E0068,SN E0068 BHZ ,35.400000,109.800000,0.0,70000000000.0,,
FJ,B4408,FJ B4408 BHZ ,25.160000,119.120000,0.0,70000000000.0,,
QH,C0045,QH C0045 BHZ ,37.880000,100.430000,0.0,70000000000.0,,
TJ,PS001,TJ PS001 BHZ ,39.300000,116.900000,0.0,70000000000.0,,
XJ,E0022,XJ E0022 BHZ ,45.010000,81.700000,0.0,70000000000.0,,
SC,VJ003,SC VJ003 BHZ ,29.140000,101.510000,0.0,70000000000.0,,
NX,AL002,NX AL002 BHZ ,37.890000,106.390000,0.0,70000000000.0,,
YN,C2306,YN C2306 BHZ ,27.960000,104.340000,0.0,70000000000.0,,
GD,H8403,GD H8403 BHZ ,23.400000,112.540000,0.0,70000000000.0,,
NX,XJTP,NX XJTP BHZ ,36.010000,105.410000,0.0,70000000000.0,,
HE,B0117,HE B0117 BHZ ,40.090000,117.900000,0.0,70000000000.0,,
GS,G0013,GS G0013 BHZ ,38.610000,100.870000,0.0,70000000000.0,,
XJ,Q00AC,XJ Q00AC BHZ ,39.660000,78.790000,0.0,70000000000.0,,
YN,P0205,YN P0205 BHZ ,26.810000,100.300000,0.0,70000000000.0,,
SC,V3474,SC V3474 BHZ ,29.520000,100.270000,0.0,70000000000.0,,
GS,GLGHY,GS GLGHY BHZ ,37.380000,103.100000,0.0,70000000000.0,,
GD,L2408,GD L2408 BHZ ,23.880000,114.100000,0.0,70000000000.0,,
TJ,A0025,TJ A0025 BHZ ,38.930000,116.860000,0.0,70000000000.0,,
AH,MCG,AH MCG BHZ ,33.360000,116.490000,0.0,70000000000.0,,
YN,SZ001,YN SZ001 BHZ ,23.730000,99.320000,0.0,70000000000.0,,
SC,D2110,SC D2110 BHZ ,26.940000,102.140000,0.0,70000000000.0,,
GD,D1301,GD D1301 BHZ ,23.350000,116.350000,0.0,70000000000.0,,
NX,CQ002,NX CQ002 BHZ ,37.830000,105.900000,0.0,70000000000.0,,
SC,TY001,SC TY001 BHZ ,29.780000,102.530000,0.0,70000000000.0,,
XZ,SHU,XZ SHU BHZ ,33.200000,88.820000,0.0,70000000000.0,,
HE,F0037,HE F0037 BHZ ,39.280000,115.930000,0.0,70000000000.0,,
HE,F0052,HE F0052 BHZ ,39.400000,115.630000,0.0,70000000000.0,,
XJ,PH001,XJ PH001 BHZ ,40.850000,77.970000,0.0,70000000000.0,,
YN,C2521,YN C2521 BHZ ,28.000000,103.630000,0.0,70000000000.0,,
GS,A000D,GS A000D BHZ ,36.110000,103.580000,0.0,70000000000.0,,
GZ,F0004,GZ F0004 BHZ ,27.370000,106.680000,0.0,70000000000.0,,
SC,VL002,SC VL002 BHZ ,29.760000,102.250000,0.0,70000000000.0,,
SD,Q006B,SD Q006B BHZ ,35.470000,118.240000,0.0,70000000000.0,,
GD,P2202,GD P2202 BHZ ,24.460000,115.260000,0.0,70000000000.0,,
FJ,C5914,FJ C5914 BHZ ,25.270000,118.490000,0.0,70000000000.0,,
SC,UR003,SC UR003 BHZ ,32.310000,101.270000,0.0,70000000000.0,,
SC,V2971,SC V2971 BHZ ,31.050000,100.320000,0.0,70000000000.0,,
GD,X0602,GD X0602 BHZ ,22.870000,113.220000,0.0,70000000000.0,,
FJ,A3001,FJ A3001 BHZ ,26.090000,119.610000,0.0,70000000000.0,,
QH,B0071,QH B0071 BHZ ,36.130000,102.030000,0.0,70000000000.0,,
NX,C000A,NX C000A BHZ ,37.930000,106.220000,0.0,70000000000.0,,
SN,FL005,SN FL005 BHZ ,33.520000,106.220000,0.0,70000000000.0,,
SC,AP001,SC AP001 BHZ ,30.260000,103.540000,0.0,70000000000.0,,
HA,E0006,HA E0006 BHZ ,35.330000,114.530000,0.0,70000000000.0,,
SC,RSBD,SC RSBD BHZ ,29.990000,104.440000,0.0,70000000000.0,,
GD,V8103,GD V8103 BHZ ,23.170000,115.820000,0.0,70000000000.0,,
SD,C000C,SD C000C BHZ ,37.050000,118.000000,0.0,70000000000.0,,
JS,CF001,JS CF001 BHZ ,34.670000,116.590000,0.0,70000000000.0,,
GS,K0107,GS K0107 BHZ ,33.010000,104.570000,0.0,70000000000.0,,
YN,L2405,YN L2405 BHZ ,25.620000,100.610000,0.0,70000000000.0,,
GS,E0039,GS E0039 BHZ ,34.590000,105.610000,0.0,70000000000.0,,
TJ,PJ001,TJ PJ001 BHZ ,39.480000,117.100000,0.0,70000000000.0,,
GS,J002C,GS J002C BHZ ,35.370000,104.620000,0.0,70000000000.0,,
SC,GJGS,SC GJGS BHZ ,29.270000,104.600000,0.0,70000000000.0,,
GD,P0201,GD P0201 BHZ ,23.620000,114.630000,0.0,70000000000.0,,
HE,A0008,HE A0008 BHZ ,37.950000,114.800000,0.0,70000000000.0,,
GS,N001B,GS N001B BHZ ,35.500000,103.340000,0.0,70000000000.0,,
GS,P000F,GS P000F BHZ ,33.640000,102.080000,0.0,70000000000.0,,
SD,J0014,SD J0014 BHZ ,36.210000,116.690000,0.0,70000000000.0,,
FJ,E6414,FJ E6414 BHZ ,23.790000,117.270000,0.0,70000000000.0,,
SC,V3411,SC V3411 BHZ ,30.430000,100.310000,0.0,70000000000.0,,
GS,K005E,GS K005E BHZ ,33.770000,105.680000,0.0,70000000000.0,,
SD,E0011,SD E0011 BHZ ,37.670000,118.680000,0.0,70000000000.0,,
YN,G2402,YN G2402 BHZ ,23.870000,103.040000,0.0,70000000000.0,,
SC,A8271,SC A8271 BHZ ,31.230000,103.780000,0.0,70000000000.0,,
XZ,D0004,XZ D0004 BHZ ,28.370000,87.780000,0.0,70000000000.0,,
YN,D0310,YN D0310 BHZ ,25.730000,104.040000,0.0,70000000000.0,,
SC,EX001,SC EX001 BHZ ,28.140000,105.360000,0.0,70000000000.0,,
SC,L3201,SC L3201 BHZ ,29.170000,103.110000,0.0,70000000000.0,,
HE,D0021,HE D0021 BHZ ,36.530000,115.070000,0.0,70000000000.0,,
NX,C000F,NX C000F BHZ ,37.980000,106.260000,0.0,70000000000.0,,
SC,A2105,SC A2105 BHZ ,30.620000,104.750000,0.0,70000000000.0,,
YN,C2601,YN C2601 BHZ ,28.650000,103.870000,0.0,70000000000.0,,
HA,E001F,HA E001F BHZ ,36.160000,113.920000,0.0,70000000000.0,,
XJ,N0066,XJ N0066 BHZ ,40.480000,80.420000,0.0,70000000000.0,,
FJ,E6319,FJ E6319 BHZ ,23.950000,117.610000,0.0,70000000000.0,,
SD,M0006,SD M0006 BHZ ,37.090000,118.310000,0.0,70000000000.0,,
JL,HL001,JL HL001 BHZ ,42.760000,129.420000,0.0,70000000000.0,,
XJ,P0046,XJ P0046 BHZ ,40.370000,77.620000,0.0,70000000000.0,,
SC,W3605,SC W3605 BHZ ,28.440000,103.100000,0.0,70000000000.0,,
YN,C2842,YN C2842 BHZ ,27.390000,104.030000,0.0,70000000000.0,,
FJ,H1009,FJ H1009 BHZ ,27.250000,118.130000,0.0,70000000000.0,,
GS,N0017,GS N0017 BHZ ,35.520000,103.670000,0.0,70000000000.0,,
HA,E0002,HA E0002 BHZ ,35.640000,114.720000,0.0,70000000000.0,,
QH,D0035,QH D0035 BHZ ,34.850000,101.460000,0.0,70000000000.0,,
GS,MJIWL,GS MJIWL BHZ ,34.730000,105.540000,0.0,70000000000.0,,
GD,YN001,GD YN001 BHZ ,23.150000,113.010000,0.0,70000000000.0,,
QH,B0083,QH B0083 BHZ ,35.970000,102.640000,0.0,70000000000.0,,
YN,E3108,YN E3108 BHZ ,25.290000,102.300000,0.0,70000000000.0,,
HA,J0023,HA J0023 BHZ ,35.940000,115.810000,0.0,70000000000.0,,
SC,VT001,SC VT001 BHZ ,29.690000,100.390000,0.0,70000000000.0,,
YN,J2302,YN J2302 BHZ ,24.380000,101.030000,0.0,70000000000.0,,
GD,V2202,GD V2202 BHZ ,23.480000,116.110000,0.0,70000000000.0,,
HE,A0040,HE A0040 BHZ ,38.400000,114.210000,0.0,70000000000.0,,
FJ,C5519,FJ C5519 BHZ ,25.360000,118.060000,0.0,70000000000.0,,
SX,XIJLQ,SX XIJLQ BHZ ,36.670000,110.860000,0.0,70000000000.0,,
HI,C0003,HI C0003 BHZ ,19.710000,110.100000,0.0,70000000000.0,,
FJ,J5004,FJ J5004 BHZ ,27.020000,119.430000,0.0,70000000000.0,,
FJ,K0002,FJ K0002 BHZ ,25.620000,119.710000,0.0,70000000000.0,,
GS,K003F,GS K003F BHZ ,34.150000,105.320000,0.0,70000000000.0,,
YN,E0110,YN E0110 BHZ ,24.660000,101.090000,0.0,70000000000.0,,
SC,V3422,SC V3422 BHZ ,29.620000,100.640000,0.0,70000000000.0,,
HA,E0008,HA E0008 BHZ ,35.400000,114.940000,0.0,70000000000.0,,
XZ,RKZ,XZ RKZ BHZ ,29.230000,88.870000,0.0,70000000000.0,,
NX,E0018,NX E0018 BHZ ,36.510000,105.720000,0.0,70000000000.0,,
GS,YMSLJ,GS YMSLJ BHZ ,39.700000,97.740000,0.0,70000000000.0,,
SD,DSD,SD DSD BHZ ,35.100000,116.750000,0.0,70000000000.0,,
YN,F2804,YN F2804 BHZ ,23.640000,101.900000,0.0,70000000000.0,,
XJ,FG002,XJ FG002 BHZ ,43.490000,82.410000,0.0,70000000000.0,,
GS,K0077,GS K0077 BHZ ,34.000000,104.450000,0.0,70000000000.0,,
SC,D1105,SC D1105 BHZ ,26.600000,101.420000,0.0,70000000000.0,,
YN,C2304,YN C2304 BHZ ,28.040000,104.120000,0.0,70000000000.0,,
SD,DS001,SD DS001 BHZ ,35.110000,117.490000,0.0,70000000000.0,,
FJ,J0006,FJ J0006 BHZ ,26.760000,119.270000,0.0,70000000000.0,,
XJ,P002A,XJ P002A BHZ ,38.960000,75.400000,0.0,70000000000.0,,
GS,J0022,GS J0022 BHZ ,35.200000,103.810000,0.0,70000000000.0,,
XJ,KSZ,XJ KSZ BHZ ,39.590000,75.940000,0.0,70000000000.0,,
FJ,C5606,FJ C5606 BHZ ,25.840000,118.200000,0.0,70000000000.0,,
LN,B004D,LN B004D BHZ ,39.620000,122.740000,0.0,70000000000.0,,
SC,PGTB,SC PGTB BHZ ,27.620000,102.460000,0.0,70000000000.0,,
QH,DUL,QH DUL BHZ ,36.280000,98.120000,0.0,70000000000.0,,
XJ,HJGGN,XJ HJGGN BHZ ,43.340000,84.620000,0.0,70000000000.0,,
SC,51PJW,SC 51PJW BHZ ,30.300000,103.650000,0.0,70000000000.0,,
YN,J2814,YN J2814 BHZ ,22.200000,99.700000,0.0,70000000000.0,,
SC,WS001,SC WS001 BHZ ,27.070000,102.750000,0.0,70000000000.0,,
SC,D2210,SC D2210 BHZ ,27.050000,101.390000,0.0,70000000000.0,,
SD,G003E,SD G003E BHZ ,36.630000,118.220000,0.0,70000000000.0,,
FJ,A0038,FJ A0038 BHZ ,25.690000,119.190000,0.0,70000000000.0,,
SC,51GYT,SC 51GYT BHZ ,29.110000,104.390000,0.0,70000000000.0,,
FJ,F1020,FJ F1020 BHZ ,24.670000,116.890000,0.0,70000000000.0,,
HE,JNX,HE JNX BHZ ,38.030000,114.150000,0.0,70000000000.0,,
AH,JIX,AH JIX BHZ ,30.700000,118.380000,0.0,70000000000.0,,
SC,W3315,SC W3315 BHZ ,28.170000,101.860000,0.0,70000000000.0,,
SC,K2501,SC K2501 BHZ ,29.670000,104.840000,0.0,70000000000.0,,
SD,N0051,SD N0051 BHZ ,37.540000,116.310000,0.0,70000000000.0,,
YN,PYS04,YN PYS04 BHZ ,26.690000,100.770000,0.0,70000000000.0,,
HE,A0048,HE A0048 BHZ ,38.090000,114.310000,0.0,70000000000.0,,
QH,F0023,QH F0023 BHZ ,34.710000,100.240000,0.0,70000000000.0,,
SC,V2414,SC V2414 BHZ ,28.480000,101.740000,0.0,70000000000.0,,
XJ,HTBQE,XJ HTBQE BHZ ,43.830000,86.330000,0.0,70000000000.0,,
HE,J0027,HE J0027 BHZ ,38.460000,117.170000,0.0,70000000000.0,,
QH,A0027,QH A0027 BHZ ,36.460000,101.420000,0.0,70000000000.0,,
XJ,Q004D,XJ Q004D BHZ ,38.980000,77.630000,0.0,70000000000.0,,
HE,D0066,HE D0066 BHZ ,36.670000,114.460000,0.0,70000000000.0,,
NX,D003F,NX D003F BHZ ,36.380000,106.310000,0.0,70000000000.0,,
AH,N0003,AH N0003 BHZ ,31.560000,116.280000,0.0,70000000000.0,,
FJ,B4410,FJ B4410 BHZ ,25.080000,119.120000,0.0,70000000000.0,,
FJ,J6007,FJ J6007 BHZ ,27.240000,119.980000,0.0,70000000000.0,,
YN,LMD01,YN LMD01 BHZ ,25.490000,100.430000,0.0,70000000000.0,,
YN,C2218,YN C2218 BHZ ,27.090000,103.040000,0.0,70000000000.0,,
GS,P0013,GS P0013 BHZ ,34.900000,103.840000,0.0,70000000000.0,,
XJ,P005D,XJ P005D BHZ ,39.770000,74.180000,0.0,70000000000.0,,
XJ,P006F,XJ P006F BHZ ,39.740000,75.480000,0.0,70000000000.0,,
HE,A0031,HE A0031 BHZ ,38.120000,114.020000,0.0,70000000000.0,,
SC,BA001,SC BA001 BHZ ,31.630000,104.200000,0.0,70000000000.0,,
SC,WZ001,SC WZ001 BHZ ,28.230000,102.790000,0.0,70000000000.0,,
HE,XIH,HE XIH BHZ ,37.530000,115.240000,0.0,70000000000.0,,
XJ,Q001C,XJ Q001C BHZ ,39.720000,77.120000,0.0,70000000000.0,,
FJ,PTAQ,FJ PTAQ BHZ ,25.460000,119.850000,0.0,70000000000.0,,
XZ,D0011,XZ D0011 BHZ ,29.300000,89.780000,0.0,70000000000.0,,
SC,D2202,SC D2202 BHZ ,27.110000,101.300000,0.0,70000000000.0,,
YN,F2503,YN F2503 BHZ ,24.670000,101.960000,0.0,70000000000.0,,
GS,JONDG,GS JONDG BHZ ,34.510000,103.190000,0.0,70000000000.0,,
SC,V2912,SC V2912 BHZ ,30.490000,100.450000,0.0,70000000000.0,,
QH,B0033,QH B0033 BHZ ,36.190000,102.700000,0.0,70000000000.0,,
GS,P0032,GS P0032 BHZ ,33.610000,104.320000,0.0,70000000000.0,,
GD,Q0407,GD Q0407 BHZ ,22.060000,112.220000,0.0,70000000000.0,,
YN,EY001,YN EY001 BHZ ,25.820000,101.860000,0.0,70000000000.0,,
HE,QTY,HE QTY BHZ ,39.530000,118.430000,0.0,70000000000.0,,
HE,B0004,HE B0004 BHZ ,39.460000,118.030000,0.0,70000000000.0,,
SD,A0023,SD A0023 BHZ ,36.970000,117.250000,0.0,70000000000.0,,
YN,G0105,YN G0105 BHZ ,23.250000,103.050000,0.0,70000000000.0,,
FJ,G7002,FJ G7002 BHZ ,26.390000,117.800000,0.0,70000000000.0,,
GZ,ZHS01,GZ ZHS01 BHZ ,26.640000,104.790000,0.0,70000000000.0,,
SC,YYMZP,SC YYMZP BHZ ,28.080000,101.780000,0.0,70000000000.0,,
GS,J004A,GS J004A BHZ ,35.030000,105.180000,0.0,70000000000.0,,
HA,GC001,HA GC001 BHZ ,35.200000,114.660000,0.0,70000000000.0,,
XJ,N000B,XJ N000B BHZ ,40.840000,80.020000,0.0,70000000000.0,,
YN,C0210,YN C0210 BHZ ,27.350000,103.800000,0.0,70000000000.0,,
GS,KT002,GS KT002 BHZ ,34.080000,104.240000,0.0,70000000000.0,,
QH,D0022,QH D0022 BHZ ,35.130000,101.950000,0.0,70000000000.0,,
SC,X2302,SC X2302 BHZ ,30.060000,106.770000,0.0,70000000000.0,,
YN,J2211,YN J2211 BHZ ,23.430000,101.700000,0.0,70000000000.0,,
FJ,A0017,FJ A0017 BHZ ,25.980000,118.930000,0.0,70000000000.0,,
GS,N0024,GS N0024 BHZ ,35.290000,103.410000,0.0,70000000000.0,,
SC,B2204,SC B2204 BHZ ,31.180000,104.990000,0.0,70000000000.0,,
YN,M2102,YN M2102 BHZ ,24.860000,99.240000,0.0,70000000000.0,,
HE,B0055,HE B0055 BHZ ,39.310000,118.840000,0.0,70000000000.0,,
SD,RD001,SD RD001 BHZ ,35.280000,115.120000,0.0,70000000000.0,,
YN,J2304,YN J2304 BHZ ,24.560000,100.720000,0.0,70000000000.0,,
YN,PN001,YN PN001 BHZ ,27.670000,100.820000,0.0,70000000000.0,,
FJ,J2004,FJ J2004 BHZ ,26.570000,118.930000,0.0,70000000000.0,,
HE,B0050,HE B0050 BHZ ,39.200000,118.960000,0.0,70000000000.0,,
GS,AH003,GS AH003 BHZ ,36.350000,102.850000,0.0,70000000000.0,,
SD,NQ002,SD NQ002 BHZ ,36.740000,116.760000,0.0,70000000000.0,,
HE,B0052,HE B0052 BHZ ,39.290000,118.730000,0.0,70000000000.0,,
SC,T2308,SC T2308 BHZ ,29.350000,102.710000,0.0,70000000000.0,,
GS,E0027,GS E0027 BHZ ,35.140000,105.600000,0.0,70000000000.0,,
GS,K0007,GS K0007 BHZ ,33.570000,105.520000,0.0,70000000000.0,,
SC,WL002,SC WL002 BHZ ,26.750000,102.460000,0.0,70000000000.0,,
HA,E0033,HA E0033 BHZ ,35.890000,114.440000,0.0,70000000000.0,,
SX,MG001,SX MG001 BHZ ,35.490000,111.580000,0.0,70000000000.0,,
GS,G0002,GS G0002 BHZ ,38.420000,101.120000,0.0,70000000000.0,,
YN,C2510,YN C2510 BHZ ,28.110000,103.500000,0.0,70000000000.0,,
GD,P2302,GD P2302 BHZ ,24.250000,114.870000,0.0,70000000000.0,,
XJ,BLT,XJ BLT BHZ ,42.940000,86.660000,0.0,70000000000.0,,
HE,TQ001,HE TQ001 BHZ ,37.690000,116.250000,0.0,70000000000.0,,
FJ,A5003,FJ A5003 BHZ ,26.050000,119.540000,0.0,70000000000.0,,
GS,E0009,GS E0009 BHZ ,34.720000,105.150000,0.0,70000000000.0,,
GD,B0402,GD B0402 BHZ ,22.550000,114.040000,0.0,70000000000.0,,
GD,P2216,GD P2216 BHZ ,23.960000,115.180000,0.0,70000000000.0,,
XJ,BM002,XJ BM002 BHZ ,44.620000,86.070000,0.0,70000000000.0,,
SC,B8114,SC B8114 BHZ ,31.890000,105.140000,0.0,70000000000.0,,
XJ,A0024,XJ A0024 BHZ ,43.680000,87.370000,0.0,70000000000.0,,
HE,D0017,HE D0017 BHZ ,36.540000,114.120000,0.0,70000000000.0,,
YN,PYL03,YN PYL03 BHZ ,27.050000,100.120000,0.0,70000000000.0,,
XZ,PLA,XZ PLA BHZ ,30.190000,81.270000,0.0,70000000000.0,,
SC,LXSM,SC LXSM BHZ ,31.690000,103.130000,0.0,70000000000.0,,
SD,G004B,SD G004B BHZ ,36.850000,118.800000,0.0,70000000000.0,,
SN,E0027,SN E0027 BHZ ,35.550000,110.510000,0.0,70000000000.0,,
GS,N004E,GS N004E BHZ ,35.480000,103.050000,0.0,70000000000.0,,
GD,CX002,GD CX002 BHZ ,22.410000,113.640000,0.0,70000000000.0,,
SC,YXMH,SC YXMH BHZ ,28.850000,102.580000,0.0,70000000000.0,,
YN,J2806,YN J2806 BHZ ,22.340000,99.980000,0.0,70000000000.0,,
XJ,PT005,XJ PT005 BHZ ,39.800000,76.430000,0.0,70000000000.0,,
XJ,E001F,XJ E001F BHZ ,44.400000,82.820000,0.0,70000000000.0,,
YN,SSJ01,YN SSJ01 BHZ ,23.490000,99.840000,0.0,70000000000.0,,
SX,M0036,SX M0036 BHZ ,35.530000,110.690000,0.0,70000000000.0,,
XJ,E0001,XJ E0001 BHZ ,45.170000,82.580000,0.0,70000000000.0,,
SC,A8510,SC A8510 BHZ ,30.270000,104.240000,0.0,70000000000.0,,
HA,E0005,HA E0005 BHZ ,35.500000,114.910000,0.0,70000000000.0,,
SD,N0019,SD N0019 BHZ ,37.520000,116.840000,0.0,70000000000.0,,
GD,X0604,GD X0604 BHZ ,22.930000,113.140000,0.0,70000000000.0,,
SD,J002B,SD J002B BHZ ,36.060000,117.060000,0.0,70000000000.0,,
XJ,F0067,XJ F0067 BHZ ,43.980000,81.250000,0.0,70000000000.0,,
YN,D2622,YN D2622 BHZ ,26.810000,103.650000,0.0,70000000000.0,,
SD,H0038,SD H0038 BHZ ,35.640000,117.480000,0.0,70000000000.0,,
SD,N002F,SD N002F BHZ ,36.880000,116.930000,0.0,70000000000.0,,
GD,X0606,GD X0606 BHZ ,22.810000,113.070000,0.0,70000000000.0,,
HE,B0107,HE B0107 BHZ ,39.160000,118.480000,0.0,70000000000.0,,
SN,C0012,SN C0012 BHZ ,34.520000,106.390000,0.0,70000000000.0,,
SC,DPDS,SC DPDS BHZ ,30.060000,103.880000,0.0,70000000000.0,,
FJ,J5006,FJ J5006 BHZ ,27.050000,119.380000,0.0,70000000000.0,,
YN,ALQ03,YN ALQ03 BHZ ,26.260000,102.530000,0.0,70000000000.0,,
GD,V0203,GD V0203 BHZ ,23.480000,116.320000,0.0,70000000000.0,,
FJ,C5510,FJ C5510 BHZ ,25.380000,118.130000,0.0,70000000000.0,,
NX,D003B,NX D003B BHZ ,35.900000,106.270000,0.0,70000000000.0,,
SD,R0067,SD R0067 BHZ ,35.250000,115.430000,0.0,70000000000.0,,
FJ,E6608,FJ E6608 BHZ ,24.700000,117.060000,0.0,70000000000.0,,
SC,VU003,SC VU003 BHZ ,31.380000,99.110000,0.0,70000000000.0,,
YN,MS002,YN MS002 BHZ ,24.610000,99.230000,0.0,70000000000.0,,
QH,C0031,QH C0031 BHZ ,37.500000,101.230000,0.0,70000000000.0,,
HE,B0059,HE B0059 BHZ ,39.260000,118.970000,0.0,70000000000.0,,
QH,A0057,QH A0057 BHZ ,36.600000,101.240000,0.0,70000000000.0,,
GS,HT006,GS HT006 BHZ ,36.980000,103.150000,0.0,70000000000.0,,
TJ,XT001,TJ XT001 BHZ ,39.080000,117.690000,0.0,70000000000.0,,
HE,A0071,HE A0071 BHZ ,38.260000,115.230000,0.0,70000000000.0,,
GD,J8316,GD J8316 BHZ ,22.530000,112.710000,0.0,70000000000.0,,
QH,C0034,QH C0034 BHZ ,37.350000,101.410000,0.0,70000000000.0,,
HA,B0008,HA B0008 BHZ ,34.940000,114.870000,0.0,70000000000.0,,
XZ,C0015,XZ C0015 BHZ ,29.320000,92.190000,0.0,70000000000.0,,
SC,C2207,SC C2207 BHZ ,29.070000,104.810000,0.0,70000000000.0,,
GS,H0027,GS H0027 BHZ ,36.890000,102.730000,0.0,70000000000.0,,
GS,FG205,GS FG205 BHZ ,40.680000,96.420000,0.0,70000000000.0,,
SC,YBHM,SC YBHM BHZ ,26.830000,101.440000,0.0,70000000000.0,,
GD,M2409,GD M2409 BHZ ,23.800000,115.460000,0.0,70000000000.0,,
GD,S0004,GD S0004 BHZ ,23.100000,113.740000,0.0,70000000000.0,,
AH,CG001,AH CG001 BHZ ,33.340000,117.360000,0.0,70000000000.0,,
SD,P0043,SD P0043 BHZ ,36.310000,115.450000,0.0,70000000000.0,,
HE,A0055,HE A0055 BHZ ,38.450000,114.130000,0.0,70000000000.0,,
GS,DY003,GS DY003 BHZ ,36.260000,104.580000,0.0,70000000000.0,,
CQ,S0001,CQ S0001 BHZ ,30.320000,107.320000,0.0,70000000000.0,,
XJ,FY002,XJ FY002 BHZ ,43.970000,81.150000,0.0,70000000000.0,,
XJ,BLEXY,XJ BLEXY BHZ ,44.730000,81.160000,0.0,70000000000.0,,
YN,D2605,YN D2605 BHZ ,26.950000,103.470000,0.0,70000000000.0,,
HE,JR001,HE JR001 BHZ ,37.630000,116.390000,0.0,70000000000.0,,
GD,L2312,GD L2312 BHZ ,22.720000,114.740000,0.0,70000000000.0,,
SD,SSH,SD SSH BHZ ,35.560000,117.390000,0.0,70000000000.0,,
YN,MLY02,YN MLY02 BHZ ,25.400000,98.860000,0.0,70000000000.0,,
SC,HJFWS,SC HJFWS BHZ ,28.630000,105.680000,0.0,70000000000.0,,
GD,V2210,GD V2210 BHZ ,23.410000,115.900000,0.0,70000000000.0,,
SX,K0028,SX K0028 BHZ ,37.340000,113.900000,0.0,70000000000.0,,
GX,GB001,GX GB001 BHZ ,23.730000,109.230000,0.0,70000000000.0,,
XJ,BF001,XJ BF001 BHZ ,44.170000,87.980000,0.0,70000000000.0,,
SC,BAX,SC BAX BHZ ,30.370000,102.810000,0.0,70000000000.0,,
SC,Q2902,SC Q2902 BHZ ,28.650000,104.160000,0.0,70000000000.0,,
SD,A000D,SD A000D BHZ ,36.290000,116.390000,0.0,70000000000.0,,
GS,C0007,GS C0007 BHZ ,38.210000,102.540000,0.0,70000000000.0,,
FJ,E6712,FJ E6712 BHZ ,24.290000,117.270000,0.0,70000000000.0,,
YN,N2405,YN N2405 BHZ ,24.250000,98.010000,0.0,70000000000.0,,
QH,HULXJ,QH HULXJ BHZ ,36.070000,102.250000,0.0,70000000000.0,,
XJ,N0024,XJ N0024 BHZ ,41.650000,81.730000,0.0,70000000000.0,,
GS,FS205,GS FS205 BHZ ,39.710000,98.510000,0.0,70000000000.0,,
SC,UL001,SC UL001 BHZ ,31.500000,103.210000,0.0,70000000000.0,,
SD,QUAZ,SD QUAZ BHZ ,35.900000,118.380000,0.0,70000000000.0,,
HE,J0046,HE J0046 BHZ ,38.590000,116.050000,0.0,70000000000.0,,
FJ,B4301,FJ B4301 BHZ ,25.310000,119.210000,0.0,70000000000.0,,
NX,DJ002,NX DJ002 BHZ ,35.420000,106.360000,0.0,70000000000.0,,
GS,P0010,GS P0010 BHZ ,33.380000,101.970000,0.0,70000000000.0,,
XJ,F004F,XJ F004F BHZ ,43.210000,81.950000,0.0,70000000000.0,,
YN,N2401,YN N2401 BHZ ,24.370000,97.970000,0.0,70000000000.0,,
YN,C2420,YN C2420 BHZ ,27.930000,103.830000,0.0,70000000000.0,,
YN,QL001,YN QL001 BHZ ,26.870000,99.380000,0.0,70000000000.0,,
SC,W3603,SC W3603 BHZ ,28.430000,102.950000,0.0,70000000000.0,,
GS,P002F,GS P002F BHZ ,33.700000,104.160000,0.0,70000000000.0,,
YN,JMJ04,YN JMJ04 BHZ ,23.770000,101.270000,0.0,70000000000.0,,
XJ,N002B,XJ N002B BHZ ,41.680000,81.140000,0.0,70000000000.0,,
SD,P0019,SD P0019 BHZ ,36.600000,116.270000,0.0,70000000000.0,,
SC,W2901,SC W2901 BHZ ,27.430000,102.820000,0.0,70000000000.0,,
HE,A0092,HE A0092 BHZ ,37.870000,114.400000,0.0,70000000000.0,,
XJ,Q007D,XJ Q007D BHZ ,37.740000,77.480000,0.0,70000000000.0,,
SN,E0050,SN E0050 BHZ ,34.810000,109.870000,0.0,70000000000.0,,
GD,K0407,GD K0407 BHZ ,21.610000,111.340000,0.0,70000000000.0,,
XJ,E0017,XJ E0017 BHZ ,44.380000,82.480000,0.0,70000000000.0,,
GD,YGJ,GD YGJ BHZ ,21.860000,111.960000,0.0,70000000000.0,,
YN,MSD01,YN MSD01 BHZ ,24.720000,99.190000,0.0,70000000000.0,,
HE,E0059,HE E0059 BHZ ,37.230000,114.190000,0.0,70000000000.0,,
GS,E0022,GS E0022 BHZ ,34.940000,106.010000,0.0,70000000000.0,,
YN,J2103,YN J2103 BHZ ,23.520000,101.170000,0.0,70000000000.0,,
SD,R006B,SD R006B BHZ ,35.280000,115.340000,0.0,70000000000.0,,
HA,B001B,HA B001B BHZ ,34.780000,114.680000,0.0,70000000000.0,,
GS,K006D,GS K006D BHZ ,34.280000,104.160000,0.0,70000000000.0,,
QH,JUZSH,QH JUZSH BHZ ,33.540000,100.930000,0.0,70000000000.0,,
FJ,A4004,FJ A4004 BHZ ,26.290000,119.250000,0.0,70000000000.0,,
SD,J0022,SD J0022 BHZ ,35.950000,117.380000,0.0,70000000000.0,,
SD,C0004,SD C0004 BHZ ,37.110000,117.670000,0.0,70000000000.0,,
GD,K8111,GD K8111 BHZ ,22.220000,111.300000,0.0,70000000000.0,,
SD,J0015,SD J0015 BHZ ,35.910000,116.990000,0.0,70000000000.0,,
GX,AH001,GX AH001 BHZ ,23.030000,109.250000,0.0,70000000000.0,,
XZ,A0048,XZ A0048 BHZ ,29.790000,91.520000,0.0,70000000000.0,,
HE,BE003,HE BE003 BHZ ,39.430000,118.330000,0.0,70000000000.0,,
XJ,Q0093,XJ Q0093 BHZ ,39.000000,77.100000,0.0,70000000000.0,,
SC,W3107,SC W3107 BHZ ,28.020000,103.230000,0.0,70000000000.0,,
FJ,C5604,FJ C5604 BHZ ,25.800000,118.330000,0.0,70000000000.0,,
FJ,B4006,FJ B4006 BHZ ,25.380000,118.630000,0.0,70000000000.0,,
FJ,F1009,FJ F1009 BHZ ,24.700000,116.970000,0.0,70000000000.0,,
FJ,E6107,FJ E6107 BHZ ,24.540000,117.710000,0.0,70000000000.0,,
YN,LD005,YN LD005 BHZ ,25.790000,100.120000,0.0,70000000000.0,,
XJ,QI001,XJ QI001 BHZ ,38.960000,76.150000,0.0,70000000000.0,,
LN,H0017,LN H0017 BHZ ,40.350000,122.410000,0.0,70000000000.0,,
NX,A0011,NX A0011 BHZ ,38.510000,106.460000,0.0,70000000000.0,,
GD,G2503,GD G2503 BHZ ,20.290000,109.960000,0.0,70000000000.0,,
GS,E0038,GS E0038 BHZ ,34.460000,105.700000,0.0,70000000000.0,,
HE,A0020,HE A0020 BHZ ,38.070000,115.160000,0.0,70000000000.0,,
YN,K2310,YN K2310 BHZ ,21.690000,101.580000,0.0,70000000000.0,,
HE,T0014,HE T0014 BHZ ,37.370000,115.540000,0.0,70000000000.0,,
HE,J0014,HE J0014 BHZ ,37.810000,116.620000,0.0,70000000000.0,,
SD,A0038,SD A0038 BHZ ,36.820000,117.150000,0.0,70000000000.0,,
SD,H0048,SD H0048 BHZ ,35.170000,116.230000,0.0,70000000000.0,,
SC,B0503,SC B0503 BHZ ,31.560000,104.420000,0.0,70000000000.0,,
YN,D2631,YN D2631 BHZ ,25.970000,103.540000,0.0,70000000000.0,,
FJ,J1001,FJ J1001 BHZ ,27.060000,119.870000,0.0,70000000000.0,,
YN,53PRX,YN 53PRX BHZ ,22.780000,100.970000,0.0,70000000000.0,,
GS,WUDFX,GS WUDFX BHZ ,32.900000,105.310000,0.0,70000000000.0,,
XJ,M0021,XJ M0021 BHZ ,42.010000,86.430000,0.0,70000000000.0,,
TJ,A0043,TJ A0043 BHZ ,39.340000,117.050000,0.0,70000000000.0,,
SD,LAIC,SD LAIC BHZ ,36.380000,117.560000,0.0,70000000000.0,,
XJ,BM006,XJ BM006 BHZ ,44.090000,86.110000,0.0,70000000000.0,,
XJ,E0011,XJ E0011 BHZ ,44.920000,82.020000,0.0,70000000000.0,,
SC,V2514,SC V2514 BHZ ,29.420000,101.230000,0.0,70000000000.0,,
SD,M000C,SD M000C BHZ ,37.010000,117.370000,0.0,70000000000.0,,
XJ,Q0020,XJ Q0020 BHZ ,39.460000,76.870000,0.0,70000000000.0,,
SD,H000C,SD H000C BHZ ,35.870000,116.230000,0.0,70000000000.0,,
HE,A0038,HE A0038 BHZ ,38.480000,114.230000,0.0,70000000000.0,,
GD,M2201,GD M2201 BHZ ,24.340000,116.530000,0.0,70000000000.0,,
XJ,Q0015,XJ Q0015 BHZ ,39.510000,78.280000,0.0,70000000000.0,,
XJ,B0048,XJ B0048 BHZ ,44.300000,86.330000,0.0,70000000000.0,,
GD,J8507,GD J8507 BHZ ,22.120000,112.260000,0.0,70000000000.0,,
YN,C2612,YN C2612 BHZ ,28.420000,103.950000,0.0,70000000000.0,,
XJ,N0051,XJ N0051 BHZ ,40.730000,80.380000,0.0,70000000000.0,,
GS,D0002,GS D0002 BHZ ,36.390000,104.240000,0.0,70000000000.0,,
NX,D000C,NX D000C BHZ ,35.600000,106.000000,0.0,70000000000.0,,
SC,Q2106,SC Q2106 BHZ ,29.040000,104.230000,0.0,70000000000.0,,
YN,EMD01,YN EMD01 BHZ ,25.350000,101.380000,0.0,70000000000.0,,
SC,VY001,SC VY001 BHZ ,30.120000,100.520000,0.0,70000000000.0,,
SC,T2602,SC T2602 BHZ ,30.270000,102.940000,0.0,70000000000.0,,
GD,H2302,GD H2302 BHZ ,23.380000,112.400000,0.0,70000000000.0,,
SD,G003C,SD G003C BHZ ,36.620000,118.530000,0.0,70000000000.0,,
GS,EQ002,GS EQ002 BHZ ,34.560000,105.560000,0.0,70000000000.0,,
SX,M0085,SX M0085 BHZ ,35.540000,111.030000,0.0,70000000000.0,,
FJ,D2303,FJ D2303 BHZ ,24.540000,118.020000,0.0,70000000000.0,,
SD,G0030,SD G0030 BHZ ,36.210000,118.440000,0.0,70000000000.0,,
AH,CH001,AH CH001 BHZ ,32.990000,117.190000,0.0,70000000000.0,,
SD,A0020,SD A0020 BHZ ,36.900000,117.410000,0.0,70000000000.0,,
FJ,JZ101,FJ JZ101 BHZ ,27.210000,119.900000,0.0,70000000000.0,,
FJ,G6011,FJ G6011 BHZ ,26.190000,118.080000,0.0,70000000000.0,,
FJ,A0023,FJ A0023 BHZ ,25.710000,119.450000,0.0,70000000000.0,,
XJ,N000C,XJ N000C BHZ ,41.530000,79.810000,0.0,70000000000.0,,
GS,L001E,GS L001E BHZ ,35.550000,105.640000,0.0,70000000000.0,,
GS,ZGXYH,GS ZGXYH BHZ ,34.810000,104.310000,0.0,70000000000.0,,
HA,G0036,HA G0036 BHZ ,34.960000,113.860000,0.0,70000000000.0,,
XJ,N000A,XJ N000A BHZ ,41.380000,80.620000,0.0,70000000000.0,,
XJ,AJ005,XJ AJ005 BHZ ,43.870000,87.370000,0.0,70000000000.0,,
NX,BH002,NX BH002 BHZ ,39.180000,106.680000,0.0,70000000000.0,,
SC,K2504,SC K2504 BHZ ,29.930000,104.660000,0.0,70000000000.0,,
XJ,Q0028,XJ Q0028 BHZ ,39.380000,76.480000,0.0,70000000000.0,,
GS,E002C,GS E002C BHZ ,34.990000,105.750000,0.0,70000000000.0,,
XJ,TEKQT,XJ TEKQT BHZ ,42.900000,81.770000,0.0,70000000000.0,,
XJ,F0059,XJ F0059 BHZ ,43.500000,83.610000,0.0,70000000000.0,,
YN,D2613,YN D2613 BHZ ,26.390000,103.530000,0.0,70000000000.0,,
GD,P2512,GD P2512 BHZ ,23.730000,114.460000,0.0,70000000000.0,,
GS,HZGMJ,GS HZGMJ BHZ ,35.320000,103.170000,0.0,70000000000.0,,
SC,AQ001,SC AQ001 BHZ ,30.780000,104.280000,0.0,70000000000.0,,
QH,ET022,QH ET022 BHZ ,34.720000,100.790000,0.0,70000000000.0,,
SC,W2809,SC W2809 BHZ ,27.540000,102.460000,0.0,70000000000.0,,
XJ,QS002,XJ QS002 BHZ ,39.520000,76.390000,0.0,70000000000.0,,
YN,C2734,YN C2734 BHZ ,27.410000,104.510000,0.0,70000000000.0,,
SD,H0050,SD H0050 BHZ ,34.850000,117.060000,0.0,70000000000.0,,
GS,AQ002,GS AQ002 BHZ ,35.920000,103.830000,0.0,70000000000.0,,
FJ,HS001,FJ HS001 BHZ ,26.800000,117.810000,0.0,70000000000.0,,
HE,B0020,HE B0020 BHZ ,39.620000,117.850000,0.0,70000000000.0,,
GS,K0021,GS K0021 BHZ ,33.600000,105.180000,0.0,70000000000.0,,
SC,BB004,SC BB004 BHZ ,31.850000,104.150000,0.0,70000000000.0,,
FJ,LJDD,FJ LJDD BHZ ,26.220000,119.590000,0.0,70000000000.0,,
XJ,N0056,XJ N0056 BHZ ,41.330000,79.170000,0.0,70000000000.0,,
XJ,F004E,XJ F004E BHZ ,43.110000,82.140000,0.0,70000000000.0,,
FJ,DH101,FJ DH101 BHZ ,24.490000,118.080000,0.0,70000000000.0,,
SD,P0013,SD P0013 BHZ ,36.830000,115.860000,0.0,70000000000.0,,
SC,T0209,SC T0209 BHZ ,30.130000,103.060000,0.0,70000000000.0,,
XZ,A0033,XZ A0033 BHZ ,29.990000,91.900000,0.0,70000000000.0,,
YN,PYS03,YN PYS03 BHZ ,26.450000,101.060000,0.0,70000000000.0,,
HE,KUC,HE KUC BHZ ,40.590000,118.470000,0.0,70000000000.0,,
GS,L0016,GS L0016 BHZ ,35.540000,105.700000,0.0,70000000000.0,,
SD,P003D,SD P003D BHZ ,36.300000,115.610000,0.0,70000000000.0,,
SD,G003F,SD G003F BHZ ,36.670000,118.400000,0.0,70000000000.0,,
YN,MCN02,YN MCN02 BHZ ,24.700000,99.480000,0.0,70000000000.0,,
NX,C001F,NX C001F BHZ ,37.100000,105.800000,0.0,70000000000.0,,
GS,L004A,GS L004A BHZ ,35.150000,105.880000,0.0,70000000000.0,,
SC,C2101,SC C2101 BHZ ,29.250000,104.430000,0.0,70000000000.0,,
YN,C3002,YN C3002 BHZ ,28.560000,104.230000,0.0,70000000000.0,,
SN,E0047,SN E0047 BHZ ,34.930000,109.980000,0.0,70000000000.0,,
YN,S2506,YN S2506 BHZ ,23.400000,100.040000,0.0,70000000000.0,,
YN,L3204,YN L3204 BHZ ,26.510000,100.200000,0.0,70000000000.0,,
LN,B001A,LN B001A BHZ ,39.650000,121.470000,0.0,70000000000.0,,
FJ,C5605,FJ C5605 BHZ ,25.770000,118.230000,0.0,70000000000.0,,
SC,JNZE,SC JNZE BHZ ,28.370000,101.650000,0.0,70000000000.0,,
YN,G2801,YN G2801 BHZ ,22.890000,103.070000,0.0,70000000000.0,,
SC,Z2109,SC Z2109 BHZ ,29.920000,104.400000,0.0,70000000000.0,,
GX,AW002,GX AW002 BHZ ,23.380000,107.900000,0.0,70000000000.0,,
HA,G0024,HA G0024 BHZ ,35.220000,113.920000,0.0,70000000000.0,,
YN,Q2507,YN Q2507 BHZ ,26.360000,99.140000,0.0,70000000000.0,,
HE,A0051,HE A0051 BHZ ,37.890000,114.720000,0.0,70000000000.0,,
FJ,J3005,FJ J3005 BHZ ,26.900000,118.980000,0.0,70000000000.0,,
FJ,FACY,FJ FACY BHZ ,27.100000,119.680000,0.0,70000000000.0,,
NX,E0002,NX E0002 BHZ ,36.440000,105.980000,0.0,70000000000.0,,
LN,B003D,LN B003D BHZ ,39.170000,122.060000,0.0,70000000000.0,,
QH,A0021,QH A0021 BHZ ,37.220000,101.530000,0.0,70000000000.0,,
QH,CM016,QH CM016 BHZ ,37.570000,101.440000,0.0,70000000000.0,,
SD,R0055,SD R0055 BHZ ,35.540000,116.100000,0.0,70000000000.0,,
NX,HSBDH,NX HSBDH BHZ ,37.190000,105.820000,0.0,70000000000.0,,
GS,J005D,GS J005D BHZ ,35.130000,104.280000,0.0,70000000000.0,,
SD,A002A,SD A002A BHZ ,36.510000,116.840000,0.0,70000000000.0,,
HA,G002A,HA G002A BHZ ,35.480000,114.210000,0.0,70000000000.0,,
SC,U2308,SC U2308 BHZ ,31.760000,103.830000,0.0,70000000000.0,,
LN,H002D,LN H002D BHZ ,40.410000,122.790000,0.0,70000000000.0,,
XJ,F0001,XJ F0001 BHZ ,43.730000,80.650000,0.0,70000000000.0,,
YN,C2211,YN C2211 BHZ ,26.950000,103.230000,0.0,70000000000.0,,
SC,UJ003,SC UJ003 BHZ ,30.970000,102.640000,0.0,70000000000.0,,
XJ,TEKQL,XJ TEKQL BHZ ,43.230000,81.640000,0.0,70000000000.0,,
XJ,B002F,XJ B002F BHZ ,43.870000,89.070000,0.0,70000000000.0,,
SC,FS002,SC FS002 BHZ ,31.060000,104.120000,0.0,70000000000.0,,
YN,M8105,YN M8105 BHZ ,25.330000,98.280000,0.0,70000000000.0,,
GX,GC004,GX GC004 BHZ ,24.260000,108.760000,0.0,70000000000.0,,
FJ,B4007,FJ B4007 BHZ ,25.320000,118.570000,0.0,70000000000.0,,
YN,P0203,YN P0203 BHZ ,26.950000,100.360000,0.0,70000000000.0,,
HE,D0029,HE D0029 BHZ ,36.930000,115.020000,0.0,70000000000.0,,
CQ,TOLTP,CQ TOLTP BHZ ,29.920000,105.980000,0.0,70000000000.0,,
QH,B0031,QH B0031 BHZ ,36.240000,102.690000,0.0,70000000000.0,,
SC,MZQP,SC MZQP BHZ ,31.520000,104.100000,0.0,70000000000.0,,
GD,Q2102,GD Q2102 BHZ ,21.610000,111.440000,0.0,70000000000.0,,
NX,D0003,NX D0003 BHZ ,35.430000,106.400000,0.0,70000000000.0,,
YN,J0207,YN J0207 BHZ ,22.760000,100.930000,0.0,70000000000.0,,
YN,F2806,YN F2806 BHZ ,23.830000,102.090000,0.0,70000000000.0,,
HE,DT001,HE DT001 BHZ ,36.360000,114.930000,0.0,70000000000.0,,
QH,B0084,QH B0084 BHZ ,36.010000,102.590000,0.0,70000000000.0,,
SC,51NXT,SC 51NXT BHZ ,28.840000,104.970000,0.0,70000000000.0,,
SC,B2202,SC B2202 BHZ ,31.290000,104.930000,0.0,70000000000.0,,
FJ,H2007,FJ H2007 BHZ ,27.050000,117.870000,0.0,70000000000.0,,
YN,A2901,YN A2901 BHZ ,25.830000,102.980000,0.0,70000000000.0,,
GS,KH001,GS KH001 BHZ ,33.830000,105.970000,0.0,70000000000.0,,
SC,R2502,SC R2502 BHZ ,30.980000,105.760000,0.0,70000000000.0,,
FJ,C5423,FJ C5423 BHZ ,25.110000,118.080000,0.0,70000000000.0,,
SX,LS001,SX LS001 BHZ ,36.420000,111.540000,0.0,70000000000.0,,
HE,F0084,HE F0084 BHZ ,38.790000,114.620000,0.0,70000000000.0,,
YN,K2301,YN K2301 BHZ ,21.740000,101.640000,0.0,70000000000.0,,
HE,B0033,HE B0033 BHZ ,39.530000,118.690000,0.0,70000000000.0,,
QH,C0042,QH C0042 BHZ ,37.710000,100.670000,0.0,70000000000.0,,
GS,K004E,GS K004E BHZ ,34.140000,106.530000,0.0,70000000000.0,,
SX,M0089,SX M0089 BHZ ,35.410000,110.710000,0.0,70000000000.0,,
HE,E0061,HE E0061 BHZ ,37.160000,113.940000,0.0,70000000000.0,,
YN,MT004,YN MT004 BHZ ,24.940000,98.670000,0.0,70000000000.0,,
HE,D0020,HE D0020 BHZ ,36.560000,115.160000,0.0,70000000000.0,,
YN,K2303,YN K2303 BHZ ,21.300000,101.300000,0.0,70000000000.0,,
XJ,P0024,XJ P0024 BHZ ,38.910000,75.240000,0.0,70000000000.0,,
XJ,N0029,XJ N0029 BHZ ,41.870000,82.050000,0.0,70000000000.0,,
GD,M2603,GD M2603 BHZ ,24.740000,115.800000,0.0,70000000000.0,,
YN,ECX01,YN ECX01 BHZ ,25.070000,101.690000,0.0,70000000000.0,,
SD,R002F,SD R002F BHZ ,35.130000,115.630000,0.0,70000000000.0,,
NX,D0022,NX D0022 BHZ ,36.060000,105.930000,0.0,70000000000.0,,
SD,H0055,SD H0055 BHZ ,35.180000,116.700000,0.0,70000000000.0,,
YN,E2807,YN E2807 BHZ ,25.880000,101.780000,0.0,70000000000.0,,
YN,GSP02,YN GSP02 BHZ ,23.730000,102.520000,0.0,70000000000.0,,
YN,C2318,YN C2318 BHZ ,28.320000,104.270000,0.0,70000000000.0,,
SD,P004B,SD P004B BHZ ,36.090000,115.740000,0.0,70000000000.0,,
SD,DZH,SD DZH BHZ ,37.450000,116.300000,0.0,70000000000.0,,
SC,VL001,SC VL001 BHZ ,29.910000,102.220000,0.0,70000000000.0,,
HA,G003A,HA G003A BHZ ,35.070000,114.210000,0.0,70000000000.0,,
SX,L0007,SX L0007 BHZ ,36.630000,110.710000,0.0,70000000000.0,,
TJ,CHK,TJ CHK BHZ ,39.520000,117.210000,0.0,70000000000.0,,
FJ,A8008,FJ A8008 BHZ ,26.470000,119.430000,0.0,70000000000.0,,
QH,A0032,QH A0032 BHZ ,36.770000,101.670000,0.0,70000000000.0,,
HE,J0008,HE J0008 BHZ ,38.300000,117.030000,0.0,70000000000.0,,
SC,Q0202,SC Q0202 BHZ ,28.800000,104.800000,0.0,70000000000.0,,
GS,YDGLS,GS YDGLS BHZ ,36.800000,103.320000,0.0,70000000000.0,,
YN,C2110,YN C2110 BHZ ,27.200000,103.550000,0.0,70000000000.0,,
SC,W3706,SC W3706 BHZ ,28.310000,103.620000,0.0,70000000000.0,,
GX,AS001,GX AS001 BHZ ,23.440000,108.590000,0.0,70000000000.0,,
SD,P0014,SD P0014 BHZ ,36.750000,115.680000,0.0,70000000000.0,,
GS,WUDMJ,GS WUDMJ BHZ ,33.540000,104.920000,0.0,70000000000.0,,
XJ,A000F,XJ A000F BHZ ,44.030000,87.800000,0.0,70000000000.0,,
SD,H0045,SD H0045 BHZ ,35.080000,116.160000,0.0,70000000000.0,,
SX,B0077,SX B0077 BHZ ,39.490000,114.330000,0.0,70000000000.0,,
XZ,E0019,XZ E0019 BHZ ,31.710000,92.450000,0.0,70000000000.0,,
JS,K0001,JS K0001 BHZ ,33.100000,119.570000,0.0,70000000000.0,,
XZ,NMA,XZ NMA BHZ ,31.800000,87.230000,0.0,70000000000.0,,
HE,A0035,HE A0035 BHZ ,38.350000,114.430000,0.0,70000000000.0,,
SC,V2403,SC V2403 BHZ ,28.680000,101.900000,0.0,70000000000.0,,
GS,GLGXJ,GS GLGXJ BHZ ,37.580000,103.340000,0.0,70000000000.0,,
QH,C0028,QH C0028 BHZ ,37.710000,101.310000,0.0,70000000000.0,,
GD,A1807,GD A1807 BHZ ,23.300000,113.630000,0.0,70000000000.0,,
GD,AH001,GD AH001 BHZ ,23.100000,113.280000,0.0,70000000000.0,,
GD,M8106,GD M8106 BHZ ,24.210000,115.920000,0.0,70000000000.0,,
XJ,A0031,XJ A0031 BHZ ,43.310000,87.200000,0.0,70000000000.0,,
FJ,E6408,FJ E6408 BHZ ,23.760000,117.120000,0.0,70000000000.0,,
SC,ZR001,SC ZR001 BHZ ,29.990000,104.130000,0.0,70000000000.0,,
XJ,N0015,XJ N0015 BHZ ,41.160000,79.970000,0.0,70000000000.0,,
YN,P2119,YN P2119 BHZ ,27.450000,100.220000,0.0,70000000000.0,,
XJ,P001B,XJ P001B BHZ ,38.050000,76.160000,0.0,70000000000.0,,
XJ,Q0006,XJ Q0006 BHZ ,39.820000,78.670000,0.0,70000000000.0,,
GS,L0019,GS L0019 BHZ ,35.400000,105.610000,0.0,70000000000.0,,
XJ,E0002,XJ E0002 BHZ ,44.440000,81.830000,0.0,70000000000.0,,
SC,B2209,SC B2209 BHZ ,30.790000,105.180000,0.0,70000000000.0,,
HA,E0012,HA E0012 BHZ ,36.200000,114.370000,0.0,70000000000.0,,
SD,M0037,SD M0037 BHZ ,37.460000,117.980000,0.0,70000000000.0,,
GX,MY003,GX MY003 BHZ ,24.410000,108.390000,0.0,70000000000.0,,
GS,HG003,GS HG003 BHZ ,37.480000,103.530000,0.0,70000000000.0,,
SC,T2303,SC T2303 BHZ ,29.210000,102.840000,0.0,70000000000.0,,
XJ,MR002,XJ MR002 BHZ ,39.250000,88.880000,0.0,70000000000.0,,
YN,L2701,YN L2701 BHZ ,25.410000,100.240000,0.0,70000000000.0,,
YN,SCY03,YN SCY03 BHZ ,23.310000,99.510000,0.0,70000000000.0,,
GD,M2303,GD M2303 BHZ ,24.070000,116.320000,0.0,70000000000.0,,
GD,J8504,GD J8504 BHZ ,22.200000,112.310000,0.0,70000000000.0,,
HE,B0113,HE B0113 BHZ ,39.760000,117.700000,0.0,70000000000.0,,
HA,J0011,HA J0011 BHZ ,35.730000,115.140000,0.0,70000000000.0,,
QH,B0050,QH B0050 BHZ ,36.850000,102.060000,0.0,70000000000.0,,
XJ,F005C,XJ F005C BHZ ,43.460000,82.580000,0.0,70000000000.0,,
YN,J2819,YN J2819 BHZ ,22.950000,100.220000,0.0,70000000000.0,,
XJ,WQAWL,XJ WQAWL BHZ ,39.790000,74.470000,0.0,70000000000.0,,
SC,V3421,SC V3421 BHZ ,29.750000,99.800000,0.0,70000000000.0,,
XJ,F0066,XJ F0066 BHZ ,43.540000,83.120000,0.0,70000000000.0,,
YN,J2201,YN J2201 BHZ ,23.050000,101.860000,0.0,70000000000.0,,
NX,TXXL,NX TXXL BHZ ,36.950000,105.870000,0.0,70000000000.0,,
GD,VJ001,GD VJ001 BHZ ,23.550000,116.180000,0.0,70000000000.0,,
GD,M0308,GD M0308 BHZ ,24.520000,116.400000,0.0,70000000000.0,,
QH,D0033,QH D0033 BHZ ,35.130000,101.460000,0.0,70000000000.0,,
GD,DC007,GD DC007 BHZ ,23.140000,116.510000,0.0,70000000000.0,,
SC,W2801,SC W2801 BHZ ,27.310000,102.570000,0.0,70000000000.0,,
SC,V2710,SC V2710 BHZ ,31.680000,100.900000,0.0,70000000000.0,,
SD,C002E,SD C002E BHZ ,36.730000,117.920000,0.0,70000000000.0,,
FJ,A8004,FJ A8004 BHZ ,26.510000,119.540000,0.0,70000000000.0,,
SD,P0023,SD P0023 BHZ ,36.380000,116.440000,0.0,70000000000.0,,
HE,J0053,HE J0053 BHZ ,38.330000,116.200000,0.0,70000000000.0,,
SD,R003A,SD R003A BHZ ,35.320000,115.180000,0.0,70000000000.0,,
GS,E0033,GS E0033 BHZ ,34.380000,105.770000,0.0,70000000000.0,,
HE,B0104,HE B0104 BHZ ,39.220000,118.660000,0.0,70000000000.0,,
SC,W2306,SC W2306 BHZ ,27.480000,101.490000,0.0,70000000000.0,,
HE,A0005,HE A0005 BHZ ,38.040000,114.680000,0.0,70000000000.0,,
SD,Q0076,SD Q0076 BHZ ,35.610000,117.650000,0.0,70000000000.0,,
YN,S2503,YN S2503 BHZ ,23.550000,99.970000,0.0,70000000000.0,,
XJ,F0045,XJ F0045 BHZ ,43.700000,83.700000,0.0,70000000000.0,,
NX,E0036,NX E0036 BHZ ,37.520000,105.810000,0.0,70000000000.0,,
XJ,C000A,XJ C000A BHZ ,44.280000,86.030000,0.0,70000000000.0,,
SD,A001B,SD A001B BHZ ,36.620000,117.410000,0.0,70000000000.0,,
GS,N0039,GS N0039 BHZ ,35.260000,103.530000,0.0,70000000000.0,,
YN,EN001,YN EN001 BHZ ,25.200000,101.270000,0.0,70000000000.0,,
GD,P2513,GD P2513 BHZ ,23.820000,114.780000,0.0,70000000000.0,,
SC,V0107,SC V0107 BHZ ,30.180000,102.220000,0.0,70000000000.0,,
GS,LTOXD,GS LTOXD BHZ ,35.680000,103.990000,0.0,70000000000.0,,
YN,EYA,YN EYA BHZ ,26.110000,99.950000,0.0,70000000000.0,,
QH,DLHHD,QH DLHHD BHZ ,37.290000,97.790000,0.0,70000000000.0,,
GD,P2211,GD P2211 BHZ ,24.640000,115.450000,0.0,70000000000.0,,
YN,C2737,YN C2737 BHZ ,27.690000,104.990000,0.0,70000000000.0,,
SC,U2103,SC U2103 BHZ ,31.140000,103.480000,0.0,70000000000.0,,
SD,Q0038,SD Q0038 BHZ ,34.800000,118.380000,0.0,70000000000.0,,
GD,Y0501,GD Y0501 BHZ ,23.120000,113.090000,0.0,70000000000.0,,
SC,DYJTS,SC DYJTS BHZ ,30.590000,103.470000,0.0,70000000000.0,,
AH,N0008,AH N0008 BHZ ,31.410000,116.340000,0.0,70000000000.0,,
AH,BAS,AH BAS BHZ ,31.470000,117.380000,0.0,70000000000.0,,
XJ,F0069,XJ F0069 BHZ ,43.920000,81.290000,0.0,70000000000.0,,
FJ,H6003,FJ H6003 BHZ ,27.470000,119.030000,0.0,70000000000.0,,
SC,REGBX,SC REGBX BHZ ,33.600000,103.240000,0.0,70000000000.0,,
GD,P2206,GD P2206 BHZ ,24.310000,115.240000,0.0,70000000000.0,,
TJ,A0046,TJ A0046 BHZ ,39.480000,117.010000,0.0,70000000000.0,,
SC,T0205,SC T0205 BHZ ,29.730000,103.020000,0.0,70000000000.0,,
XJ,Q0009,XJ Q0009 BHZ ,39.180000,77.690000,0.0,70000000000.0,,
SC,WD001,SC WD001 BHZ ,27.200000,102.080000,0.0,70000000000.0,,
QH,E0001,QH E0001 BHZ ,36.370000,100.720000,0.0,70000000000.0,,
HA,E0031,HA E0031 BHZ ,35.950000,114.460000,0.0,70000000000.0,,
SC,D2102,SC D2102 BHZ ,27.040000,101.890000,0.0,70000000000.0,,
GX,P0003,GX P0003 BHZ ,21.550000,108.010000,0.0,70000000000.0,,
YN,D8105,YN D8105 BHZ ,26.490000,104.380000,0.0,70000000000.0,,
SC,U0103,SC U0103 BHZ ,32.160000,101.730000,0.0,70000000000.0,,
SD,P0029,SD P0029 BHZ ,36.710000,116.330000,0.0,70000000000.0,,
GD,L0206,GD L0206 BHZ ,23.030000,114.520000,0.0,70000000000.0,,
YN,EDY02,YN EDY02 BHZ ,25.910000,101.350000,0.0,70000000000.0,,
YN,R0111,YN R0111 BHZ ,27.790000,100.200000,0.0,70000000000.0,,
NX,D0038,NX D0038 BHZ ,36.130000,106.390000,0.0,70000000000.0,,
GD,E0405,GD E0405 BHZ ,23.040000,113.100000,0.0,70000000000.0,,
HA,A0025,HA A0025 BHZ ,34.880000,114.060000,0.0,70000000000.0,,
SC,B2505,SC B2505 BHZ ,31.770000,105.260000,0.0,70000000000.0,,
XJ,A000C,XJ A000C BHZ ,43.930000,87.610000,0.0,70000000000.0,,
SD,M0030,SD M0030 BHZ ,37.710000,118.280000,0.0,70000000000.0,,
HE,R0028,HE R0028 BHZ ,38.860000,116.330000,0.0,70000000000.0,,
XZ,A0051,XZ A0051 BHZ ,29.700000,91.380000,0.0,70000000000.0,,
FJ,D2203,FJ D2203 BHZ ,24.640000,118.000000,0.0,70000000000.0,,
SC,H2205,SC H2205 BHZ ,32.540000,105.450000,0.0,70000000000.0,,
HE,TJ002,HE TJ002 BHZ ,37.300000,115.740000,0.0,70000000000.0,,
NX,D0027,NX D0027 BHZ ,35.950000,105.490000,0.0,70000000000.0,,
SX,L0058,SX L0058 BHZ ,36.530000,111.050000,0.0,70000000000.0,,
SD,J0008,SD J0008 BHZ ,36.050000,116.480000,0.0,70000000000.0,,
QH,E0027,QH E0027 BHZ ,35.790000,101.390000,0.0,70000000000.0,,
YN,G3107,YN G3107 BHZ ,22.790000,102.270000,0.0,70000000000.0,,
YN,C2835,YN C2835 BHZ ,27.500000,104.000000,0.0,70000000000.0,,
YN,R2307,YN R2307 BHZ ,27.020000,99.360000,0.0,70000000000.0,,
GD,LH009,GD LH009 BHZ ,23.070000,115.060000,0.0,70000000000.0,,
SC,W3305,SC W3305 BHZ ,28.400000,102.210000,0.0,70000000000.0,,
YN,E0115,YN E0115 BHZ ,24.890000,101.170000,0.0,70000000000.0,,
GS,H0016,GS H0016 BHZ ,38.720000,103.010000,0.0,70000000000.0,,
QH,E0018,QH E0018 BHZ ,36.110000,101.380000,0.0,70000000000.0,,
SX,L0118,SX L0118 BHZ ,35.610000,111.540000,0.0,70000000000.0,,
GS,N0054,GS N0054 BHZ ,36.000000,103.560000,0.0,70000000000.0,,
FJ,KP001,FJ KP001 BHZ ,25.500000,119.770000,0.0,70000000000.0,,
GS,G0005,GS G0005 BHZ ,38.340000,101.020000,0.0,70000000000.0,,
SD,R0050,SD R0050 BHZ ,35.400000,115.930000,0.0,70000000000.0,,
SC,W2215,SC W2215 BHZ ,28.290000,100.670000,0.0,70000000000.0,,
YN,C2209,YN C2209 BHZ ,26.930000,103.280000,0.0,70000000000.0,,
GS,K008B,GS K008B BHZ ,34.310000,105.020000,0.0,70000000000.0,,
LN,C002F,LN C002F BHZ ,40.300000,123.190000,0.0,70000000000.0,,
SD,Q0004,SD Q0004 BHZ ,35.150000,118.300000,0.0,70000000000.0,,
SC,E2101,SC E2101 BHZ ,28.980000,105.570000,0.0,70000000000.0,,
SD,J002F,SD J002F BHZ ,36.170000,117.420000,0.0,70000000000.0,,
XJ,BM001,XJ BM001 BHZ ,44.300000,86.220000,0.0,70000000000.0,,
XJ,AG007,XJ AG007 BHZ ,43.900000,87.590000,0.0,70000000000.0,,
YN,C2816,YN C2816 BHZ ,27.740000,104.140000,0.0,70000000000.0,,
GD,R0203,GD R0203 BHZ ,23.920000,113.080000,0.0,70000000000.0,,
YN,C2204,YN C2204 BHZ ,26.920000,102.930000,0.0,70000000000.0,,
HE,B0088,HE B0088 BHZ ,40.000000,118.840000,0.0,70000000000.0,,
SD,R006F,SD R006F BHZ ,35.390000,115.260000,0.0,70000000000.0,,
SX,M0072,SX M0072 BHZ ,35.530000,111.680000,0.0,70000000000.0,,
FJ,J3007,FJ J3007 BHZ ,27.020000,119.040000,0.0,70000000000.0,,
XJ,Q0033,XJ Q0033 BHZ ,39.340000,76.560000,0.0,70000000000.0,,
XJ,EB001,XJ EB001 BHZ ,44.900000,82.080000,0.0,70000000000.0,,
GD,L2310,GD L2310 BHZ ,22.810000,114.860000,0.0,70000000000.0,,
GD,U2210,GD U2210 BHZ ,24.000000,116.810000,0.0,70000000000.0,,
GS,GS201,GS GS201 BHZ ,38.640000,101.270000,0.0,70000000000.0,,
SC,X2303,SC X2303 BHZ ,30.430000,107.070000,0.0,70000000000.0,,
SC,W2307,SC W2307 BHZ ,27.750000,100.800000,0.0,70000000000.0,,
XJ,N0068,XJ N0068 BHZ ,40.430000,78.900000,0.0,70000000000.0,,
BJ,DF001,BJ DF001 BHZ ,39.810000,116.160000,0.0,70000000000.0,,
YN,C2716,YN C2716 BHZ ,27.340000,104.850000,0.0,70000000000.0,,
XJ,QC003,XJ QC003 BHZ ,37.980000,76.860000,0.0,70000000000.0,,
SD,N0017,SD N0017 BHZ ,37.460000,116.590000,0.0,70000000000.0,,
QH,A0054,QH A0054 BHZ ,36.730000,101.040000,0.0,70000000000.0,,
SC,V3074,SC V3074 BHZ ,31.880000,99.330000,0.0,70000000000.0,,
XJ,N0036,XJ N0036 BHZ ,41.440000,81.800000,0.0,70000000000.0,,
SC,W2503,SC W2503 BHZ ,26.470000,102.390000,0.0,70000000000.0,,
SC,A1204,SC A1204 BHZ ,30.630000,104.200000,0.0,70000000000.0,,
GD,M0303,GD M0303 BHZ ,24.590000,116.380000,0.0,70000000000.0,,
HE,RP001,HE RP001 BHZ ,39.880000,116.960000,0.0,70000000000.0,,
XJ,TCH,XJ TCH BHZ ,43.940000,88.120000,0.0,70000000000.0,,
YN,D2616,YN D2616 BHZ ,26.310000,103.230000,0.0,70000000000.0,,
FJ,C5202,FJ C5202 BHZ ,25.190000,118.910000,0.0,70000000000.0,,
GS,N003B,GS N003B BHZ ,35.280000,103.710000,0.0,70000000000.0,,
SC,T2407,SC T2407 BHZ ,29.160000,102.410000,0.0,70000000000.0,,
SD,C0009,SD C0009 BHZ ,36.910000,117.980000,0.0,70000000000.0,,
YN,D2632,YN D2632 BHZ ,25.880000,103.430000,0.0,70000000000.0,,
HA,J0014,HA J0014 BHZ ,35.680000,115.180000,0.0,70000000000.0,,
SC,DY002,SC DY002 BHZ ,26.540000,101.930000,0.0,70000000000.0,,
SC,TB002,SC TB002 BHZ ,30.550000,102.650000,0.0,70000000000.0,,
GS,H000D,GS H000D BHZ ,37.890000,102.540000,0.0,70000000000.0,,
FJ,C5702,FJ C5702 BHZ ,24.760000,118.770000,0.0,70000000000.0,,
SC,V0175,SC V0175 BHZ ,29.510000,101.430000,0.0,70000000000.0,,
FJ,H6006,FJ H6006 BHZ ,27.250000,118.900000,0.0,70000000000.0,,
GS,K0068,GS K0068 BHZ ,33.750000,105.890000,0.0,70000000000.0,,
AH,N0004,AH N0004 BHZ ,31.550000,116.700000,0.0,70000000000.0,,
TJ,QC001,TJ QC001 BHZ ,39.220000,117.750000,0.0,70000000000.0,,
CQ,EB001,CQ EB001 BHZ ,29.660000,106.220000,0.0,70000000000.0,,
SD,AJ001,SD AJ001 BHZ ,36.970000,117.160000,0.0,70000000000.0,,
XZ,D0018,XZ D0018 BHZ ,29.280000,90.250000,0.0,70000000000.0,,
XJ,N0035,XJ N0035 BHZ ,41.370000,83.370000,0.0,70000000000.0,,
SC,HLI,SC HLI BHZ ,26.650000,102.250000,0.0,70000000000.0,,
QH,A0034,QH A0034 BHZ ,36.800000,101.560000,0.0,70000000000.0,,
YN,Q2503,YN Q2503 BHZ ,26.680000,99.490000,0.0,70000000000.0,,
GX,HS001,GX HS001 BHZ ,25.850000,109.840000,0.0,70000000000.0,,
SC,DR001,SC DR001 BHZ ,26.320000,101.780000,0.0,70000000000.0,,
GS,TWEYG,GS TWEYG BHZ ,35.420000,105.140000,0.0,70000000000.0,,
YN,J2804,YN J2804 BHZ ,22.340000,100.170000,0.0,70000000000.0,,
YN,S2406,YN S2406 BHZ ,23.770000,98.830000,0.0,70000000000.0,,
QH,B0043,QH B0043 BHZ ,36.790000,101.840000,0.0,70000000000.0,,
TJ,A0066,TJ A0066 BHZ ,39.000000,117.720000,0.0,70000000000.0,,
BJ,MD005,BJ MD005 BHZ ,39.640000,116.350000,0.0,70000000000.0,,
YN,YUM,YN YUM BHZ ,25.690000,101.860000,0.0,70000000000.0,,
SC,U2703,SC U2703 BHZ ,30.760000,102.160000,0.0,70000000000.0,,
GD,G2502,GD G2502 BHZ ,20.630000,110.380000,0.0,70000000000.0,,
YN,G2811,YN G2811 BHZ ,23.150000,102.660000,0.0,70000000000.0,,
SC,V3706,SC V3706 BHZ ,28.110000,100.260000,0.0,70000000000.0,,
GS,K0086,GS K0086 BHZ ,34.020000,105.100000,0.0,70000000000.0,,
YN,C2225,YN C2225 BHZ ,26.910000,102.960000,0.0,70000000000.0,,
SC,W3108,SC W3108 BHZ ,28.070000,102.970000,0.0,70000000000.0,,
GS,K005B,GS K005B BHZ ,33.790000,106.030000,0.0,70000000000.0,,
XJ,JIMHQ,XJ JIMHQ BHZ ,44.350000,88.920000,0.0,70000000000.0,,
YN,C0227,YN C0227 BHZ ,27.280000,103.750000,0.0,70000000000.0,,
YN,P2206,YN P2206 BHZ ,26.630000,100.570000,0.0,70000000000.0,,
GD,P2115,GD P2115 BHZ ,23.680000,115.300000,0.0,70000000000.0,,
YN,E2607,YN E2607 BHZ ,26.230000,101.210000,0.0,70000000000.0,,
GD,W2102,GD W2102 BHZ ,22.510000,112.160000,0.0,70000000000.0,,
YN,QF002,YN QF002 BHZ ,26.900000,98.860000,0.0,70000000000.0,,
GD,YGX,GD YGX BHZ ,21.770000,111.610000,0.0,70000000000.0,,
HA,G000F,HA G000F BHZ ,35.080000,114.590000,0.0,70000000000.0,,
XJ,F002B,XJ F002B BHZ ,44.490000,81.170000,0.0,70000000000.0,,
GS,AKXAK,GS AKXAK BHZ ,39.770000,93.480000,0.0,70000000000.0,,
FJ,CY001,FJ CY001 BHZ ,25.310000,118.290000,0.0,70000000000.0,,
QH,D0030,QH D0030 BHZ ,35.200000,100.850000,0.0,70000000000.0,,
SD,R0035,SD R0035 BHZ ,35.130000,115.220000,0.0,70000000000.0,,
SD,G0039,SD G0039 BHZ ,36.560000,118.700000,0.0,70000000000.0,,
YN,C2702,YN C2702 BHZ ,27.660000,105.080000,0.0,70000000000.0,,
SD,H0041,SD H0041 BHZ ,35.660000,116.930000,0.0,70000000000.0,,
GS,FG209,GS FG209 BHZ ,40.910000,95.870000,0.0,70000000000.0,,
SC,L2903,SC L2903 BHZ ,29.050000,103.880000,0.0,70000000000.0,,
YN,N2407,YN N2407 BHZ ,24.200000,97.820000,0.0,70000000000.0,,
SD,GL003,SD GL003 BHZ ,36.530000,118.680000,0.0,70000000000.0,,
GD,A1102,GD A1102 BHZ ,23.300000,113.290000,0.0,70000000000.0,,
YN,L2703,YN L2703 BHZ ,25.320000,100.280000,0.0,70000000000.0,,
GS,H0023,GS H0023 BHZ ,36.890000,102.780000,0.0,70000000000.0,,
GS,GS002,GS GS002 BHZ ,38.580000,101.240000,0.0,70000000000.0,,
GD,M2604,GD M2604 BHZ ,24.690000,115.960000,0.0,70000000000.0,,
SD,NN001,SD NN001 BHZ ,37.670000,116.800000,0.0,70000000000.0,,
GX,M0004,GX M0004 BHZ ,24.100000,108.040000,0.0,70000000000.0,,
XJ,B001E,XJ B001E BHZ ,44.150000,87.860000,0.0,70000000000.0,,
YN,D2638,YN D2638 BHZ ,27.030000,103.700000,0.0,70000000000.0,,
HE,R0005,HE R0005 BHZ ,39.470000,116.690000,0.0,70000000000.0,,
XJ,AT012,XJ AT012 BHZ ,43.770000,87.620000,0.0,70000000000.0,,
GS,KL001,GS KL001 BHZ ,33.970000,104.930000,0.0,70000000000.0,,
XJ,QS010,XJ QS010 BHZ ,39.260000,76.420000,0.0,70000000000.0,,
GX,WXXET,GX WXXET BHZ ,23.700000,109.790000,0.0,70000000000.0,,
GS,H0018,GS H0018 BHZ ,38.130000,102.460000,0.0,70000000000.0,,
SC,Q2502,SC Q2502 BHZ ,28.280000,104.480000,0.0,70000000000.0,,
YN,SYD02,YN SYD02 BHZ ,24.040000,99.250000,0.0,70000000000.0,,
SC,EN001,SC EN001 BHZ ,28.780000,105.380000,0.0,70000000000.0,,
HA,B001A,HA B001A BHZ ,34.670000,114.520000,0.0,70000000000.0,,
NX,D0010,NX D0010 BHZ ,35.580000,105.910000,0.0,70000000000.0,,
SD,CAX,SD CAX BHZ ,34.830000,115.540000,0.0,70000000000.0,,
GS,P0040,GS P0040 BHZ ,35.060000,102.910000,0.0,70000000000.0,,
SD,E001F,SD E001F BHZ ,37.420000,118.510000,0.0,70000000000.0,,
FJ,H8002,FJ H8002 BHZ ,27.620000,118.220000,0.0,70000000000.0,,
YN,LEY02,YN LEY02 BHZ ,25.960000,99.990000,0.0,70000000000.0,,
GS,A0012,GS A0012 BHZ ,36.510000,103.050000,0.0,70000000000.0,,
SD,PL001,SD PL001 BHZ ,36.840000,115.720000,0.0,70000000000.0,,
YN,C2312,YN C2312 BHZ ,28.340000,104.130000,0.0,70000000000.0,,
QH,BX003,QH BX003 BHZ ,35.840000,102.500000,0.0,70000000000.0,,
SD,N0043,SD N0043 BHZ ,37.090000,116.140000,0.0,70000000000.0,,
FJ,YXBM,FJ YXBM BHZ ,26.040000,118.110000,0.0,70000000000.0,,
SC,F2601,SC F2601 BHZ ,31.290000,104.560000,0.0,70000000000.0,,
XJ,G000E,XJ G000E BHZ ,43.980000,85.140000,0.0,70000000000.0,,
SC,UY001,SC UY001 BHZ ,32.490000,102.440000,0.0,70000000000.0,,
NX,E000A,NX E000A BHZ ,36.570000,105.850000,0.0,70000000000.0,,
SC,LB002,SC LB002 BHZ ,28.800000,103.720000,0.0,70000000000.0,,
GS,ZQUBL,GS ZQUBL BHZ ,33.600000,104.520000,0.0,70000000000.0,,
FJ,B1009,FJ B1009 BHZ ,25.460000,119.070000,0.0,70000000000.0,,
YN,S2404,YN S2404 BHZ ,24.060000,98.970000,0.0,70000000000.0,,
SX,M0064,SX M0064 BHZ ,35.000000,110.720000,0.0,70000000000.0,,
FJ,E6704,FJ E6704 BHZ ,24.350000,117.170000,0.0,70000000000.0,,
NX,YCWLJ,NX YCWLJ BHZ ,37.750000,106.910000,0.0,70000000000.0,,
GD,V2207,GD V2207 BHZ ,23.450000,115.880000,0.0,70000000000.0,,
SD,RS001,SD RS001 BHZ ,34.750000,116.080000,0.0,70000000000.0,,
YN,L2601,YN L2601 BHZ ,24.920000,100.500000,0.0,70000000000.0,,
SC,T2203,SC T2203 BHZ ,29.680000,102.860000,0.0,70000000000.0,,
SX,M0088,SX M0088 BHZ ,35.350000,110.650000,0.0,70000000000.0,,
GS,P001F,GS P001F BHZ ,34.570000,103.630000,0.0,70000000000.0,,
TJ,KX001,TJ KX001 BHZ ,39.000000,117.400000,0.0,70000000000.0,,
HE,B1010,HE B1010 BHZ ,40.180000,117.660000,0.0,70000000000.0,,
SX,M0063,SX M0063 BHZ ,34.850000,110.350000,0.0,70000000000.0,,
XJ,F0071,XJ F0071 BHZ ,43.930000,81.380000,0.0,70000000000.0,,
GD,S0017,GD S0017 BHZ ,22.800000,113.790000,0.0,70000000000.0,,
QH,BL003,QH BL003 BHZ ,36.480000,102.270000,0.0,70000000000.0,,
QH,A0039,QH A0039 BHZ ,36.830000,101.300000,0.0,70000000000.0,,
TJ,A0075,TJ A0075 BHZ ,38.840000,117.210000,0.0,70000000000.0,,
HA,XXXWX,HA XXXWX BHZ ,35.660000,114.540000,0.0,70000000000.0,,
SC,W3007,SC W3007 BHZ ,27.570000,103.150000,0.0,70000000000.0,,
FJ,G6012,FJ G6012 BHZ ,26.180000,118.330000,0.0,70000000000.0,,
QH,DT047,QH DT047 BHZ ,35.490000,102.280000,0.0,70000000000.0,,
GS,J0002,GS J0002 BHZ ,35.170000,104.060000,0.0,70000000000.0,,
XJ,BM007,XJ BM007 BHZ ,44.650000,86.130000,0.0,70000000000.0,,
SC,RSSG,SC RSSG BHZ ,29.720000,104.280000,0.0,70000000000.0,,
SC,BS001,SC BS001 BHZ ,31.140000,104.770000,0.0,70000000000.0,,
BJ,B0001,BJ B0001 BHZ ,39.870000,116.370000,0.0,70000000000.0,,
HE,D0045,HE D0045 BHZ ,36.770000,114.590000,0.0,70000000000.0,,
LN,WFDSS,LN WFDSS BHZ ,39.860000,122.160000,0.0,70000000000.0,,
SC,UY004,SC UY004 BHZ ,32.960000,103.040000,0.0,70000000000.0,,
YN,53YMX,YN 53YMX BHZ ,24.670000,102.170000,0.0,70000000000.0,,
SD,P0007,SD P0007 BHZ ,36.500000,115.910000,0.0,70000000000.0,,
GS,K0091,GS K0091 BHZ ,33.760000,105.110000,0.0,70000000000.0,,
YN,LX003,YN LX003 BHZ ,25.570000,100.500000,0.0,70000000000.0,,
HE,D0027,HE D0027 BHZ ,36.670000,114.900000,0.0,70000000000.0,,
SC,WJ002,SC WJ002 BHZ ,27.780000,103.400000,0.0,70000000000.0,,
QH,A0023,QH A0023 BHZ ,37.280000,101.260000,0.0,70000000000.0,,
FJ,FZGL,FJ FZGL BHZ ,26.090000,119.280000,0.0,70000000000.0,,
LN,B0039,LN B0039 BHZ ,39.540000,122.420000,0.0,70000000000.0,,
NM,DK001,NM DK001 BHZ ,43.370000,116.950000,0.0,70000000000.0,,
LN,H0007,LN H0007 BHZ ,40.300000,122.110000,0.0,70000000000.0,,
SD,D001D,SD D001D BHZ ,35.190000,117.250000,0.0,70000000000.0,,
XJ,Q001E,XJ Q001E BHZ ,39.380000,76.750000,0.0,70000000000.0,,
XJ,BJ002,XJ BJ002 BHZ ,44.240000,89.110000,0.0,70000000000.0,,
GS,WEGSD,GS WEGSD BHZ ,32.860000,104.860000,0.0,70000000000.0,,
XJ,P0012,XJ P0012 BHZ ,38.470000,75.050000,0.0,70000000000.0,,
YN,E3106,YN E3106 BHZ ,25.180000,101.910000,0.0,70000000000.0,,
TJ,QB002,TJ QB002 BHZ ,39.330000,117.590000,0.0,70000000000.0,,
HE,J0055,HE J0055 BHZ ,38.250000,115.950000,0.0,70000000000.0,,
XJ,QY002,XJ QY002 BHZ ,39.160000,77.070000,0.0,70000000000.0,,
FJ,B4305,FJ B4305 BHZ ,25.410000,119.030000,0.0,70000000000.0,,
GD,P2408,GD P2408 BHZ ,24.470000,114.830000,0.0,70000000000.0,,
YN,L2805,YN L2805 BHZ ,25.290000,99.460000,0.0,70000000000.0,,
QH,C0027,QH C0027 BHZ ,37.630000,101.350000,0.0,70000000000.0,,
GS,D0019,GS D0019 BHZ ,36.920000,104.800000,0.0,70000000000.0,,
BJ,ES004,BJ ES004 BHZ ,39.920000,116.200000,0.0,70000000000.0,,
SC,UE001,SC UE001 BHZ ,33.480000,103.360000,0.0,70000000000.0,,
SC,W2403,SC W2403 BHZ ,27.300000,102.190000,0.0,70000000000.0,,
FJ,E6605,FJ E6605 BHZ ,24.760000,117.340000,0.0,70000000000.0,,
YN,LJ001,YN LJ001 BHZ ,26.320000,99.850000,0.0,70000000000.0,,
YN,C2109,YN C2109 BHZ ,27.220000,103.600000,0.0,70000000000.0,,
SX,L0076,SX L0076 BHZ ,35.970000,111.360000,0.0,70000000000.0,,
AH,D0006,AH D0006 BHZ ,32.600000,116.870000,0.0,70000000000.0,,
GS,G000B,GS G000B BHZ ,38.090000,101.360000,0.0,70000000000.0,,
SD,YIY,SD YIY BHZ ,36.190000,118.160000,0.0,70000000000.0,,
FJ,C5618,FJ C5618 BHZ ,25.500000,118.350000,0.0,70000000000.0,,
SC,A2101,SC A2101 BHZ ,30.720000,104.630000,0.0,70000000000.0,,
YN,53LLP,YN 53LLP BHZ ,27.100000,100.070000,0.0,70000000000.0,,
FJ,A7009,FJ A7009 BHZ ,26.250000,119.600000,0.0,70000000000.0,,
HE,T0037,HE T0037 BHZ ,37.410000,115.720000,0.0,70000000000.0,,
JS,PX,JS PX BHZ ,34.810000,116.900000,0.0,70000000000.0,,
QH,C0060,QH C0060 BHZ ,37.210000,100.430000,0.0,70000000000.0,,
SC,D2109,SC D2109 BHZ ,26.940000,102.010000,0.0,70000000000.0,,
QH,E0029,QH E0029 BHZ ,35.790000,101.290000,0.0,70000000000.0,,
QH,B0005,QH B0005 BHZ ,36.340000,101.910000,0.0,70000000000.0,,
SC,H2211,SC H2211 BHZ ,32.780000,105.430000,0.0,70000000000.0,,
GS,N0013,GS N0013 BHZ ,35.510000,103.520000,0.0,70000000000.0,,
GS,CLZYC,GS CLZYC BHZ ,36.090000,103.850000,0.0,70000000000.0,,
AH,D0001,AH D0001 BHZ ,32.630000,116.820000,0.0,70000000000.0,,
YN,D8102,YN D8102 BHZ ,26.090000,104.230000,0.0,70000000000.0,,
LN,B0044,LN B0044 BHZ ,39.530000,121.660000,0.0,70000000000.0,,
FJ,F1022,FJ F1022 BHZ ,24.810000,116.750000,0.0,70000000000.0,,
GS,HNIHP,GS HNIHP BHZ ,36.040000,104.960000,0.0,70000000000.0,,
SC,W3610,SC W3610 BHZ ,28.500000,103.080000,0.0,70000000000.0,,
GS,G0003,GS G0003 BHZ ,38.830000,100.840000,0.0,70000000000.0,,
YN,CQJ03,YN CQJ03 BHZ ,27.310000,103.070000,0.0,70000000000.0,,
GD,G8104,GD G8104 BHZ ,21.590000,109.800000,0.0,70000000000.0,,
GS,K007A,GS K007A BHZ ,34.180000,104.390000,0.0,70000000000.0,,
GD,J8112,GD J8112 BHZ ,21.860000,112.500000,0.0,70000000000.0,,
XJ,E0005,XJ E0005 BHZ ,44.840000,82.360000,0.0,70000000000.0,,
XJ,F006C,XJ F006C BHZ ,43.970000,81.370000,0.0,70000000000.0,,
XJ,B003D,XJ B003D BHZ ,44.950000,86.210000,0.0,70000000000.0,,
FJ,E6715,FJ E6715 BHZ ,24.110000,117.120000,0.0,70000000000.0,,
FJ,B4405,FJ B4405 BHZ ,25.290000,119.100000,0.0,70000000000.0,,
SD,QP001,SD QP001 BHZ ,35.230000,117.650000,0.0,70000000000.0,,
QH,A0043,QH A0043 BHZ ,36.440000,101.510000,0.0,70000000000.0,,
SC,W3707,SC W3707 BHZ ,28.350000,103.770000,0.0,70000000000.0,,
GS,GS001,GS GS001 BHZ ,38.320000,101.180000,0.0,70000000000.0,,
GD,HZ001,GD HZ001 BHZ ,23.050000,112.460000,0.0,70000000000.0,,
FJ,J3008,FJ J3008 BHZ ,26.960000,119.010000,0.0,70000000000.0,,
XJ,F0023,XJ F0023 BHZ ,44.240000,80.500000,0.0,70000000000.0,,
SD,Q008B,SD Q008B BHZ ,35.410000,118.000000,0.0,70000000000.0,,
SC,K2401,SC K2401 BHZ ,29.640000,104.690000,0.0,70000000000.0,,
HE,J0022,HE J0022 BHZ ,38.530000,116.210000,0.0,70000000000.0,,
GS,E004E,GS E004E BHZ ,34.840000,104.750000,0.0,70000000000.0,,
SC,W2810,SC W2810 BHZ ,27.640000,102.410000,0.0,70000000000.0,,
YN,JML02,YN JML02 BHZ ,22.340000,99.580000,0.0,70000000000.0,,
XJ,N0045,XJ N0045 BHZ ,41.510000,82.240000,0.0,70000000000.0,,
GS,K0109,GS K0109 BHZ ,32.910000,104.460000,0.0,70000000000.0,,
XZ,C0009,XZ C0009 BHZ ,29.140000,91.320000,0.0,70000000000.0,,
GD,QY002,GD QY002 BHZ ,22.060000,111.500000,0.0,70000000000.0,,
GS,D0030,GS D0030 BHZ ,36.650000,104.720000,0.0,70000000000.0,,
HE,A0060,HE A0060 BHZ ,38.260000,113.980000,0.0,70000000000.0,,
SD,N0010,SD N0010 BHZ ,37.300000,116.910000,0.0,70000000000.0,,
XJ,P004B,XJ P004B BHZ ,40.220000,76.070000,0.0,70000000000.0,,
GS,JM002,GS JM002 BHZ ,34.490000,103.830000,0.0,70000000000.0,,
SC,A8205,SC A8205 BHZ ,31.170000,103.830000,0.0,70000000000.0,,
SC,NNBHT,SC NNBHT BHZ ,27.160000,102.880000,0.0,70000000000.0,,
XJ,Q0021,XJ Q0021 BHZ ,39.590000,76.830000,0.0,70000000000.0,,
FJ,J1006,FJ J1006 BHZ ,26.930000,120.240000,0.0,70000000000.0,,
HA,G0004,HA G0004 BHZ ,35.280000,114.850000,0.0,70000000000.0,,
GS,K0048,GS K0048 BHZ ,34.190000,106.310000,0.0,70000000000.0,,
SC,K2502,SC K2502 BHZ ,29.880000,104.870000,0.0,70000000000.0,,
NX,DX001,NX DX001 BHZ ,35.800000,105.740000,0.0,70000000000.0,,
GS,P001C,GS P001C BHZ ,34.730000,103.830000,0.0,70000000000.0,,
GS,D0023,GS D0023 BHZ ,37.140000,104.150000,0.0,70000000000.0,,
XJ,F0068,XJ F0068 BHZ ,44.020000,81.300000,0.0,70000000000.0,,
SD,NP001,SD NP001 BHZ ,37.160000,116.430000,0.0,70000000000.0,,
GD,M2208,GD M2208 BHZ ,24.250000,116.410000,0.0,70000000000.0,,
YN,Q2305,YN Q2305 BHZ ,26.540000,98.920000,0.0,70000000000.0,,
XJ,PW012,XJ PW012 BHZ ,39.230000,75.550000,0.0,70000000000.0,,
GS,N0035,GS N0035 BHZ ,35.400000,103.680000,0.0,70000000000.0,,
XJ,F001F,XJ F001F BHZ ,43.280000,81.840000,0.0,70000000000.0,,
YN,C2508,YN C2508 BHZ ,27.940000,103.670000,0.0,70000000000.0,,
LN,B0029,LN B0029 BHZ ,39.680000,122.200000,0.0,70000000000.0,,
HE,D0074,HE D0074 BHZ ,36.280000,114.930000,0.0,70000000000.0,,
HE,FC001,HE FC001 BHZ ,38.930000,115.310000,0.0,70000000000.0,,
SD,C0002,SD C0002 BHZ ,37.180000,117.830000,0.0,70000000000.0,,
GS,H0028,GS H0028 BHZ ,37.050000,103.160000,0.0,70000000000.0,,
GS,J001D,GS J001D BHZ ,35.400000,104.050000,0.0,70000000000.0,,
SC,UE004,SC UE004 BHZ ,33.530000,102.720000,0.0,70000000000.0,,
FJ,H8005,FJ H8005 BHZ ,27.500000,118.070000,0.0,70000000000.0,,
YN,L2410,YN L2410 BHZ ,25.930000,100.570000,0.0,70000000000.0,,
SC,V2771,SC V2771 BHZ ,31.580000,100.720000,0.0,70000000000.0,,
XJ,P0070,XJ P0070 BHZ ,39.670000,75.350000,0.0,70000000000.0,,
GS,YDGSP,GS YDGSP BHZ ,36.340000,103.540000,0.0,70000000000.0,,
SC,W2220,SC W2220 BHZ ,27.930000,101.290000,0.0,70000000000.0,,
HE,BE002,HE BE002 BHZ ,39.390000,118.090000,0.0,70000000000.0,,
FJ,B4010,FJ B4010 BHZ ,25.370000,118.820000,0.0,70000000000.0,,
SD,J0035,SD J0035 BHZ ,36.190000,117.210000,0.0,70000000000.0,,
GS,J0021,GS J0021 BHZ ,35.520000,103.830000,0.0,70000000000.0,,
SD,R0057,SD R0057 BHZ ,35.560000,115.770000,0.0,70000000000.0,,
XJ,BLEAM,XJ BLEAM BHZ ,44.500000,81.320000,0.0,70000000000.0,,
XJ,E002E,XJ E002E BHZ ,44.990000,81.600000,0.0,70000000000.0,,
GS,G0009,GS G0009 BHZ ,38.500000,101.330000,0.0,70000000000.0,,
QH,DH026,QH DH026 BHZ ,34.730000,101.610000,0.0,70000000000.0,,
SD,N001B,SD N001B BHZ ,37.620000,116.700000,0.0,70000000000.0,,
GD,SHT,GD SHT BHZ ,23.420000,116.620000,0.0,70000000000.0,,
GD,T0009,GD T0009 BHZ ,22.500000,113.560000,0.0,70000000000.0,,
NX,E002F,NX E002F BHZ ,37.530000,105.070000,0.0,70000000000.0,,
FJ,A0002,FJ A0002 BHZ ,26.010000,119.000000,0.0,70000000000.0,,
YN,L2807,YN L2807 BHZ ,25.320000,99.400000,0.0,70000000000.0,,
XJ,WMQ,XJ WMQ BHZ ,43.810000,87.700000,0.0,70000000000.0,,
GD,G8209,GD G8209 BHZ ,20.800000,110.080000,0.0,70000000000.0,,
GS,J002F,GS J002F BHZ ,35.110000,104.430000,0.0,70000000000.0,,
XJ,BC004,XJ BC004 BHZ ,44.390000,87.280000,0.0,70000000000.0,,
QH,A0003,QH A0003 BHZ ,36.680000,101.650000,0.0,70000000000.0,,
GD,H8402,GD H8402 BHZ ,23.230000,112.800000,0.0,70000000000.0,,
XJ,URXSE,XJ URXSE BHZ ,43.350000,87.000000,0.0,70000000000.0,,
XJ,MH003,XJ MH003 BHZ ,43.040000,84.180000,0.0,70000000000.0,,
HE,YON,HE YON BHZ ,36.750000,114.420000,0.0,70000000000.0,,
XZ,F0002,XZ F0002 BHZ ,31.180000,80.760000,0.0,70000000000.0,,
SN,F0012,SN F0012 BHZ ,33.410000,106.050000,0.0,70000000000.0,,
SD,P0051,SD P0051 BHZ ,36.030000,115.900000,0.0,70000000000.0,,
SD,N0037,SD N0037 BHZ ,37.970000,117.530000,0.0,70000000000.0,,
FJ,E6318,FJ E6318 BHZ ,23.930000,117.540000,0.0,70000000000.0,,
SD,C0019,SD C0019 BHZ ,36.550000,117.900000,0.0,70000000000.0,,
QH,B0044,QH B0044 BHZ ,36.760000,101.970000,0.0,70000000000.0,,
GD,T0001,GD T0001 BHZ ,22.490000,113.260000,0.0,70000000000.0,,
ZJ,C0006,ZJ C0006 BHZ ,27.470000,121.070000,0.0,70000000000.0,,
GD,H0202,GD H0202 BHZ ,23.080000,112.400000,0.0,70000000000.0,,
SC,V3702,SC V3702 BHZ ,28.650000,100.250000,0.0,70000000000.0,,
YN,L2801,YN L2801 BHZ ,25.630000,99.490000,0.0,70000000000.0,,
GS,K0096,GS K0096 BHZ ,33.930000,104.850000,0.0,70000000000.0,,
SD,E000B,SD E000B BHZ ,37.890000,118.390000,0.0,70000000000.0,,
SD,C0005,SD C0005 BHZ ,37.140000,117.740000,0.0,70000000000.0,,
GD,P2215,GD P2215 BHZ ,24.020000,115.440000,0.0,70000000000.0,,
GS,P0006,GS P0006 BHZ ,34.520000,102.640000,0.0,70000000000.0,,
XJ,P0058,XJ P0058 BHZ ,39.890000,74.290000,0.0,70000000000.0,,
HE,E0032,HE E0032 BHZ ,37.280000,114.350000,0.0,70000000000.0,,
SD,J0013,SD J0013 BHZ ,36.140000,116.640000,0.0,70000000000.0,,
SN,HYKJY,SN HYKJY BHZ ,35.410000,110.060000,0.0,70000000000.0,,
SC,M0206,SC M0206 BHZ ,30.140000,104.800000,0.0,70000000000.0,,
SX,L0032,SX L0032 BHZ ,35.950000,111.660000,0.0,70000000000.0,,
TJ,PX001,TJ PX001 BHZ ,39.630000,116.960000,0.0,70000000000.0,,
SC,U2307,SC U2307 BHZ ,32.130000,103.730000,0.0,70000000000.0,,
SC,U2606,SC U2606 BHZ ,31.810000,101.650000,0.0,70000000000.0,,
SC,W3004,SC W3004 BHZ ,27.740000,103.300000,0.0,70000000000.0,,
QH,E0048,QH E0048 BHZ ,36.640000,100.810000,0.0,70000000000.0,,
SC,T2309,SC T2309 BHZ ,29.310000,102.680000,0.0,70000000000.0,,
YN,D2630,YN D2630 BHZ ,26.120000,103.570000,0.0,70000000000.0,,
XJ,A003A,XJ A003A BHZ ,43.980000,87.410000,0.0,70000000000.0,,
XJ,A000B,XJ A000B BHZ ,43.920000,87.570000,0.0,70000000000.0,,
GS,J0001,GS J0001 BHZ ,35.050000,104.550000,0.0,70000000000.0,,
JS,F0005,JS F0005 BHZ ,32.170000,120.600000,0.0,70000000000.0,,
GS,HTISG,GS HTISG BHZ ,35.120000,106.550000,0.0,70000000000.0,,
QH,A0014,QH A0014 BHZ ,37.030000,101.740000,0.0,70000000000.0,,
LN,B0052,LN B0052 BHZ ,39.850000,122.910000,0.0,70000000000.0,,
BJ,BX001,BJ BX001 BHZ ,39.930000,116.370000,0.0,70000000000.0,,
HE,CFD,HE CFD BHZ ,38.930000,118.540000,0.0,70000000000.0,,
YN,C2402,YN C2402 BHZ ,28.150000,103.970000,0.0,70000000000.0,,
QH,QSH,QH QSH BHZ ,33.830000,97.120000,0.0,70000000000.0,,
QH,B0023,QH B0023 BHZ ,36.550000,102.550000,0.0,70000000000.0,,
HI,C0015,HI C0015 BHZ ,19.950000,109.830000,0.0,70000000000.0,,
HA,FXXYC,HA FXXYC BHZ ,35.880000,115.550000,0.0,70000000000.0,,
XJ,BQ001,XJ BQ001 BHZ ,44.010000,89.600000,0.0,70000000000.0,,
LN,B0011,LN B0011 BHZ ,38.920000,121.420000,0.0,70000000000.0,,
XJ,B0059,XJ B0059 BHZ ,44.160000,87.530000,0.0,70000000000.0,,
NX,AL001,NX AL001 BHZ ,37.890000,106.280000,0.0,70000000000.0,,
GS,K008D,GS K008D BHZ ,33.700000,105.050000,0.0,70000000000.0,,
GZ,WEN01,GZ WEN01 BHZ ,26.910000,104.300000,0.0,70000000000.0,,
SC,VK004,SC VK004 BHZ ,29.630000,101.370000,0.0,70000000000.0,,
FJ,B4015,FJ B4015 BHZ ,25.600000,118.750000,0.0,70000000000.0,,
FJ,H6002,FJ H6002 BHZ ,27.430000,118.630000,0.0,70000000000.0,,
GS,K0059,GS K0059 BHZ ,33.860000,105.810000,0.0,70000000000.0,,
BJ,ZFZFS,BJ ZFZFS BHZ ,39.570000,115.720000,0.0,70000000000.0,,
SC,Q2101,SC Q2101 BHZ ,28.640000,104.430000,0.0,70000000000.0,,
YN,P2302,YN P2302 BHZ ,26.580000,101.360000,0.0,70000000000.0,,
XJ,N0032,XJ N0032 BHZ ,41.580000,83.550000,0.0,70000000000.0,,
GS,D0006,GS D0006 BHZ ,36.200000,105.000000,0.0,70000000000.0,,
SX,PUXPC,SX PUXPC BHZ ,36.430000,111.060000,0.0,70000000000.0,,
YN,S2207,YN S2207 BHZ ,24.440000,100.350000,0.0,70000000000.0,,
FJ,C5611,FJ C5611 BHZ ,25.640000,118.130000,0.0,70000000000.0,,
GS,J0003,GS J0003 BHZ ,34.920000,104.720000,0.0,70000000000.0,,
SC,F8303,SC F8303 BHZ ,31.560000,104.110000,0.0,70000000000.0,,
GS,E0049,GS E0049 BHZ ,34.820000,106.290000,0.0,70000000000.0,,
HE,D0057,HE D0057 BHZ ,36.280000,114.100000,0.0,70000000000.0,,
GD,M2404,GD M2404 BHZ ,24.080000,115.630000,0.0,70000000000.0,,
HE,YAJ,HE YAJ BHZ ,39.930000,116.830000,0.0,70000000000.0,,
QH,E0010,QH E0010 BHZ ,36.160000,101.640000,0.0,70000000000.0,,
SC,W3008,SC W3008 BHZ ,27.700000,103.250000,0.0,70000000000.0,,
SX,LD001,SX LD001 BHZ ,36.450000,110.760000,0.0,70000000000.0,,
GS,N0027,GS N0027 BHZ ,35.700000,102.850000,0.0,70000000000.0,,
YN,K0108,YN K0108 BHZ ,22.090000,100.890000,0.0,70000000000.0,,
GS,P000C,GS P000C BHZ ,34.080000,101.720000,0.0,70000000000.0,,
SC,AJXM,SC AJXM BHZ ,30.330000,105.620000,0.0,70000000000.0,,
SD,C003C,SD C003C BHZ ,36.450000,118.180000,0.0,70000000000.0,,
AH,ES001,AH ES001 BHZ ,31.740000,118.100000,0.0,70000000000.0,,
SC,V2304,SC V2304 BHZ ,30.900000,101.840000,0.0,70000000000.0,,
SD,H0014,SD H0014 BHZ ,35.430000,116.610000,0.0,70000000000.0,,
SC,A2104,SC A2104 BHZ ,30.680000,104.400000,0.0,70000000000.0,,
YN,CYJ01,YN CYJ01 BHZ ,28.110000,104.230000,0.0,70000000000.0,,
YN,C2515,YN C2515 BHZ ,28.320000,103.880000,0.0,70000000000.0,,
YN,S2210,YN S2210 BHZ ,24.100000,99.800000,0.0,70000000000.0,,
XZ,D0003,XZ D0003 BHZ ,30.070000,86.940000,0.0,70000000000.0,,
GS,P003B,GS P003B BHZ ,34.060000,103.900000,0.0,70000000000.0,,
GD,L2306,GD L2306 BHZ ,23.200000,115.280000,0.0,70000000000.0,,
YN,C2713,YN C2713 BHZ ,27.380000,104.650000,0.0,70000000000.0,,
SC,Q2602,SC Q2602 BHZ ,28.270000,104.680000,0.0,70000000000.0,,
GD,DN001,GD DN001 BHZ ,23.450000,117.100000,0.0,70000000000.0,,
SC,W3709,SC W3709 BHZ ,28.220000,103.540000,0.0,70000000000.0,,
YN,EC001,YN EC001 BHZ ,24.910000,101.090000,0.0,70000000000.0,,
HE,B0068,HE B0068 BHZ ,39.680000,118.550000,0.0,70000000000.0,,
FJ,C5802,FJ C5802 BHZ ,24.830000,118.450000,0.0,70000000000.0,,
SC,M2201,SC M2201 BHZ ,30.400000,105.050000,0.0,70000000000.0,,
FJ,GTSK,FJ GTSK BHZ ,26.370000,118.730000,0.0,70000000000.0,,
XJ,P001A,XJ P001A BHZ ,39.370000,74.010000,0.0,70000000000.0,,
GS,L0025,GS L0025 BHZ ,35.340000,105.710000,0.0,70000000000.0,,
SC,Q2401,SC Q2401 BHZ ,28.340000,104.990000,0.0,70000000000.0,,
GS,AY009,GS AY009 BHZ ,36.540000,103.480000,0.0,70000000000.0,,
XJ,F003D,XJ F003D BHZ ,44.200000,80.420000,0.0,70000000000.0,,
XJ,P0068,XJ P0068 BHZ ,39.330000,74.960000,0.0,70000000000.0,,
GX,C0002,GX C0002 BHZ ,25.530000,110.700000,0.0,70000000000.0,,
XJ,P0076,XJ P0076 BHZ ,40.030000,75.480000,0.0,70000000000.0,,
YN,DXW02,YN DXW02 BHZ ,26.110000,103.800000,0.0,70000000000.0,,
XJ,N0053,XJ N0053 BHZ ,40.240000,80.190000,0.0,70000000000.0,,
SC,V3710,SC V3710 BHZ ,29.300000,100.080000,0.0,70000000000.0,,
HE,JL001,HE JL001 BHZ ,37.880000,116.530000,0.0,70000000000.0,,
GS,J0044,GS J0044 BHZ ,34.640000,103.960000,0.0,70000000000.0,,
GS,KW001,GS KW001 BHZ ,33.170000,104.780000,0.0,70000000000.0,,
QH,B0015,QH B0015 BHZ ,36.360000,102.300000,0.0,70000000000.0,,
NX,E0014,NX E0014 BHZ ,36.580000,105.620000,0.0,70000000000.0,,
TJ,XG001,TJ XG001 BHZ ,39.020000,117.640000,0.0,70000000000.0,,
XJ,B0023,XJ B0023 BHZ ,44.170000,86.570000,0.0,70000000000.0,,
YN,J0205,YN J0205 BHZ ,22.630000,101.120000,0.0,70000000000.0,,
SC,WZ002,SC WZ002 BHZ ,28.020000,102.840000,0.0,70000000000.0,,
XJ,F001A,XJ F001A BHZ ,43.480000,82.300000,0.0,70000000000.0,,
GZ,A0003,GZ A0003 BHZ ,27.890000,107.110000,0.0,70000000000.0,,
SD,N0014,SD N0014 BHZ ,37.370000,116.690000,0.0,70000000000.0,,
GS,MQNSW,GS MQNSW BHZ ,38.520000,103.210000,0.0,70000000000.0,,
TJ,A0032,TJ A0032 BHZ ,38.830000,116.760000,0.0,70000000000.0,,
GD,H0306,GD H0306 BHZ ,23.180000,112.420000,0.0,70000000000.0,,
YN,C2607,YN C2607 BHZ ,28.630000,104.180000,0.0,70000000000.0,,
GS,J006F,GS J006F BHZ ,34.660000,104.690000,0.0,70000000000.0,,
GD,Q0408,GD Q0408 BHZ ,22.020000,112.190000,0.0,70000000000.0,,
SC,V2412,SC V2412 BHZ ,28.650000,101.920000,0.0,70000000000.0,,
QH,F0015,QH F0015 BHZ ,33.090000,100.470000,0.0,70000000000.0,,
HE,E0057,HE E0057 BHZ ,37.170000,115.330000,0.0,70000000000.0,,
FJ,C5521,FJ C5521 BHZ ,25.330000,118.140000,0.0,70000000000.0,,
XJ,F0041,XJ F0041 BHZ ,43.720000,82.720000,0.0,70000000000.0,,
NX,B0014,NX B0014 BHZ ,39.160000,106.780000,0.0,70000000000.0,,
TJ,QIG,TJ QIG BHZ ,39.210000,117.020000,0.0,70000000000.0,,
XJ,Q009A,XJ Q009A BHZ ,39.170000,76.440000,0.0,70000000000.0,,
SX,L0005,SX L0005 BHZ ,36.610000,111.710000,0.0,70000000000.0,,
FJ,J4004,FJ J4004 BHZ ,27.610000,119.550000,0.0,70000000000.0,,
GX,YFXLJ,GX YFXLJ BHZ ,25.010000,110.120000,0.0,70000000000.0,,
GS,P0025,GS P0025 BHZ ,34.620000,103.540000,0.0,70000000000.0,,
XJ,P0042,XJ P0042 BHZ ,40.230000,77.130000,0.0,70000000000.0,,
YN,PNL03,YN PNL03 BHZ ,27.190000,100.600000,0.0,70000000000.0,,
GD,J8309,GD J8309 BHZ ,22.360000,112.670000,0.0,70000000000.0,,
SC,Z2102,SC Z2102 BHZ ,30.080000,104.140000,0.0,70000000000.0,,
SC,V3171,SC V3171 BHZ ,31.040000,99.580000,0.0,70000000000.0,,
SD,Q004F,SD Q004F BHZ ,34.800000,117.960000,0.0,70000000000.0,,
SD,MB001,SD MB001 BHZ ,37.430000,118.010000,0.0,70000000000.0,,
XJ,Q000B,XJ Q000B BHZ ,39.160000,77.550000,0.0,70000000000.0,,
FJ,NDZW,FJ NDZW BHZ ,26.680000,119.560000,0.0,70000000000.0,,
TJ,CGZ,TJ CGZ BHZ ,38.780000,117.110000,0.0,70000000000.0,,
SC,U2309,SC U2309 BHZ ,31.890000,103.410000,0.0,70000000000.0,,
XJ,F002A,XJ F002A BHZ ,44.050000,80.850000,0.0,70000000000.0,,
QH,B0053,QH B0053 BHZ ,36.610000,102.090000,0.0,70000000000.0,,
YN,P2105,YN P2105 BHZ ,26.620000,99.960000,0.0,70000000000.0,,
QH,C0015,QH C0015 BHZ ,37.150000,102.240000,0.0,70000000000.0,,
SC,D2209,SC D2209 BHZ ,26.810000,101.690000,0.0,70000000000.0,,
GS,D0013,GS D0013 BHZ ,36.260000,105.310000,0.0,70000000000.0,,
HE,SUC,HE SUC BHZ ,38.850000,115.630000,0.0,70000000000.0,,
GD,H0405,GD H0405 BHZ ,22.960000,112.620000,0.0,70000000000.0,,
XJ,N001C,XJ N001C BHZ ,41.130000,80.430000,0.0,70000000000.0,,
GS,N002C,GS N002C BHZ ,35.660000,102.950000,0.0,70000000000.0,,
FJ,J5001,FJ J5001 BHZ ,27.270000,119.270000,0.0,70000000000.0,,
NX,B0011,NX B0011 BHZ ,39.040000,106.960000,0.0,70000000000.0,,
YN,DHZ03,YN DHZ03 BHZ ,26.800000,103.540000,0.0,70000000000.0,,
XJ,F0040,XJ F0040 BHZ ,43.900000,82.310000,0.0,70000000000.0,,
XJ,Q007E,XJ Q007E BHZ ,37.770000,77.730000,0.0,70000000000.0,,
NX,C0019,NX C0019 BHZ ,37.880000,106.020000,0.0,70000000000.0,,
FJ,J7001,FJ J7001 BHZ ,27.120000,119.640000,0.0,70000000000.0,,
YN,KJ001,YN KJ001 BHZ ,22.370000,100.930000,0.0,70000000000.0,,
QH,B0047,QH B0047 BHZ ,36.990000,101.900000,0.0,70000000000.0,,
YN,K2207,YN K2207 BHZ ,22.060000,100.560000,0.0,70000000000.0,,
YN,G2809,YN G2809 BHZ ,23.170000,102.980000,0.0,70000000000.0,,
FJ,A0006,FJ A0006 BHZ ,25.810000,118.950000,0.0,70000000000.0,,
FJ,E6405,FJ E6405 BHZ ,23.900000,117.020000,0.0,70000000000.0,,
GS,D0034,GS D0034 BHZ ,36.420000,104.400000,0.0,70000000000.0,,
FJ,MHZQ,FJ MHZQ BHZ ,26.100000,119.030000,0.0,70000000000.0,,
SD,A0016,SD A0016 BHZ ,37.410000,117.140000,0.0,70000000000.0,,
YN,JNE01,YN JNE01 BHZ ,23.090000,101.020000,0.0,70000000000.0,,
YN,N2408,YN N2408 BHZ ,24.330000,98.110000,0.0,70000000000.0,,
GS,K004D,GS K004D BHZ ,33.800000,106.310000,0.0,70000000000.0,,
SC,Q2702,SC Q2702 BHZ ,28.090000,104.430000,0.0,70000000000.0,,
YN,A8105,YN A8105 BHZ ,24.860000,102.410000,0.0,70000000000.0,,
GX,B0003,GX B0003 BHZ ,25.070000,109.240000,0.0,70000000000.0,,
GD,A1302,GD A1302 BHZ ,23.000000,113.340000,0.0,70000000000.0,,
XJ,ML004,XJ ML004 BHZ ,41.860000,84.140000,0.0,70000000000.0,,
QH,HENNM,QH HENNM BHZ ,34.580000,101.350000,0.0,70000000000.0,,
HE,R0008,HE R0008 BHZ ,39.060000,116.680000,0.0,70000000000.0,,
XJ,Q009C,XJ Q009C BHZ ,39.100000,76.880000,0.0,70000000000.0,,
SC,U2607,SC U2607 BHZ ,31.420000,102.040000,0.0,70000000000.0,,
YN,N2307,YN N2307 BHZ ,24.850000,98.120000,0.0,70000000000.0,,
SC,MBMZB,SC MBMZB BHZ ,28.800000,103.370000,0.0,70000000000.0,,
FJ,AG001,FJ AG001 BHZ ,26.120000,119.310000,0.0,70000000000.0,,
SC,F8302,SC F8302 BHZ ,31.320000,104.280000,0.0,70000000000.0,,
QH,C0024,QH C0024 BHZ ,37.350000,101.610000,0.0,70000000000.0,,
XJ,Q00A6,XJ Q00A6 BHZ ,39.920000,79.000000,0.0,70000000000.0,,
QH,GADXZ,QH GADXZ BHZ ,34.040000,100.780000,0.0,70000000000.0,,
FJ,A5014,FJ A5014 BHZ ,25.920000,119.610000,0.0,70000000000.0,,
XJ,QMOTZ,XJ QMOTZ BHZ ,38.960000,83.560000,0.0,70000000000.0,,
SC,W3308,SC W3308 BHZ ,28.810000,102.280000,0.0,70000000000.0,,
YN,G2501,YN G2501 BHZ ,23.660000,102.630000,0.0,70000000000.0,,
QH,D0034,QH D0034 BHZ ,34.970000,101.500000,0.0,70000000000.0,,
FJ,J4011,FJ J4011 BHZ ,27.420000,119.630000,0.0,70000000000.0,,
SD,M003C,SD M003C BHZ ,37.410000,117.880000,0.0,70000000000.0,,
GS,L001B,GS L001B BHZ ,35.320000,105.820000,0.0,70000000000.0,,
HE,F0043,HE F0043 BHZ ,38.720000,115.910000,0.0,70000000000.0,,
XJ,P003A,XJ P003A BHZ ,40.010000,76.150000,0.0,70000000000.0,,
FJ,A8005,FJ A8005 BHZ ,26.590000,119.420000,0.0,70000000000.0,,
HE,A0052,HE A0052 BHZ ,37.830000,114.580000,0.0,70000000000.0,,
SC,R0403,SC R0403 BHZ ,30.880000,105.790000,0.0,70000000000.0,,
HE,AC001,HE AC001 BHZ ,38.050000,114.460000,0.0,70000000000.0,,
GS,YCFNB,GS YCFNB BHZ ,38.090000,102.140000,0.0,70000000000.0,,
GS,HL205,GS HL205 BHZ ,38.040000,102.380000,0.0,70000000000.0,,
GS,H002A,GS H002A BHZ ,37.230000,102.680000,0.0,70000000000.0,,
XJ,N0054,XJ N0054 BHZ ,40.840000,80.330000,0.0,70000000000.0,,
SD,R0016,SD R0016 BHZ ,34.930000,115.790000,0.0,70000000000.0,,
HE,B0097,HE B0097 BHZ ,40.380000,118.280000,0.0,70000000000.0,,
XJ,F0057,XJ F0057 BHZ ,43.510000,83.260000,0.0,70000000000.0,,
GS,FY204,GS FY204 BHZ ,39.970000,97.580000,0.0,70000000000.0,,
NX,A0024,NX A0024 BHZ ,38.340000,106.200000,0.0,70000000000.0,,
SX,L0115,SX L0115 BHZ ,36.480000,111.340000,0.0,70000000000.0,,
HA,FX002,HA FX002 BHZ ,35.780000,114.480000,0.0,70000000000.0,,
GD,A1803,GD A1803 BHZ ,23.170000,113.750000,0.0,70000000000.0,,
FJ,A0019,FJ A0019 BHZ ,25.900000,118.680000,0.0,70000000000.0,,
SC,W3602,SC W3602 BHZ ,28.140000,103.110000,0.0,70000000000.0,,
CQ,JD002,CQ JD002 BHZ ,29.730000,105.680000,0.0,70000000000.0,,
HA,E002D,HA E002D BHZ ,35.930000,114.800000,0.0,70000000000.0,,
HE,B0122,HE B0122 BHZ ,40.170000,117.860000,0.0,70000000000.0,,
XJ,P0014,XJ P0014 BHZ ,38.770000,75.190000,0.0,70000000000.0,,
FJ,H1006,FJ H1006 BHZ ,27.380000,118.340000,0.0,70000000000.0,,
XJ,P0027,XJ P0027 BHZ ,38.530000,75.520000,0.0,70000000000.0,,
XJ,QS012,XJ QS012 BHZ ,39.390000,76.350000,0.0,70000000000.0,,
LN,B002D,LN B002D BHZ ,40.040000,122.000000,0.0,70000000000.0,,
SC,DM001,SC DM001 BHZ ,26.930000,101.870000,0.0,70000000000.0,,
YN,C2419,YN C2419 BHZ ,27.740000,103.760000,0.0,70000000000.0,,
SD,QUF,SD QUF BHZ ,35.780000,117.080000,0.0,70000000000.0,,
SD,D001F,SD D001F BHZ ,35.160000,117.150000,0.0,70000000000.0,,
GD,L0305,GD L0305 BHZ ,22.900000,114.550000,0.0,70000000000.0,,
XJ,F0008,XJ F0008 BHZ ,43.640000,81.360000,0.0,70000000000.0,,
HA,J0006,HA J0006 BHZ ,35.880000,115.660000,0.0,70000000000.0,,
GD,P2401,GD P2401 BHZ ,24.450000,115.190000,0.0,70000000000.0,,
SD,M000B,SD M000B BHZ ,36.720000,117.780000,0.0,70000000000.0,,
XJ,P003B,XJ P003B BHZ ,39.920000,76.030000,0.0,70000000000.0,,
SX,L0061,SX L0061 BHZ ,35.590000,111.290000,0.0,70000000000.0,,
LN,H0021,LN H0021 BHZ ,40.060000,122.330000,0.0,70000000000.0,,
XJ,F0015,XJ F0015 BHZ ,43.800000,81.250000,0.0,70000000000.0,,
XJ,Q000F,XJ Q000F BHZ ,39.720000,78.410000,0.0,70000000000.0,,
NX,E0006,NX E0006 BHZ ,36.390000,106.160000,0.0,70000000000.0,,
XJ,Q006E,XJ Q006E BHZ ,39.320000,76.010000,0.0,70000000000.0,,
SD,CB001,SD CB001 BHZ ,35.590000,115.500000,0.0,70000000000.0,,
SC,B8105,SC B8105 BHZ ,32.180000,105.040000,0.0,70000000000.0,,
XJ,G0005,XJ G0005 BHZ ,44.670000,85.270000,0.0,70000000000.0,,
XJ,TOKAL,XJ TOKAL BHZ ,42.820000,87.840000,0.0,70000000000.0,,
GS,P0033,GS P0033 BHZ ,33.500000,104.530000,0.0,70000000000.0,,
SC,QG001,SC QG001 BHZ ,28.450000,104.550000,0.0,70000000000.0,,
HE,A0064,HE A0064 BHZ ,38.270000,113.650000,0.0,70000000000.0,,
NX,ES002,NX ES002 BHZ ,37.410000,105.420000,0.0,70000000000.0,,
YN,C0230,YN C0230 BHZ ,27.490000,103.720000,0.0,70000000000.0,,
GS,K0039,GS K0039 BHZ ,33.840000,105.220000,0.0,70000000000.0,,
SC,GXA,SC GXA BHZ ,28.350000,104.770000,0.0,70000000000.0,,
LN,B004E,LN B004E BHZ ,39.940000,122.030000,0.0,70000000000.0,,
NX,BP004,NX BP004 BHZ ,38.900000,106.800000,0.0,70000000000.0,,
HE,B0077,HE B0077 BHZ ,40.190000,118.720000,0.0,70000000000.0,,
AH,BW001,AH BW001 BHZ ,31.300000,117.890000,0.0,70000000000.0,,
AH,HEF,AH HEF BHZ ,31.730000,117.000000,0.0,70000000000.0,,
NX,BP001,NX BP001 BHZ ,38.740000,106.460000,0.0,70000000000.0,,
YN,KM007,YN KM007 BHZ ,21.700000,101.290000,0.0,70000000000.0,,
GD,M2608,GD M2608 BHZ ,24.510000,115.830000,0.0,70000000000.0,,
GS,K004A,GS K004A BHZ ,33.850000,106.430000,0.0,70000000000.0,,
JS,H0005,JS H0005 BHZ ,33.110000,118.730000,0.0,70000000000.0,,
FJ,AXDP,FJ AXDP BHZ ,24.900000,117.970000,0.0,70000000000.0,,
GD,Q8107,GD Q8107 BHZ ,21.970000,111.670000,0.0,70000000000.0,,
XJ,N000E,XJ N000E BHZ ,41.560000,80.200000,0.0,70000000000.0,,
GZ,E0003,GZ E0003 BHZ ,25.640000,105.600000,0.0,70000000000.0,,
GS,P0037,GS P0037 BHZ ,33.950000,103.600000,0.0,70000000000.0,,
GS,JL002,GS JL002 BHZ ,35.340000,103.860000,0.0,70000000000.0,,
SC,C2202,SC C2202 BHZ ,29.180000,105.210000,0.0,70000000000.0,,
SC,H2203,SC H2203 BHZ ,32.520000,105.150000,0.0,70000000000.0,,
QH,B0080,QH B0080 BHZ ,36.040000,102.500000,0.0,70000000000.0,,
FJ,J4009,FJ J4009 BHZ ,27.450000,119.370000,0.0,70000000000.0,,
FJ,E6709,FJ E6709 BHZ ,24.480000,117.040000,0.0,70000000000.0,,
YN,G2405,YN G2405 BHZ ,23.520000,102.860000,0.0,70000000000.0,,
TJ,A0048,TJ A0048 BHZ ,39.630000,117.630000,0.0,70000000000.0,,
YN,M8103,YN M8103 BHZ ,25.370000,98.500000,0.0,70000000000.0,,
XJ,F003B,XJ F003B BHZ ,44.210000,81.010000,0.0,70000000000.0,,
SD,R0048,SD R0048 BHZ ,35.470000,115.380000,0.0,70000000000.0,,
SC,UM003,SC UM003 BHZ ,31.990000,102.030000,0.0,70000000000.0,,
QH,C0038,QH C0038 BHZ ,37.990000,100.760000,0.0,70000000000.0,,
HE,FN001,HE FN001 BHZ ,38.700000,115.780000,0.0,70000000000.0,,
GD,H2305,GD H2305 BHZ ,23.630000,112.410000,0.0,70000000000.0,,
YN,SYD01,YN SYD01 BHZ ,24.080000,99.410000,0.0,70000000000.0,,
LN,B006C,LN B006C BHZ ,39.560000,122.320000,0.0,70000000000.0,,
SC,A1205,SC A1205 BHZ ,30.670000,104.210000,0.0,70000000000.0,,
SD,E000F,SD E000F BHZ ,37.540000,118.430000,0.0,70000000000.0,,
GS,LQZJT,GS LQZJT BHZ ,37.860000,102.560000,0.0,70000000000.0,,
HE,LUN,HE LUN BHZ ,39.490000,118.690000,0.0,70000000000.0,,
XJ,G001D,XJ G001D BHZ ,44.060000,85.520000,0.0,70000000000.0,,
XJ,P0017,XJ P0017 BHZ ,38.950000,74.310000,0.0,70000000000.0,,
QH,A0056,QH A0056 BHZ ,36.380000,101.540000,0.0,70000000000.0,,
YN,E2407,YN E2407 BHZ ,25.100000,101.280000,0.0,70000000000.0,,
GS,H000E,GS H000E BHZ ,37.740000,102.790000,0.0,70000000000.0,,
YN,E2506,YN E2506 BHZ ,25.560000,101.480000,0.0,70000000000.0,,
SC,Q2903,SC Q2903 BHZ ,28.630000,103.710000,0.0,70000000000.0,,
SC,VJ001,SC VJ001 BHZ ,29.230000,102.040000,0.0,70000000000.0,,
XJ,P004E,XJ P004E BHZ ,39.640000,75.980000,0.0,70000000000.0,,
SD,Q007C,SD Q007C BHZ ,35.390000,117.620000,0.0,70000000000.0,,
HE,JJ003,HE JJ003 BHZ ,38.230000,116.540000,0.0,70000000000.0,,
XJ,DBCDH,XJ DBCDH BHZ ,43.430000,88.880000,0.0,70000000000.0,,
HE,J0028,HE J0028 BHZ ,38.380000,117.350000,0.0,70000000000.0,,
GS,E005F,GS E005F BHZ ,35.050000,106.230000,0.0,70000000000.0,,
SD,JINX,SD JINX BHZ ,35.170000,116.240000,0.0,70000000000.0,,
GS,EQ001,GS EQ001 BHZ ,34.320000,105.790000,0.0,70000000000.0,,
SD,A003B,SD A003B BHZ ,36.610000,117.020000,0.0,70000000000.0,,
YN,E2907,YN E2907 BHZ ,25.820000,102.160000,0.0,70000000000.0,,
YN,M8104,YN M8104 BHZ ,25.200000,98.330000,0.0,70000000000.0,,
GS,N003E,GS N003E BHZ ,35.680000,103.260000,0.0,70000000000.0,,
SC,51YAM,SC 51YAM BHZ ,30.070000,103.110000,0.0,70000000000.0,,
XJ,P0034,XJ P0034 BHZ ,40.070000,76.710000,0.0,70000000000.0,,
SC,V2401,SC V2401 BHZ ,28.880000,101.190000,0.0,70000000000.0,,
SD,Q004C,SD Q004C BHZ ,34.870000,117.900000,0.0,70000000000.0,,
SD,M002B,SD M002B BHZ ,37.580000,117.530000,0.0,70000000000.0,,
GS,E0059,GS E0059 BHZ ,35.000000,105.650000,0.0,70000000000.0,,
NX,E0042,NX E0042 BHZ ,37.510000,105.520000,0.0,70000000000.0,,
YN,Q2502,YN Q2502 BHZ ,26.510000,99.240000,0.0,70000000000.0,,
HE,B0041,HE B0041 BHZ ,39.380000,118.590000,0.0,70000000000.0,,
SD,R000F,SD R000F BHZ ,34.910000,115.580000,0.0,70000000000.0,,
XJ,C000B,XJ C000B BHZ ,44.320000,86.070000,0.0,70000000000.0,,
SD,Q008C,SD Q008C BHZ ,35.430000,117.950000,0.0,70000000000.0,,
HE,F0055,HE F0055 BHZ ,39.480000,114.670000,0.0,70000000000.0,,
YN,C2524,YN C2524 BHZ ,27.590000,103.520000,0.0,70000000000.0,,
GD,QY004,GD QY004 BHZ ,21.930000,112.070000,0.0,70000000000.0,,
FJ,C5903,FJ C5903 BHZ ,24.920000,118.450000,0.0,70000000000.0,,
GD,D1306,GD D1306 BHZ ,23.310000,116.580000,0.0,70000000000.0,,
SD,Q0073,SD Q0073 BHZ ,35.830000,118.360000,0.0,70000000000.0,,
QH,B0027,QH B0027 BHZ ,36.350000,102.730000,0.0,70000000000.0,,
YN,Q2508,YN Q2508 BHZ ,26.950000,99.170000,0.0,70000000000.0,,
HE,F0123,HE F0123 BHZ ,39.340000,115.480000,0.0,70000000000.0,,
SD,H004C,SD H004C BHZ ,35.030000,116.470000,0.0,70000000000.0,,
YN,RW003,YN RW003 BHZ ,27.610000,99.400000,0.0,70000000000.0,,
FJ,A0016,FJ A0016 BHZ ,25.820000,118.890000,0.0,70000000000.0,,
GS,K0065,GS K0065 BHZ ,33.840000,105.680000,0.0,70000000000.0,,
SC,B2306,SC B2306 BHZ ,31.140000,105.440000,0.0,70000000000.0,,
XJ,SHZYW,XJ SHZYW BHZ ,45.130000,85.980000,0.0,70000000000.0,,
GS,L004C,GS L004C BHZ ,35.190000,106.280000,0.0,70000000000.0,,
QH,F0009,QH F0009 BHZ ,33.320000,100.550000,0.0,70000000000.0,,
SC,VA002,SC VA002 BHZ ,28.740000,100.210000,0.0,70000000000.0,,
NX,D0008,NX D0008 BHZ ,35.620000,106.080000,0.0,70000000000.0,,
XJ,F006E,XJ F006E BHZ ,43.880000,81.340000,0.0,70000000000.0,,
XJ,Q0018,XJ Q0018 BHZ ,39.710000,78.040000,0.0,70000000000.0,,
XJ,P001D,XJ P001D BHZ ,38.210000,76.270000,0.0,70000000000.0,,
XJ,WSUKK,XJ WSUKK BHZ ,41.490000,80.270000,0.0,70000000000.0,,
SD,P001F,SD P001F BHZ ,36.450000,116.210000,0.0,70000000000.0,,
SD,D0007,SD D0007 BHZ ,35.180000,117.480000,0.0,70000000000.0,,
QH,C0046,QH C0046 BHZ ,37.650000,101.120000,0.0,70000000000.0,,
YN,MCN01,YN MCN01 BHZ ,25.050000,99.480000,0.0,70000000000.0,,
YN,C2519,YN C2519 BHZ ,27.810000,103.590000,0.0,70000000000.0,,
SX,M0018,SX M0018 BHZ ,35.220000,110.540000,0.0,70000000000.0,,
SD,H000D,SD H000D BHZ ,35.820000,115.950000,0.0,70000000000.0,,
SN,ED003,SN ED003 BHZ ,34.770000,110.140000,0.0,70000000000.0,,
HE,A0050,HE A0050 BHZ ,37.940000,114.590000,0.0,70000000000.0,,
XJ,Q0035,XJ Q0035 BHZ ,39.640000,76.930000,0.0,70000000000.0,,
YN,G2808,YN G2808 BHZ ,23.120000,102.570000,0.0,70000000000.0,,
XJ,F001C,XJ F001C BHZ ,43.310000,82.490000,0.0,70000000000.0,,
SC,W2208,SC W2208 BHZ ,27.870000,101.260000,0.0,70000000000.0,,
QH,MADMC,QH MADMC BHZ ,34.920000,98.210000,0.0,70000000000.0,,
SC,E0201,SC E0201 BHZ ,28.870000,105.370000,0.0,70000000000.0,,
YN,C2532,YN C2532 BHZ ,27.610000,103.380000,0.0,70000000000.0,,
SC,W0114,SC W0114 BHZ ,27.990000,102.130000,0.0,70000000000.0,,
JL,DHT,JL DHT BHZ ,43.340000,128.220000,0.0,70000000000.0,,
YN,C2210,YN C2210 BHZ ,26.980000,103.330000,0.0,70000000000.0,,
XJ,B004A,XJ B004A BHZ ,44.230000,86.350000,0.0,70000000000.0,,
HE,A0014,HE A0014 BHZ ,38.520000,114.560000,0.0,70000000000.0,,
GS,P0016,GS P0016 BHZ ,34.560000,103.640000,0.0,70000000000.0,,
XJ,STZ,XJ STZ BHZ ,43.710000,86.650000,0.0,70000000000.0,,
HE,A0012,HE A0012 BHZ ,38.630000,114.500000,0.0,70000000000.0,,
SD,P002B,SD P002B BHZ ,36.860000,116.100000,0.0,70000000000.0,,
QH,LEDSL,QH LEDSL BHZ ,36.550000,102.400000,0.0,70000000000.0,,
XJ,QB004,XJ QB004 BHZ ,39.110000,77.580000,0.0,70000000000.0,,
GS,K001E,GS K001E BHZ ,33.430000,104.800000,0.0,70000000000.0,,
SC,V2504,SC V2504 BHZ ,29.780000,100.660000,0.0,70000000000.0,,
NX,XSH,NX XSH BHZ ,37.250000,105.200000,0.0,70000000000.0,,
XJ,P001C,XJ P001C BHZ ,38.040000,75.750000,0.0,70000000000.0,,
HE,F0085,HE F0085 BHZ ,38.550000,114.820000,0.0,70000000000.0,,
GS,K006F,GS K006F BHZ ,33.820000,104.540000,0.0,70000000000.0,,
SD,N0026,SD N0026 BHZ ,36.440000,116.520000,0.0,70000000000.0,,
HE,E0053,HE E0053 BHZ ,36.960000,115.360000,0.0,70000000000.0,,
HE,A0006,HE A0006 BHZ ,37.870000,114.940000,0.0,70000000000.0,,
NX,E0037,NX E0037 BHZ ,37.450000,105.840000,0.0,70000000000.0,,
QH,B0014,QH B0014 BHZ ,36.370000,102.220000,0.0,70000000000.0,,
GD,M2308,GD M2308 BHZ ,23.670000,116.140000,0.0,70000000000.0,,
XJ,Q0051,XJ Q0051 BHZ ,38.280000,77.180000,0.0,70000000000.0,,
FJ,J8012,FJ J8012 BHZ ,27.340000,120.210000,0.0,70000000000.0,,
HA,YYXYX,HA YYXYX BHZ ,35.080000,113.980000,0.0,70000000000.0,,
XJ,N002D,XJ N002D BHZ ,41.570000,81.320000,0.0,70000000000.0,,
SC,DMZJ,SC DMZJ BHZ ,31.640000,99.010000,0.0,70000000000.0,,
SX,L0066,SX L0066 BHZ ,35.700000,111.640000,0.0,70000000000.0,,
YN,S2101,YN S2101 BHZ ,24.690000,99.880000,0.0,70000000000.0,,
HE,REX,HE REX BHZ ,37.130000,114.690000,0.0,70000000000.0,,
SC,J2201,SC J2201 BHZ ,30.890000,105.520000,0.0,70000000000.0,,
FJ,H9008,FJ H9008 BHZ ,26.930000,118.280000,0.0,70000000000.0,,
XJ,P0060,XJ P0060 BHZ ,39.860000,74.350000,0.0,70000000000.0,,
GD,B0701,GD B0701 BHZ ,22.650000,114.570000,0.0,70000000000.0,,
YN,D2603,YN D2603 BHZ ,26.820000,103.580000,0.0,70000000000.0,,
GD,Q8104,GD Q8104 BHZ ,22.070000,111.750000,0.0,70000000000.0,,
QH,CM007,QH CM007 BHZ ,37.620000,101.200000,0.0,70000000000.0,,
SC,X2301,SC X2301 BHZ ,30.170000,107.080000,0.0,70000000000.0,,
SX,M0019,SX M0019 BHZ ,35.170000,110.550000,0.0,70000000000.0,,
SD,H0020,SD H0020 BHZ ,35.430000,116.930000,0.0,70000000000.0,,
XJ,M001C,XJ M001C BHZ ,42.570000,86.880000,0.0,70000000000.0,,
SC,L0202,SC L0202 BHZ ,29.530000,103.580000,0.0,70000000000.0,,
GS,XHNSK,GS XHNSK BHZ ,35.040000,102.490000,0.0,70000000000.0,,
HE,R0003,HE R0003 BHZ ,39.430000,116.840000,0.0,70000000000.0,,
SD,Q000F,SD Q000F BHZ ,35.070000,118.370000,0.0,70000000000.0,,
GD,D1103,GD D1103 BHZ ,23.420000,116.590000,0.0,70000000000.0,,
GZ,A0001,GZ A0001 BHZ ,27.000000,107.050000,0.0,70000000000.0,,
SC,V3376,SC V3376 BHZ ,32.150000,100.470000,0.0,70000000000.0,,
GD,A1802,GD A1802 BHZ ,23.430000,113.680000,0.0,70000000000.0,,
FJ,D2204,FJ D2204 BHZ ,24.580000,118.090000,0.0,70000000000.0,,
LN,B003A,LN B003A BHZ ,39.530000,122.170000,0.0,70000000000.0,,
TJ,A0010,TJ A0010 BHZ ,39.080000,117.330000,0.0,70000000000.0,,
GX,GB003,GX GB003 BHZ ,23.640000,109.090000,0.0,70000000000.0,,
FJ,JJ001,FJ JJ001 BHZ ,26.670000,119.540000,0.0,70000000000.0,,
QH,D0012,QH D0012 BHZ ,35.870000,101.960000,0.0,70000000000.0,,
GS,P0044,GS P0044 BHZ ,35.030000,102.970000,0.0,70000000000.0,,
XJ,A002E,XJ A002E BHZ ,43.620000,87.520000,0.0,70000000000.0,,
YN,EDY03,YN EDY03 BHZ ,25.880000,101.090000,0.0,70000000000.0,,
FJ,ES001,FJ ES001 BHZ ,23.700000,117.470000,0.0,70000000000.0,,
FJ,QGQH,FJ QGQH BHZ ,25.150000,118.900000,0.0,70000000000.0,,
YN,YIM,YN YIM BHZ ,24.700000,102.140000,0.0,70000000000.0,,
YN,L2904,YN L2904 BHZ ,25.540000,99.120000,0.0,70000000000.0,,
LN,B004C,LN B004C BHZ ,39.840000,122.680000,0.0,70000000000.0,,
SC,CNI,SC CNI BHZ ,28.370000,104.870000,0.0,70000000000.0,,
YN,E3101,YN E3101 BHZ ,25.010000,101.880000,0.0,70000000000.0,,
GD,UC001,GD UC001 BHZ ,23.460000,116.670000,0.0,70000000000.0,,
GD,L2215,GD L2215 BHZ ,23.200000,114.100000,0.0,70000000000.0,,
LN,PLDCZ,LN PLDCZ BHZ ,39.460000,122.480000,0.0,70000000000.0,,
SD,A0009,SD A0009 BHZ ,36.110000,116.450000,0.0,70000000000.0,,
FJ,CTCX,FJ CTCX BHZ ,24.700000,117.740000,0.0,70000000000.0,,
TJ,A0027,TJ A0027 BHZ ,39.200000,117.210000,0.0,70000000000.0,,
GD,S0002,GD S0002 BHZ ,23.060000,113.810000,0.0,70000000000.0,,
XJ,F0093,XJ F0093 BHZ ,43.090000,81.140000,0.0,70000000000.0,,
GS,L0017,GS L0017 BHZ ,35.490000,106.010000,0.0,70000000000.0,,
FJ,D2402,FJ D2402 BHZ ,24.650000,118.170000,0.0,70000000000.0,,
FJ,F1011,FJ F1011 BHZ ,24.740000,116.520000,0.0,70000000000.0,,
SC,X2105,SC X2105 BHZ ,30.380000,106.460000,0.0,70000000000.0,,
GX,B0001,GX B0001 BHZ ,24.280000,109.420000,0.0,70000000000.0,,
GS,L004E,GS L004E BHZ ,35.270000,105.980000,0.0,70000000000.0,,
TJ,QD001,TJ QD001 BHZ ,39.340000,117.740000,0.0,70000000000.0,,
GD,QJ001,GD QJ001 BHZ ,21.570000,111.840000,0.0,70000000000.0,,
YN,C0225,YN C0225 BHZ ,27.140000,103.650000,0.0,70000000000.0,,
HA,HXXLG,HA HXXLG BHZ ,35.510000,114.680000,0.0,70000000000.0,,
NX,D002F,NX D002F BHZ ,35.990000,105.410000,0.0,70000000000.0,,
XJ,P0016,XJ P0016 BHZ ,38.660000,73.990000,0.0,70000000000.0,,
XJ,A0032,XJ A0032 BHZ ,43.630000,87.660000,0.0,70000000000.0,,
XJ,Q0008,XJ Q0008 BHZ ,39.600000,78.440000,0.0,70000000000.0,,
GS,K0036,GS K0036 BHZ ,33.840000,105.420000,0.0,70000000000.0,,
SD,A0031,SD A0031 BHZ ,36.520000,117.230000,0.0,70000000000.0,,
TJ,PH001,TJ PH001 BHZ ,39.450000,117.260000,0.0,70000000000.0,,
SC,V0109,SC V0109 BHZ ,30.080000,101.480000,0.0,70000000000.0,,
TJ,TJH,TJ TJH BHZ ,38.750000,117.560000,0.0,70000000000.0,,
HA,FB001,HA FB001 BHZ ,35.720000,114.320000,0.0,70000000000.0,,
AH,EY001,AH EY001 BHZ ,31.670000,118.490000,0.0,70000000000.0,,
SC,U2771,SC U2771 BHZ ,31.300000,102.490000,0.0,70000000000.0,,
NX,D0021,NX D0021 BHZ ,35.760000,106.480000,0.0,70000000000.0,,
LN,HG006,LN HG006 BHZ ,40.260000,122.730000,0.0,70000000000.0,,
YN,N0306,YN N0306 BHZ ,24.290000,98.190000,0.0,70000000000.0,,
FJ,EL001,FJ EL001 BHZ ,24.500000,117.670000,0.0,70000000000.0,,
GS,AC001,GS AC001 BHZ ,36.050000,103.930000,0.0,70000000000.0,,
HE,EV001,HE EV001 BHZ ,36.870000,115.480000,0.0,70000000000.0,,
SC,V3275,SC V3275 BHZ ,32.970000,98.090000,0.0,70000000000.0,,
LN,BP001,LN BP001 BHZ ,39.690000,122.390000,0.0,70000000000.0,,
GS,K0098,GS K0098 BHZ ,34.010000,104.800000,0.0,70000000000.0,,
XJ,FC002,XJ FC002 BHZ ,43.690000,81.550000,0.0,70000000000.0,,
HE,B0106,HE B0106 BHZ ,39.240000,118.440000,0.0,70000000000.0,,
SD,H000B,SD H000B BHZ ,35.700000,116.130000,0.0,70000000000.0,,
XJ,N0039,XJ N0039 BHZ ,41.410000,82.620000,0.0,70000000000.0,,
GS,E0029,GS E0029 BHZ ,34.970000,106.030000,0.0,70000000000.0,,
HE,J0042,HE J0042 BHZ ,38.470000,116.780000,0.0,70000000000.0,,
CQ,JJML,CQ JJML BHZ ,29.180000,106.250000,0.0,70000000000.0,,
YN,F2701,YN F2701 BHZ ,24.050000,101.570000,0.0,70000000000.0,,
SD,N0008,SD N0008 BHZ ,37.810000,116.990000,0.0,70000000000.0,,
SD,M0024,SD M0024 BHZ ,38.050000,117.600000,0.0,70000000000.0,,
NX,A0014,NX A0014 BHZ ,38.390000,106.100000,0.0,70000000000.0,,
XJ,HOXNR,XJ HOXNR BHZ ,42.410000,87.450000,0.0,70000000000.0,,
GD,G8212,GD G8212 BHZ ,21.100000,109.910000,0.0,70000000000.0,,
GX,HS002,GX HS002 BHZ ,25.560000,109.800000,0.0,70000000000.0,,
SC,WS003,SC WS003 BHZ ,26.980000,102.830000,0.0,70000000000.0,,
GS,L001D,GS L001D BHZ ,35.600000,105.530000,0.0,70000000000.0,,
XJ,PW009,XJ PW009 BHZ ,40.160000,75.320000,0.0,70000000000.0,,
XJ,N0026,XJ N0026 BHZ ,41.990000,81.850000,0.0,70000000000.0,,
SC,A8102,SC A8102 BHZ ,31.070000,103.640000,0.0,70000000000.0,,
NX,D0016,NX D0016 BHZ ,35.910000,106.460000,0.0,70000000000.0,,
FJ,A2001,FJ A2001 BHZ ,26.000000,119.350000,0.0,70000000000.0,,
YN,R2303,YN R2303 BHZ ,27.340000,99.230000,0.0,70000000000.0,,
GD,V8102,GD V8102 BHZ ,23.410000,116.220000,0.0,70000000000.0,,
SD,J000B,SD J000B BHZ ,36.080000,116.760000,0.0,70000000000.0,,
FJ,ZPCG,FJ ZPCG BHZ ,24.070000,117.600000,0.0,70000000000.0,,
XJ,Q004E,XJ Q004E BHZ ,37.880000,76.660000,0.0,70000000000.0,,
GD,P2219,GD P2219 BHZ ,24.150000,115.190000,0.0,70000000000.0,,
XZ,D0019,XZ D0019 BHZ ,29.230000,90.160000,0.0,70000000000.0,,
XJ,HJGAB,XJ HJGAB BHZ ,43.110000,85.790000,0.0,70000000000.0,,
GD,G2509,GD G2509 BHZ ,20.480000,110.350000,0.0,70000000000.0,,
NX,C0037,NX C0037 BHZ ,37.840000,106.970000,0.0,70000000000.0,,
NX,D002D,NX D002D BHZ ,35.740000,106.000000,0.0,70000000000.0,,
QH,D0039,QH D0039 BHZ ,35.310000,101.030000,0.0,70000000000.0,,
GS,E0017,GS E0017 BHZ ,34.560000,105.980000,0.0,70000000000.0,,
XJ,AHQ,XJ AHQ BHZ ,40.930000,78.460000,0.0,70000000000.0,,
SC,A2906,SC A2906 BHZ ,30.690000,103.390000,0.0,70000000000.0,,
XZ,G0003,XZ G0003 BHZ ,30.260000,94.830000,0.0,70000000000.0,,
TJ,A0038,TJ A0038 BHZ ,38.710000,116.920000,0.0,70000000000.0,,
HA,HLQKW,HA HLQKW BHZ ,35.770000,115.010000,0.0,70000000000.0,,
GS,FY201,GS FY201 BHZ ,40.000000,97.510000,0.0,70000000000.0,,
GS,AH001,GS AH001 BHZ ,36.270000,103.020000,0.0,70000000000.0,,
GX,AB002,GX AB002 BHZ ,23.210000,109.110000,0.0,70000000000.0,,
GD,A1402,GD A1402 BHZ ,23.470000,113.370000,0.0,70000000000.0,,
XJ,C0005,XJ C0005 BHZ ,44.290000,86.060000,0.0,70000000000.0,,
XJ,B0010,XJ B0010 BHZ ,44.090000,87.040000,0.0,70000000000.0,,
SC,Q0201,SC Q0201 BHZ ,28.910000,104.730000,0.0,70000000000.0,,
GS,H0001,GS H0001 BHZ ,37.530000,103.490000,0.0,70000000000.0,,
GD,N2108,GD N2108 BHZ ,22.860000,115.060000,0.0,70000000000.0,,
YN,PHP01,YN PHP01 BHZ ,26.860000,101.340000,0.0,70000000000.0,,
YN,C2912,YN C2912 BHZ ,27.990000,104.970000,0.0,70000000000.0,,
XJ,F000E,XJ F000E BHZ ,43.700000,81.170000,0.0,70000000000.0,,
SD,S0006,SD S0006 BHZ ,36.320000,117.610000,0.0,70000000000.0,,
GS,FS001,GS FS001 BHZ ,39.740000,98.530000,0.0,70000000000.0,,
XJ,P0053,XJ P0053 BHZ ,40.360000,75.420000,0.0,70000000000.0,,
SX,M0074,SX M0074 BHZ ,35.410000,111.340000,0.0,70000000000.0,,
FJ,E6306,FJ E6306 BHZ ,24.110000,117.620000,0.0,70000000000.0,,
NX,C001C,NX C001C BHZ ,37.890000,106.080000,0.0,70000000000.0,,
GD,L0201,GD L0201 BHZ ,23.060000,114.450000,0.0,70000000000.0,,
GS,YZXQC,GS YZXQC BHZ ,36.290000,104.200000,0.0,70000000000.0,,
YN,J2414,YN J2414 BHZ ,23.540000,100.200000,0.0,70000000000.0,,
YN,DAL,YN DAL BHZ ,21.750000,100.140000,0.0,70000000000.0,,
YN,J2601,YN J2601 BHZ ,22.690000,101.650000,0.0,70000000000.0,,
GS,PQ001,GS PQ001 BHZ ,33.430000,104.610000,0.0,70000000000.0,,
SC,J0402,SC J0402 BHZ ,30.310000,105.260000,0.0,70000000000.0,,
HA,FQXCG,HA FQXCG BHZ ,35.030000,114.430000,0.0,70000000000.0,,
JS,F0003,JS F0003 BHZ ,32.400000,120.820000,0.0,70000000000.0,,
YN,FX001,YN FX001 BHZ ,23.820000,101.550000,0.0,70000000000.0,,
XJ,AD001,XJ AD001 BHZ ,43.540000,87.940000,0.0,70000000000.0,,
SN,E0075,SN E0075 BHZ ,35.220000,109.840000,0.0,70000000000.0,,
GS,GS206,GS GS206 BHZ ,38.170000,101.160000,0.0,70000000000.0,,
GS,E0065,GS E0065 BHZ ,35.150000,106.240000,0.0,70000000000.0,,
LN,B0016,LN B0016 BHZ ,39.140000,121.760000,0.0,70000000000.0,,
XJ,B002A,XJ B002A BHZ ,44.260000,86.660000,0.0,70000000000.0,,
GS,HG008,GS HG008 BHZ ,37.620000,103.070000,0.0,70000000000.0,,
SD,H000F,SD H000F BHZ ,35.360000,116.500000,0.0,70000000000.0,,
SD,H004F,SD H004F BHZ ,35.040000,116.600000,0.0,70000000000.0,,
QH,C0003,QH C0003 BHZ ,37.040000,100.770000,0.0,70000000000.0,,
HA,B001F,HA B001F BHZ ,34.770000,114.510000,0.0,70000000000.0,,
XJ,N005E,XJ N005E BHZ ,40.340000,80.390000,0.0,70000000000.0,,
SC,W2309,SC W2309 BHZ ,27.790000,100.730000,0.0,70000000000.0,,
FJ,C5405,FJ C5405 BHZ ,24.920000,117.870000,0.0,70000000000.0,,
SC,JSZJ,SC JSZJ BHZ ,31.180000,98.830000,0.0,70000000000.0,,
SC,LW001,SC LW001 BHZ ,29.380000,103.800000,0.0,70000000000.0,,
XJ,M000C,XJ M000C BHZ ,42.220000,85.820000,0.0,70000000000.0,,
XJ,N0016,XJ N0016 BHZ ,41.330000,79.970000,0.0,70000000000.0,,
YN,E0109,YN E0109 BHZ ,25.010000,100.950000,0.0,70000000000.0,,
XZ,D0001,XZ D0001 BHZ ,29.300000,87.240000,0.0,70000000000.0,,
YN,LYP01,YN LYP01 BHZ ,25.490000,99.520000,0.0,70000000000.0,,
XJ,A002D,XJ A002D BHZ ,43.980000,87.540000,0.0,70000000000.0,,
SD,R0025,SD R0025 BHZ ,34.720000,115.870000,0.0,70000000000.0,,
XJ,Q002E,XJ Q002E BHZ ,39.400000,76.640000,0.0,70000000000.0,,
SC,ZZZH,SC ZZZH BHZ ,28.080000,102.900000,0.0,70000000000.0,,
GD,H8405,GD H8405 BHZ ,23.500000,112.820000,0.0,70000000000.0,,
XJ,Q0037,XJ Q0037 BHZ ,39.500000,76.200000,0.0,70000000000.0,,
HA,J000B,HA J000B BHZ ,36.140000,115.160000,0.0,70000000000.0,,
SD,Q007E,SD Q007E BHZ ,35.420000,117.780000,0.0,70000000000.0,,
GD,J8408,GD J8408 BHZ ,22.720000,113.000000,0.0,70000000000.0,,
HI,C0005,HI C0005 BHZ ,19.720000,110.200000,0.0,70000000000.0,,
NX,YCGSW,NX YCGSW BHZ ,38.110000,106.940000,0.0,70000000000.0,,
YN,M8111,YN M8111 BHZ ,24.720000,98.560000,0.0,70000000000.0,,
XJ,MASBJ,XJ MASBJ BHZ ,44.120000,86.300000,0.0,70000000000.0,,
FJ,H2002,FJ H2002 BHZ ,26.910000,118.140000,0.0,70000000000.0,,
XJ,C0008,XJ C0008 BHZ ,44.300000,86.000000,0.0,70000000000.0,,
FJ,H1004,FJ H1004 BHZ ,27.390000,117.850000,0.0,70000000000.0,,
GS,EA001,GS EA001 BHZ ,34.880000,105.660000,0.0,70000000000.0,,
FJ,E6310,FJ E6310 BHZ ,24.240000,117.810000,0.0,70000000000.0,,
SC,X2102,SC X2102 BHZ ,30.500000,106.230000,0.0,70000000000.0,,
SD,P0039,SD P0039 BHZ ,36.190000,115.500000,0.0,70000000000.0,,
SC,F0302,SC F0302 BHZ ,31.180000,104.380000,0.0,70000000000.0,,
XJ,P0038,XJ P0038 BHZ ,39.940000,75.940000,0.0,70000000000.0,,
SC,TL002,SC TL002 BHZ ,30.340000,102.990000,0.0,70000000000.0,,
LN,B0037,LN B0037 BHZ ,39.730000,122.260000,0.0,70000000000.0,,
SD,R0017,SD R0017 BHZ ,34.960000,115.980000,0.0,70000000000.0,,
YN,R0119,YN R0119 BHZ ,28.340000,99.460000,0.0,70000000000.0,,
HE,F0006,HE F0006 BHZ ,38.510000,115.440000,0.0,70000000000.0,,
FJ,C5918,FJ C5918 BHZ ,25.200000,118.190000,0.0,70000000000.0,,
HE,FD001,HE FD001 BHZ ,38.780000,115.480000,0.0,70000000000.0,,
AH,A0002,AH A0002 BHZ ,31.900000,117.370000,0.0,70000000000.0,,
HE,GGZ,HE GGZ BHZ ,39.380000,116.050000,0.0,70000000000.0,,
GD,AP003,GD AP003 BHZ ,22.920000,113.370000,0.0,70000000000.0,,
SC,YYHC,SC YYHC BHZ ,27.300000,101.320000,0.0,70000000000.0,,
SX,H0008,SX H0008 BHZ ,39.120000,113.920000,0.0,70000000000.0,,
GS,P000D,GS P000D BHZ ,33.680000,101.560000,0.0,70000000000.0,,
HA,E000E,HA E000E BHZ ,35.580000,114.610000,0.0,70000000000.0,,
QH,D0026,QH D0026 BHZ ,35.230000,101.000000,0.0,70000000000.0,,
XJ,N003B,XJ N003B BHZ ,41.090000,82.640000,0.0,70000000000.0,,
GD,P2212,GD P2212 BHZ ,24.700000,115.470000,0.0,70000000000.0,,
GS,N000D,GS N000D BHZ ,35.800000,103.530000,0.0,70000000000.0,,
GD,J8513,GD J8513 BHZ ,22.190000,112.300000,0.0,70000000000.0,,
YN,A1503,YN A1503 BHZ ,24.450000,102.260000,0.0,70000000000.0,,
QH,B0057,QH B0057 BHZ ,36.820000,102.170000,0.0,70000000000.0,,
SD,S0009,SD S0009 BHZ ,36.400000,117.810000,0.0,70000000000.0,,
XJ,ML006,XJ ML006 BHZ ,41.950000,84.580000,0.0,70000000000.0,,
TJ,WT001,TJ WT001 BHZ ,39.030000,116.770000,0.0,70000000000.0,,
SC,V2405,SC V2405 BHZ ,28.440000,101.690000,0.0,70000000000.0,,
GS,PL001,GS PL001 BHZ ,34.440000,102.300000,0.0,70000000000.0,,
SC,UR002,SC UR002 BHZ ,32.510000,101.050000,0.0,70000000000.0,,
FJ,A0024,FJ A0024 BHZ ,25.680000,119.320000,0.0,70000000000.0,,
GX,AW003,GX AW003 BHZ ,23.310000,108.400000,0.0,70000000000.0,,
SC,W3504,SC W3504 BHZ ,28.840000,102.770000,0.0,70000000000.0,,
YN,P2116,YN P2116 BHZ ,26.790000,99.650000,0.0,70000000000.0,,
XJ,LHG,XJ LHG BHZ ,43.640000,87.060000,0.0,70000000000.0,,
YN,D2601,YN D2601 BHZ ,26.520000,103.150000,0.0,70000000000.0,,
QH,B0055,QH B0055 BHZ ,36.710000,102.220000,0.0,70000000000.0,,
YN,J2903,YN J2903 BHZ ,22.800000,99.620000,0.0,70000000000.0,,
NX,A0003,NX A0003 BHZ ,38.140000,105.940000,0.0,70000000000.0,,
GD,T0013,GD T0013 BHZ ,22.510000,113.380000,0.0,70000000000.0,,
YN,C2802,YN C2802 BHZ ,27.380000,104.260000,0.0,70000000000.0,,
HL,C0001,HL C0001 BHZ ,44.550000,129.650000,0.0,70000000000.0,,
FJ,C5312,FJ C5312 BHZ ,24.920000,118.750000,0.0,70000000000.0,,
AH,N0005,AH N0005 BHZ ,31.610000,116.520000,0.0,70000000000.0,,
SD,G0053,SD G0053 BHZ ,37.060000,118.810000,0.0,70000000000.0,,
FJ,B4017,FJ B4017 BHZ ,25.440000,118.660000,0.0,70000000000.0,,
SX,L0089,SX L0089 BHZ ,36.310000,111.570000,0.0,70000000000.0,,
GX,L0009,GX L0009 BHZ ,23.140000,106.430000,0.0,70000000000.0,,
XJ,P0008,XJ P0008 BHZ ,40.840000,76.980000,0.0,70000000000.0,,
YN,C2411,YN C2411 BHZ ,27.840000,103.970000,0.0,70000000000.0,,
YN,C2217,YN C2217 BHZ ,27.320000,103.060000,0.0,70000000000.0,,
SC,SPMJ,SC SPMJ BHZ ,32.370000,103.740000,0.0,70000000000.0,,
QH,B0016,QH B0016 BHZ ,36.290000,102.250000,0.0,70000000000.0,,
SC,PSFR,SC PSFR BHZ ,27.930000,104.540000,0.0,70000000000.0,,
FJ,A0039,FJ A0039 BHZ ,25.630000,119.310000,0.0,70000000000.0,,
SC,UE005,SC UE005 BHZ ,33.280000,102.530000,0.0,70000000000.0,,
XJ,SMY,XJ SMY BHZ ,41.640000,79.730000,0.0,70000000000.0,,
SC,UY003,SC UY003 BHZ ,32.020000,102.620000,0.0,70000000000.0,,
SC,U2310,SC U2310 BHZ ,31.790000,103.860000,0.0,70000000000.0,,
NX,D0040,NX D0040 BHZ ,36.470000,106.310000,0.0,70000000000.0,,
SD,J0009,SD J0009 BHZ ,36.050000,116.120000,0.0,70000000000.0,,
SC,51YBG,SC 51YBG BHZ ,28.800000,104.400000,0.0,70000000000.0,,
XJ,B0026,XJ B0026 BHZ ,44.620000,86.580000,0.0,70000000000.0,,
YN,C2231,YN C2231 BHZ ,26.830000,103.190000,0.0,70000000000.0,,
GS,K0052,GS K0052 BHZ ,33.680000,106.200000,0.0,70000000000.0,,
SC,W3104,SC W3104 BHZ ,28.080000,102.700000,0.0,70000000000.0,,
HE,D0009,HE D0009 BHZ ,36.430000,115.090000,0.0,70000000000.0,,
XJ,FZ004,XJ FZ004 BHZ ,43.000000,80.710000,0.0,70000000000.0,,
YN,EL002,YN EL002 BHZ ,25.300000,101.920000,0.0,70000000000.0,,
XJ,GS004,XJ GS004 BHZ ,44.640000,85.780000,0.0,70000000000.0,,
SC,GYXJ,SC GYXJ BHZ ,30.770000,99.030000,0.0,70000000000.0,,
GS,WIYQQ,GS WIYQQ BHZ ,35.350000,104.270000,0.0,70000000000.0,,
HA,EH001,HA EH001 BHZ ,35.370000,114.770000,0.0,70000000000.0,,
SC,W2302,SC W2302 BHZ ,27.820000,101.870000,0.0,70000000000.0,,
SC,V2204,SC V2204 BHZ ,29.640000,102.120000,0.0,70000000000.0,,
YN,M0212,YN M0212 BHZ ,24.910000,99.330000,0.0,70000000000.0,,
GD,H0407,GD H0407 BHZ ,22.950000,112.650000,0.0,70000000000.0,,
HE,D0067,HE D0067 BHZ ,36.890000,115.110000,0.0,70000000000.0,,
GS,P0002,GS P0002 BHZ ,34.180000,102.550000,0.0,70000000000.0,,
GS,P0003,GS P0003 BHZ ,34.090000,102.640000,0.0,70000000000.0,,
YN,C2529,YN C2529 BHZ ,27.760000,103.650000,0.0,70000000000.0,,
AH,A0010,AH A0010 BHZ ,31.280000,117.270000,0.0,70000000000.0,,
SD,C000A,SD C000A BHZ ,36.950000,117.950000,0.0,70000000000.0,,
SC,V2704,SC V2704 BHZ ,31.410000,100.630000,0.0,70000000000.0,,
SD,H0009,SD H0009 BHZ ,35.720000,116.250000,0.0,70000000000.0,,
YN,P2110,YN P2110 BHZ ,27.270000,100.370000,0.0,70000000000.0,,
FJ,J8003,FJ J8003 BHZ ,27.270000,120.110000,0.0,70000000000.0,,
HE,T0023,HE T0023 BHZ ,37.700000,116.120000,0.0,70000000000.0,,
YN,E2703,YN E2703 BHZ ,26.160000,101.640000,0.0,70000000000.0,,
SD,M000F,SD M000F BHZ ,37.100000,117.500000,0.0,70000000000.0,,
XJ,N002A,XJ N002A BHZ ,41.900000,82.640000,0.0,70000000000.0,,
XJ,B003E,XJ B003E BHZ ,45.010000,86.100000,0.0,70000000000.0,,
FJ,CX001,FJ CX001 BHZ ,25.070000,118.160000,0.0,70000000000.0,,
XJ,PW002,XJ PW002 BHZ ,39.950000,75.550000,0.0,70000000000.0,,
QH,DJ024,QH DJ024 BHZ ,35.770000,101.870000,0.0,70000000000.0,,
GD,W2106,GD W2106 BHZ ,22.510000,112.200000,0.0,70000000000.0,,
SC,WN002,SC WN002 BHZ ,28.460000,102.070000,0.0,70000000000.0,,
GD,P2410,GD P2410 BHZ ,24.520000,115.090000,0.0,70000000000.0,,
XJ,A001F,XJ A001F BHZ ,44.070000,87.590000,0.0,70000000000.0,,
GD,L0306,GD L0306 BHZ ,22.860000,114.340000,0.0,70000000000.0,,
SC,U2611,SC U2611 BHZ ,31.740000,101.720000,0.0,70000000000.0,,
SD,DX001,SD DX001 BHZ ,34.800000,117.270000,0.0,70000000000.0,,
GS,H000A,GS H000A BHZ ,37.930000,102.680000,0.0,70000000000.0,,
HE,HQ001,HE HQ001 BHZ ,41.960000,117.210000,0.0,70000000000.0,,
FJ,C5422,FJ C5422 BHZ ,25.110000,117.960000,0.0,70000000000.0,,
GS,AA001,GS AA001 BHZ ,36.110000,103.700000,0.0,70000000000.0,,
GS,J0024,GS J0024 BHZ ,35.270000,103.840000,0.0,70000000000.0,,
SX,HF001,SX HF001 BHZ ,39.270000,113.870000,0.0,70000000000.0,,
HE,A0070,HE A0070 BHZ ,38.430000,113.880000,0.0,70000000000.0,,
SC,W2314,SC W2314 BHZ ,27.620000,101.010000,0.0,70000000000.0,,
YN,D0202,YN D0202 BHZ ,25.530000,103.730000,0.0,70000000000.0,,
SC,V2606,SC V2606 BHZ ,31.060000,101.110000,0.0,70000000000.0,,
FJ,J8010,FJ J8010 BHZ ,27.150000,120.430000,0.0,70000000000.0,,
SC,W2812,SC W2812 BHZ ,27.510000,102.610000,0.0,70000000000.0,,
NX,C0031,NX C0031 BHZ ,38.080000,106.950000,0.0,70000000000.0,,
GS,K008A,GS K008A BHZ ,33.950000,105.070000,0.0,70000000000.0,,
SC,V3406,SC V3406 BHZ ,30.040000,100.120000,0.0,70000000000.0,,
XJ,F0005,XJ F0005 BHZ ,43.840000,81.140000,0.0,70000000000.0,,
HE,T0031,HE T0031 BHZ ,37.990000,115.860000,0.0,70000000000.0,,
GS,K003D,GS K003D BHZ ,33.960000,105.290000,0.0,70000000000.0,,
GS,A0006,GS A0006 BHZ ,36.340000,102.880000,0.0,70000000000.0,,
FJ,A0026,FJ A0026 BHZ ,25.470000,119.310000,0.0,70000000000.0,,
HA,G0029,HA G0029 BHZ ,35.420000,114.270000,0.0,70000000000.0,,
XJ,G0011,XJ G0011 BHZ ,44.160000,85.780000,0.0,70000000000.0,,
HA,E002C,HA E002C BHZ ,35.900000,114.670000,0.0,70000000000.0,,
SD,H0026,SD H0026 BHZ ,35.660000,116.420000,0.0,70000000000.0,,
SC,T2409,SC T2409 BHZ ,29.300000,102.440000,0.0,70000000000.0,,
YN,P2101,YN P2101 BHZ ,27.130000,100.230000,0.0,70000000000.0,,
GS,J002E,GS J002E BHZ ,35.090000,104.460000,0.0,70000000000.0,,
SD,MW002,SD MW002 BHZ ,37.860000,117.800000,0.0,70000000000.0,,
SC,W3609,SC W3609 BHZ ,28.550000,103.170000,0.0,70000000000.0,,
FJ,A7014,FJ A7014 BHZ ,26.330000,119.570000,0.0,70000000000.0,,
YN,E2304,YN E2304 BHZ ,25.370000,101.580000,0.0,70000000000.0,,
XJ,QC002,XJ QC002 BHZ ,38.680000,77.310000,0.0,70000000000.0,,
SC,T2205,SC T2205 BHZ ,29.740000,102.570000,0.0,70000000000.0,,
SX,L0009,SX L0009 BHZ ,36.630000,111.100000,0.0,70000000000.0,,
GD,K0405,GD K0405 BHZ ,21.800000,111.370000,0.0,70000000000.0,,
GD,DC006,GD DC006 BHZ ,23.210000,116.630000,0.0,70000000000.0,,
SN,F0005,SN F0005 BHZ ,33.270000,106.240000,0.0,70000000000.0,,
SC,J0407,SC J0407 BHZ ,30.410000,105.360000,0.0,70000000000.0,,
SC,W2211,SC W2211 BHZ ,27.400000,101.670000,0.0,70000000000.0,,
GD,Q0411,GD Q0411 BHZ ,21.900000,111.870000,0.0,70000000000.0,,
HE,SCH,HE SCH BHZ ,39.050000,115.560000,0.0,70000000000.0,,
GS,P0046,GS P0046 BHZ ,35.440000,102.570000,0.0,70000000000.0,,
SN,E0085,SN E0085 BHZ ,35.060000,109.800000,0.0,70000000000.0,,
FJ,F1014,FJ F1014 BHZ ,24.430000,116.900000,0.0,70000000000.0,,
GS,AG002,GS AG002 BHZ ,36.260000,103.630000,0.0,70000000000.0,,
YN,M8112,YN M8112 BHZ ,25.290000,98.680000,0.0,70000000000.0,,
SD,Q0011,SD Q0011 BHZ ,35.200000,118.470000,0.0,70000000000.0,,
XJ,F008A,XJ F008A BHZ ,43.870000,81.790000,0.0,70000000000.0,,
YN,SZ003,YN SZ003 BHZ ,23.750000,99.150000,0.0,70000000000.0,,
GD,QY003,GD QY003 BHZ ,22.310000,111.870000,0.0,70000000000.0,,
XZ,CJ001,XZ CJ001 BHZ ,29.140000,92.580000,0.0,70000000000.0,,
NX,C0008,NX C0008 BHZ ,37.470000,106.130000,0.0,70000000000.0,,
YN,FY001,YN FY001 BHZ ,23.540000,102.280000,0.0,70000000000.0,,
GX,ML001,GX ML001 BHZ ,24.790000,108.960000,0.0,70000000000.0,,
SD,J002A,SD J002A BHZ ,35.990000,117.000000,0.0,70000000000.0,,
QH,C0041,QH C0041 BHZ ,38.030000,100.640000,0.0,70000000000.0,,
GS,K0058,GS K0058 BHZ ,34.040000,105.760000,0.0,70000000000.0,,
YN,CLD01,YN CLD01 BHZ ,27.310000,103.430000,0.0,70000000000.0,,
SD,D001A,SD D001A BHZ ,35.090000,117.210000,0.0,70000000000.0,,
NX,D000F,NX D000F BHZ ,35.460000,105.970000,0.0,70000000000.0,,
GS,J006D,GS J006D BHZ ,34.690000,104.400000,0.0,70000000000.0,,
XJ,B0021,XJ B0021 BHZ ,44.540000,88.280000,0.0,70000000000.0,,
SC,L1102,SC L1102 BHZ ,29.280000,103.490000,0.0,70000000000.0,,
SD,M0018,SD M0018 BHZ ,37.410000,117.640000,0.0,70000000000.0,,
JS,XY,JS XY BHZ ,33.010000,118.500000,0.0,70000000000.0,,
XJ,F0077,XJ F0077 BHZ ,43.820000,81.540000,0.0,70000000000.0,,
YN,KM005,YN KM005 BHZ ,22.220000,100.120000,0.0,70000000000.0,,
QH,A0044,QH A0044 BHZ ,36.300000,101.660000,0.0,70000000000.0,,
YN,R2304,YN R2304 BHZ ,27.550000,99.320000,0.0,70000000000.0,,
SX,L0050,SX L0050 BHZ ,36.050000,111.010000,0.0,70000000000.0,,
XJ,F0053,XJ F0053 BHZ ,43.180000,81.820000,0.0,70000000000.0,,
XZ,EB001,XZ EB001 BHZ ,31.480000,93.670000,0.0,70000000000.0,,
XJ,Q0014,XJ Q0014 BHZ ,39.420000,78.070000,0.0,70000000000.0,,
GS,EZ001,GS EZ001 BHZ ,34.990000,106.220000,0.0,70000000000.0,,
HI,A0001,HI A0001 BHZ ,19.990000,110.470000,0.0,70000000000.0,,
HE,B0091,HE B0091 BHZ ,40.140000,118.450000,0.0,70000000000.0,,
SC,W3301,SC W3301 BHZ ,28.650000,102.240000,0.0,70000000000.0,,
SD,N0003,SD N0003 BHZ ,37.600000,117.230000,0.0,70000000000.0,,
XJ,B002B,XJ B002B BHZ ,44.180000,86.700000,0.0,70000000000.0,,
YN,C2512,YN C2512 BHZ ,28.010000,103.630000,0.0,70000000000.0,,
YN,J2418,YN J2418 BHZ ,23.280000,100.560000,0.0,70000000000.0,,
FJ,C5805,FJ C5805 BHZ ,24.680000,118.570000,0.0,70000000000.0,,
XJ,FN007,XJ FN007 BHZ ,43.090000,81.770000,0.0,70000000000.0,,
SD,AZ002,SD AZ002 BHZ ,36.630000,117.010000,0.0,70000000000.0,,
SD,MDQ01,SD MDQ01 BHZ ,35.260000,115.790000,0.0,70000000000.0,,
GS,K002E,GS K002E BHZ ,33.530000,105.190000,0.0,70000000000.0,,
YN,J2606,YN J2606 BHZ ,22.450000,101.900000,0.0,70000000000.0,,
GD,E0404,GD E0404 BHZ ,23.020000,113.120000,0.0,70000000000.0,,
SC,U2408,SC U2408 BHZ ,32.280000,103.740000,0.0,70000000000.0,,
XJ,YUT,XJ YUT BHZ ,36.430000,82.000000,0.0,70000000000.0,,
SC,J2205,SC J2205 BHZ ,31.030000,105.410000,0.0,70000000000.0,,
YN,D8123,YN D8123 BHZ ,26.180000,104.100000,0.0,70000000000.0,,
SD,D0016,SD D0016 BHZ ,35.000000,117.030000,0.0,70000000000.0,,
QH,A0026,QH A0026 BHZ ,36.500000,101.570000,0.0,70000000000.0,,
XJ,Q0001,XJ Q0001 BHZ ,40.040000,78.640000,0.0,70000000000.0,,
GD,V0301,GD V0301 BHZ ,23.570000,116.300000,0.0,70000000000.0,,
XJ,Q0083,XJ Q0083 BHZ ,38.200000,77.520000,0.0,70000000000.0,,
GD,Q0205,GD Q0205 BHZ ,21.730000,111.930000,0.0,70000000000.0,,
XJ,N0025,XJ N0025 BHZ ,41.710000,81.970000,0.0,70000000000.0,,
HE,F0002,HE F0002 BHZ ,38.350000,115.330000,0.0,70000000000.0,,
TJ,P0002,TJ P0002 BHZ ,39.370000,117.050000,0.0,70000000000.0,,
SC,LJ001,SC LJ001 BHZ ,29.730000,103.590000,0.0,70000000000.0,,
SD,XIT,SD XIT BHZ ,35.950000,117.760000,0.0,70000000000.0,,
HA,E0004,HA E0004 BHZ ,35.570000,114.560000,0.0,70000000000.0,,
XJ,B0038,XJ B0038 BHZ ,44.090000,88.890000,0.0,70000000000.0,,
SC,VH001,SC VH001 BHZ ,31.560000,100.430000,0.0,70000000000.0,,
QH,E0009,QH E0009 BHZ ,36.240000,101.560000,0.0,70000000000.0,,
SC,W2707,SC W2707 BHZ ,26.990000,102.670000,0.0,70000000000.0,,
HE,B0102,HE B0102 BHZ ,39.320000,118.230000,0.0,70000000000.0,,
GS,K0104,GS K0104 BHZ ,32.910000,104.830000,0.0,70000000000.0,,
FJ,J2012,FJ J2012 BHZ ,26.670000,119.200000,0.0,70000000000.0,,
QH,DT025,QH DT025 BHZ ,35.200000,102.250000,0.0,70000000000.0,,
NX,AY001,NX AY001 BHZ ,38.220000,106.190000,0.0,70000000000.0,,
SC,J0404,SC J0404 BHZ ,30.500000,105.460000,0.0,70000000000.0,,
GD,L2209,GD L2209 BHZ ,23.540000,114.540000,0.0,70000000000.0,,
XJ,P0048,XJ P0048 BHZ ,40.430000,77.290000,0.0,70000000000.0,,
SD,FEIC,SD FEIC BHZ ,36.170000,116.740000,0.0,70000000000.0,,
FJ,C5313,FJ C5313 BHZ ,24.910000,118.800000,0.0,70000000000.0,,
XJ,Q0080,XJ Q0080 BHZ ,37.530000,77.110000,0.0,70000000000.0,,
GD,H2301,GD H2301 BHZ ,23.850000,112.610000,0.0,70000000000.0,,
FJ,A0020,FJ A0020 BHZ ,25.720000,119.540000,0.0,70000000000.0,,
GD,XWQ,GD XWQ BHZ ,20.440000,110.460000,0.0,70000000000.0,,
XJ,F0029,XJ F0029 BHZ ,44.140000,80.930000,0.0,70000000000.0,,
XJ,M0012,XJ M0012 BHZ ,43.320000,85.010000,0.0,70000000000.0,,
QH,A0019,QH A0019 BHZ ,37.100000,101.350000,0.0,70000000000.0,,
GD,Y0507,GD Y0507 BHZ ,22.970000,112.920000,0.0,70000000000.0,,
YN,G3110,YN G3110 BHZ ,22.870000,102.420000,0.0,70000000000.0,,
SC,J2203,SC J2203 BHZ ,30.970000,105.270000,0.0,70000000000.0,,
QH,TIJLM,QH TIJLM BHZ ,37.850000,98.780000,0.0,70000000000.0,,
XJ,N003F,XJ N003F BHZ ,40.600000,82.890000,0.0,70000000000.0,,
GX,CP001,GX CP001 BHZ ,24.500000,110.400000,0.0,70000000000.0,,
SC,D2212,SC D2212 BHZ ,26.690000,101.970000,0.0,70000000000.0,,
GS,EM002,GS EM002 BHZ ,34.550000,105.880000,0.0,70000000000.0,,
GD,L0310,GD L0310 BHZ ,22.790000,114.650000,0.0,70000000000.0,,
NX,D0023,NX D0023 BHZ ,36.030000,105.820000,0.0,70000000000.0,,
SC,WD003,SC WD003 BHZ ,27.380000,102.180000,0.0,70000000000.0,,
GD,K8218,GD K8218 BHZ ,21.700000,110.390000,0.0,70000000000.0,,
GD,L2212,GD L2212 BHZ ,23.460000,114.460000,0.0,70000000000.0,,
FJ,A0033,FJ A0033 BHZ ,25.510000,119.250000,0.0,70000000000.0,,
YN,C2237,YN C2237 BHZ ,26.790000,103.120000,0.0,70000000000.0,,
YN,D2621,YN D2621 BHZ ,26.140000,103.340000,0.0,70000000000.0,,
XJ,QY003,XJ QY003 BHZ ,39.190000,77.330000,0.0,70000000000.0,,
GD,B0801,GD B0801 BHZ ,22.560000,114.180000,0.0,70000000000.0,,
GD,A1703,GD A1703 BHZ ,23.750000,113.780000,0.0,70000000000.0,,
SC,51LSL,SC 51LSL BHZ ,29.530000,103.820000,0.0,70000000000.0,,
GS,AQ001,GS AQ001 BHZ ,36.080000,103.710000,0.0,70000000000.0,,
SC,RTA,SC RTA BHZ ,32.270000,100.980000,0.0,70000000000.0,,
XJ,F000F,XJ F000F BHZ ,43.830000,81.350000,0.0,70000000000.0,,
FJ,A0030,FJ A0030 BHZ ,25.760000,119.490000,0.0,70000000000.0,,
GD,Y0502,GD Y0502 BHZ ,23.050000,112.910000,0.0,70000000000.0,,
HE,J0059,HE J0059 BHZ ,37.900000,117.200000,0.0,70000000000.0,,
XJ,PA001,XJ PA001 BHZ ,39.150000,75.940000,0.0,70000000000.0,,
XJ,TEKKL,XJ TEKKL BHZ ,43.260000,82.150000,0.0,70000000000.0,,
SD,M0022,SD M0022 BHZ ,37.820000,117.830000,0.0,70000000000.0,,
XJ,G0034,XJ G0034 BHZ ,44.990000,84.340000,0.0,70000000000.0,,
SC,J2104,SC J2104 BHZ ,30.760000,105.550000,0.0,70000000000.0,,
SD,D0004,SD D0004 BHZ ,35.060000,117.580000,0.0,70000000000.0,,
YN,C2905,YN C2905 BHZ ,27.920000,104.960000,0.0,70000000000.0,,
XJ,P006D,XJ P006D BHZ ,40.220000,75.230000,0.0,70000000000.0,,
GD,L2213,GD L2213 BHZ ,23.160000,113.960000,0.0,70000000000.0,,
SD,Q0056,SD Q0056 BHZ ,35.900000,118.710000,0.0,70000000000.0,,
FJ,F1005,FJ F1005 BHZ ,24.740000,116.730000,0.0,70000000000.0,,
YN,F2603,YN F2603 BHZ ,24.180000,102.080000,0.0,70000000000.0,,
GS,J0043,GS J0043 BHZ ,34.340000,103.950000,0.0,70000000000.0,,
XJ,QI002,XJ QI002 BHZ ,38.660000,76.460000,0.0,70000000000.0,,
SD,QN002,SD QN002 BHZ ,35.550000,118.460000,0.0,70000000000.0,,
GS,P0038,GS P0038 BHZ ,34.090000,103.580000,0.0,70000000000.0,,
YN,FE003,YN FE003 BHZ ,24.080000,102.200000,0.0,70000000000.0,,
SD,M003A,SD M003A BHZ ,37.520000,117.860000,0.0,70000000000.0,,
FJ,E6204,FJ E6204 BHZ ,24.040000,117.220000,0.0,70000000000.0,,
SN,ED001,SN ED001 BHZ ,34.810000,109.950000,0.0,70000000000.0,,
XJ,KUC,XJ KUC BHZ ,41.850000,82.860000,0.0,70000000000.0,,
FJ,G7012,FJ G7012 BHZ ,26.370000,117.880000,0.0,70000000000.0,,
HA,F0009,HA F0009 BHZ ,35.770000,114.240000,0.0,70000000000.0,,
HE,F0003,HE F0003 BHZ ,38.280000,115.320000,0.0,70000000000.0,,
YN,F2505,YN F2505 BHZ ,24.500000,102.150000,0.0,70000000000.0,,
GX,HL001,GX HL001 BHZ ,25.450000,110.280000,0.0,70000000000.0,,
XJ,Q003D,XJ Q003D BHZ ,39.370000,78.190000,0.0,70000000000.0,,
XJ,BM003,XJ BM003 BHZ ,44.860000,86.310000,0.0,70000000000.0,,
SC,V3414,SC V3414 BHZ ,29.060000,100.690000,0.0,70000000000.0,,
GS,E0062,GS E0062 BHZ ,34.840000,106.500000,0.0,70000000000.0,,
HE,D0019,HE D0019 BHZ ,36.400000,114.140000,0.0,70000000000.0,,
JS,GC,JS GC BHZ ,31.350000,119.020000,0.0,70000000000.0,,
SX,LS002,SX LS002 BHZ ,36.260000,111.690000,0.0,70000000000.0,,
SC,T2305,SC T2305 BHZ ,29.190000,102.710000,0.0,70000000000.0,,
QH,F0004,QH F0004 BHZ ,33.360000,100.950000,0.0,70000000000.0,,
XJ,B004B,XJ B004B BHZ ,43.840000,86.100000,0.0,70000000000.0,,
TJ,A0031,TJ A0031 BHZ ,38.610000,117.090000,0.0,70000000000.0,,
SD,R0064,SD R0064 BHZ ,35.190000,115.320000,0.0,70000000000.0,,
QH,B0056,QH B0056 BHZ ,36.780000,102.090000,0.0,70000000000.0,,
QH,A0017,QH A0017 BHZ ,37.160000,101.830000,0.0,70000000000.0,,
FJ,B1008,FJ B1008 BHZ ,25.490000,119.090000,0.0,70000000000.0,,
HE,TAG,HE TAG BHZ ,38.030000,114.550000,0.0,70000000000.0,,
HE,XIT,HE XIT BHZ ,38.530000,114.370000,0.0,70000000000.0,,
XJ,HJGSL,XJ HJGSL BHZ ,42.710000,83.980000,0.0,70000000000.0,,
SC,H1104,SC H1104 BHZ ,32.340000,105.710000,0.0,70000000000.0,,
GS,K001F,GS K001F BHZ ,33.620000,105.250000,0.0,70000000000.0,,
YN,S2310,YN S2310 BHZ ,24.100000,99.340000,0.0,70000000000.0,,
SC,Z2107,SC Z2107 BHZ ,30.070000,104.370000,0.0,70000000000.0,,
YN,E2701,YN E2701 BHZ ,25.920000,101.640000,0.0,70000000000.0,,
GS,P0042,GS P0042 BHZ ,35.060000,103.210000,0.0,70000000000.0,,
HE,F0136,HE F0136 BHZ ,39.090000,116.240000,0.0,70000000000.0,,
SC,W2308,SC W2308 BHZ ,27.570000,101.390000,0.0,70000000000.0,,
SD,R0061,SD R0061 BHZ ,35.090000,115.250000,0.0,70000000000.0,,
XJ,P002C,XJ P002C BHZ ,39.250000,75.920000,0.0,70000000000.0,,
GD,L0309,GD L0309 BHZ ,22.750000,114.550000,0.0,70000000000.0,,
SD,DOM,SD DOM BHZ ,35.150000,114.960000,0.0,70000000000.0,,
HE,F0019,HE F0019 BHZ ,38.420000,115.090000,0.0,70000000000.0,,
HE,A0001,HE A0001 BHZ ,37.590000,114.660000,0.0,70000000000.0,,
GD,M2402,GD M2402 BHZ ,23.920000,115.790000,0.0,70000000000.0,,
GD,U0205,GD U0205 BHZ ,23.620000,116.760000,0.0,70000000000.0,,
SC,V2301,SC V2301 BHZ ,31.010000,101.880000,0.0,70000000000.0,,
HA,F0002,HA F0002 BHZ ,35.710000,114.170000,0.0,70000000000.0,,
GD,V2203,GD V2203 BHZ ,23.410000,116.070000,0.0,70000000000.0,,
FJ,E6106,FJ E6106 BHZ ,24.560000,117.740000,0.0,70000000000.0,,
GD,J8303,GD J8303 BHZ ,22.340000,112.590000,0.0,70000000000.0,,
XJ,NA002,XJ NA002 BHZ ,40.590000,80.860000,0.0,70000000000.0,,
SD,N0048,SD N0048 BHZ ,36.930000,116.490000,0.0,70000000000.0,,
SN,E0073,SN E0073 BHZ ,35.030000,110.030000,0.0,70000000000.0,,
SC,VI001,SC VI001 BHZ ,30.720000,100.190000,0.0,70000000000.0,,
FJ,ZAQD,FJ ZAQD BHZ ,23.670000,117.190000,0.0,70000000000.0,,
SC,FCFG,SC FCFG BHZ ,31.350000,104.800000,0.0,70000000000.0,,
XJ,HJGGS,XJ HJGGS BHZ ,42.940000,83.270000,0.0,70000000000.0,,
XJ,FG001,XJ FG001 BHZ ,43.500000,82.230000,0.0,70000000000.0,,
YN,LHQ02,YN LHQ02 BHZ ,26.420000,100.350000,0.0,70000000000.0,,
GS,J004E,GS J004E BHZ ,35.390000,105.300000,0.0,70000000000.0,,
HE,E0020,HE E0020 BHZ ,37.390000,114.570000,0.0,70000000000.0,,
GS,HL001,GS HL001 BHZ ,37.950000,102.760000,0.0,70000000000.0,,
SD,A000C,SD A000C BHZ ,36.240000,116.370000,0.0,70000000000.0,,
SN,E0029,SN E0029 BHZ ,35.420000,110.360000,0.0,70000000000.0,,
SC,HJ002,SC HJ002 BHZ ,32.040000,105.470000,0.0,70000000000.0,,
YN,JM001,YN JM001 BHZ ,23.130000,101.760000,0.0,70000000000.0,,
SC,J2105,SC J2105 BHZ ,30.640000,105.440000,0.0,70000000000.0,,
CQ,HCYM,CQ HCYM BHZ ,30.110000,106.370000,0.0,70000000000.0,,
SD,M000D,SD M000D BHZ ,36.870000,117.610000,0.0,70000000000.0,,
FJ,EX001,FJ EX001 BHZ ,24.510000,117.650000,0.0,70000000000.0,,
HE,E0011,HE E0011 BHZ ,36.900000,115.720000,0.0,70000000000.0,,
GS,K000B,GS K000B BHZ ,33.550000,105.410000,0.0,70000000000.0,,
GS,J0011,GS J0011 BHZ ,35.470000,104.600000,0.0,70000000000.0,,
QH,E0016,QH E0016 BHZ ,35.800000,101.610000,0.0,70000000000.0,,
YN,A1301,YN A1301 BHZ ,26.240000,102.830000,0.0,70000000000.0,,
HA,J0013,HA J0013 BHZ ,35.620000,115.060000,0.0,70000000000.0,,
GS,J0030,GS J0030 BHZ ,35.270000,104.700000,0.0,70000000000.0,,
GS,NY003,GS NY003 BHZ ,36.050000,103.460000,0.0,70000000000.0,,
SX,M0061,SX M0061 BHZ ,34.950000,110.550000,0.0,70000000000.0,,
GD,AZ001,GD AZ001 BHZ ,23.490000,113.780000,0.0,70000000000.0,,
SC,C1102,SC C1102 BHZ ,29.290000,104.880000,0.0,70000000000.0,,
SC,XJLHK,SC XJLHK BHZ ,31.490000,102.490000,0.0,70000000000.0,,
HE,A0026,HE A0026 BHZ ,37.930000,114.160000,0.0,70000000000.0,,
XJ,F008C,XJ F008C BHZ ,43.740000,81.680000,0.0,70000000000.0,,
XJ,Q0087,XJ Q0087 BHZ ,37.630000,77.380000,0.0,70000000000.0,,
TJ,DOT,TJ DOT BHZ ,38.830000,117.320000,0.0,70000000000.0,,
SX,M0087,SX M0087 BHZ ,35.650000,111.010000,0.0,70000000000.0,,
LN,H0025,LN H0025 BHZ ,40.270000,122.210000,0.0,70000000000.0,,
SC,V2873,SC V2873 BHZ ,32.240000,98.760000,0.0,70000000000.0,,
SD,A0006,SD A0006 BHZ ,36.980000,117.150000,0.0,70000000000.0,,
SD,E0001,SD E0001 BHZ ,36.990000,118.500000,0.0,70000000000.0,,
XJ,Q008E,XJ Q008E BHZ ,38.810000,76.110000,0.0,70000000000.0,,
YN,L2706,YN L2706 BHZ ,25.090000,100.370000,0.0,70000000000.0,,
GD,U0309,GD U0309 BHZ ,23.830000,116.800000,0.0,70000000000.0,,
GD,H0402,GD H0402 BHZ ,22.950000,112.370000,0.0,70000000000.0,,
XJ,GW003,XJ GW003 BHZ ,44.170000,84.360000,0.0,70000000000.0,,
YN,LJC01,YN LJC01 BHZ ,26.520000,99.880000,0.0,70000000000.0,,
GD,U2208,GD U2208 BHZ ,23.740000,116.860000,0.0,70000000000.0,,
YN,E2301,YN E2301 BHZ ,25.450000,101.660000,0.0,70000000000.0,,
YN,C2222,YN C2222 BHZ ,26.970000,103.310000,0.0,70000000000.0,,
HA,G0033,HA G0033 BHZ ,35.010000,114.040000,0.0,70000000000.0,,
SC,Q2701,SC Q2701 BHZ ,27.980000,104.430000,0.0,70000000000.0,,
GD,H0408,GD H0408 BHZ ,23.030000,112.520000,0.0,70000000000.0,,
NX,D000D,NX D000D BHZ ,35.520000,106.180000,0.0,70000000000.0,,
NX,A001D,NX A001D BHZ ,38.580000,106.370000,0.0,70000000000.0,,
GD,A1105,GD A1105 BHZ ,23.160000,113.200000,0.0,70000000000.0,,
QH,MAINB,QH MAINB BHZ ,38.680000,92.190000,0.0,70000000000.0,,
SD,A000E,SD A000E BHZ ,36.290000,116.500000,0.0,70000000000.0,,
QH,EG051,QH EG051 BHZ ,36.430000,101.010000,0.0,70000000000.0,,
XJ,HJGSR,XJ HJGSR BHZ ,42.760000,84.560000,0.0,70000000000.0,,
GS,JL001,GS JL001 BHZ ,35.580000,103.960000,0.0,70000000000.0,,
SC,UJ002,SC UJ002 BHZ ,31.230000,102.450000,0.0,70000000000.0,,
HA,G0022,HA G0022 BHZ ,35.530000,113.900000,0.0,70000000000.0,,
GS,H0006,GS H0006 BHZ ,37.580000,102.870000,0.0,70000000000.0,,
SC,V2905,SC V2905 BHZ ,31.190000,100.300000,0.0,70000000000.0,,
LN,C000C,LN C000C BHZ ,40.200000,123.120000,0.0,70000000000.0,,
XJ,WNQCG,XJ WNQCG BHZ ,45.130000,81.400000,0.0,70000000000.0,,
BJ,TT004,BJ TT004 BHZ ,39.720000,116.710000,0.0,70000000000.0,,
SC,V3417,SC V3417 BHZ ,30.430000,100.520000,0.0,70000000000.0,,
SD,GQ001,SD GQ001 BHZ ,36.700000,118.610000,0.0,70000000000.0,,
GD,L2311,GD L2311 BHZ ,22.740000,114.880000,0.0,70000000000.0,,
GS,K004B,GS K004B BHZ ,33.820000,106.280000,0.0,70000000000.0,,
XJ,P0071,XJ P0071 BHZ ,39.840000,75.560000,0.0,70000000000.0,,
YN,L2901,YN L2901 BHZ ,26.190000,99.430000,0.0,70000000000.0,,
YN,C2817,YN C2817 BHZ ,27.770000,104.390000,0.0,70000000000.0,,
SD,P0024,SD P0024 BHZ ,36.360000,116.320000,0.0,70000000000.0,,
YN,C2834,YN C2834 BHZ ,27.810000,104.270000,0.0,70000000000.0,,
YN,D0408,YN D0408 BHZ ,25.320000,103.500000,0.0,70000000000.0,,
SC,V2871,SC V2871 BHZ ,32.280000,99.750000,0.0,70000000000.0,,
YN,J2104,YN J2104 BHZ ,23.270000,101.130000,0.0,70000000000.0,,
XJ,N0014,XJ N0014 BHZ ,41.470000,79.920000,0.0,70000000000.0,,
GD,L0209,GD L0209 BHZ ,23.190000,114.410000,0.0,70000000000.0,,
QH,CQ046,QH CQ046 BHZ ,37.720000,100.570000,0.0,70000000000.0,,
SD,H0034,SD H0034 BHZ ,35.310000,116.700000,0.0,70000000000.0,,
YN,Q2505,YN Q2505 BHZ ,26.470000,99.160000,0.0,70000000000.0,,
GS,WUDYZ,GS WUDYZ BHZ ,33.340000,104.910000,0.0,70000000000.0,,
YN,CZ003,YN CZ003 BHZ ,27.410000,103.310000,0.0,70000000000.0,,
QH,ZEKNX,QH ZEKNX BHZ ,35.040000,100.890000,0.0,70000000000.0,,
NX,E0026,NX E0026 BHZ ,37.020000,105.430000,0.0,70000000000.0,,
SD,QP002,SD QP002 BHZ ,35.680000,117.640000,0.0,70000000000.0,,
YN,A2809,YN A2809 BHZ ,25.870000,102.590000,0.0,70000000000.0,,
SC,Q2302,SC Q2302 BHZ ,28.600000,105.100000,0.0,70000000000.0,,
GS,P0026,GS P0026 BHZ ,34.720000,103.700000,0.0,70000000000.0,,
YN,BAS,YN BAS BHZ ,25.120000,99.150000,0.0,70000000000.0,,
GS,J0046,GS J0046 BHZ ,35.140000,105.380000,0.0,70000000000.0,,
HE,T0038,HE T0038 BHZ ,37.580000,115.760000,0.0,70000000000.0,,
NX,C0012,NX C0012 BHZ ,37.970000,106.170000,0.0,70000000000.0,,
SC,WD002,SC WD002 BHZ ,27.290000,102.330000,0.0,70000000000.0,,
SC,L3202,SC L3202 BHZ ,28.770000,103.040000,0.0,70000000000.0,,
XJ,AKTMJ,XJ AKTMJ BHZ ,38.980000,74.370000,0.0,70000000000.0,,
SD,Q0013,SD Q0013 BHZ ,35.270000,118.530000,0.0,70000000000.0,,
GD,P2411,GD P2411 BHZ ,24.590000,115.140000,0.0,70000000000.0,,
HE,E0015,HE E0015 BHZ ,36.860000,115.370000,0.0,70000000000.0,,
XJ,G0019,XJ G0019 BHZ ,44.690000,85.710000,0.0,70000000000.0,,
GS,K0008,GS K0008 BHZ ,33.120000,105.910000,0.0,70000000000.0,,
HA,E000D,HA E000D BHZ ,35.520000,114.430000,0.0,70000000000.0,,
SD,R0029,SD R0029 BHZ ,34.880000,116.070000,0.0,70000000000.0,,
NX,E0041,NX E0041 BHZ ,36.810000,105.590000,0.0,70000000000.0,,
YN,C2847,YN C2847 BHZ ,27.830000,104.680000,0.0,70000000000.0,,
GD,M2209,GD M2209 BHZ ,24.210000,116.530000,0.0,70000000000.0,,
SD,P0002,SD P0002 BHZ ,36.400000,115.880000,0.0,70000000000.0,,
GD,GZH,GD GZH BHZ ,23.650000,113.650000,0.0,70000000000.0,,
YN,M8118,YN M8118 BHZ ,24.770000,98.440000,0.0,70000000000.0,,
QH,A0053,QH A0053 BHZ ,36.630000,101.120000,0.0,70000000000.0,,
YN,RX005,YN RX005 BHZ ,27.560000,99.810000,0.0,70000000000.0,,
SD,N0050,SD N0050 BHZ ,37.480000,116.530000,0.0,70000000000.0,,
NX,LWU,NX LWU BHZ ,38.100000,106.330000,0.0,70000000000.0,,
SC,51ZG3,SC 51ZG3 BHZ ,29.340000,104.740000,0.0,70000000000.0,,
GS,N0029,GS N0029 BHZ ,35.760000,102.940000,0.0,70000000000.0,,
GD,M2704,GD M2704 BHZ ,24.670000,116.310000,0.0,70000000000.0,,
HE,J0007,HE J0007 BHZ ,38.260000,116.980000,0.0,70000000000.0,,
SD,R003D,SD R003D BHZ ,35.180000,115.850000,0.0,70000000000.0,,
HE,R0029,HE R0029 BHZ ,38.920000,116.390000,0.0,70000000000.0,,
GS,K010C,GS K010C BHZ ,32.790000,104.810000,0.0,70000000000.0,,
SX,LY002,SX LY002 BHZ ,36.150000,111.190000,0.0,70000000000.0,,
SC,LXZGL,SC LXZGL BHZ ,31.440000,103.160000,0.0,70000000000.0,,
HE,R0007,HE R0007 BHZ ,39.110000,116.520000,0.0,70000000000.0,,
FJ,J3002,FJ J3002 BHZ ,26.800000,118.940000,0.0,70000000000.0,,
GS,N0003,GS N0003 BHZ ,35.730000,102.840000,0.0,70000000000.0,,
SD,Q0043,SD Q0043 BHZ ,34.940000,118.590000,0.0,70000000000.0,,
QH,E0004,QH E0004 BHZ ,36.310000,101.110000,0.0,70000000000.0,,
QH,B0006,QH B0006 BHZ ,36.310000,101.980000,0.0,70000000000.0,,
GD,MD001,GD MD001 BHZ ,24.200000,116.640000,0.0,70000000000.0,,
YN,L3002,YN L3002 BHZ ,26.180000,99.680000,0.0,70000000000.0,,
SC,V3377,SC V3377 BHZ ,32.210000,100.210000,0.0,70000000000.0,,
CQ,J0009,CQ J0009 BHZ ,29.420000,105.680000,0.0,70000000000.0,,
XZ,MOT,XZ MOT BHZ ,29.330000,95.320000,0.0,70000000000.0,,
FJ,A9006,FJ A9006 BHZ ,26.310000,118.720000,0.0,70000000000.0,,
SN,E0070,SN E0070 BHZ ,35.150000,109.850000,0.0,70000000000.0,,
XJ,F000D,XJ F000D BHZ ,43.730000,81.410000,0.0,70000000000.0,,
LN,C0033,LN C0033 BHZ ,40.310000,123.090000,0.0,70000000000.0,,
BR,B3737,BR B3737 BHZ ,32.018560,111.402708,0.0,70000000000.0,,
BR,B3738,BR B3738 BHZ ,31.434168,113.588638,0.0,70000000000.0,,
BR,B3739,BR B3739 BHZ ,29.524559,111.055192,0.0,70000000000.0,,
BR,B3740,BR B3740 BHZ ,26.938939,113.203538,0.0,70000000000.0,,
BR,B3741,BR B3741 BHZ ,29.018551,113.763334,0.0,70000000000.0,,
BR,B3742,BR B3742 BHZ ,28.843373,117.862798,0.0,70000000000.0,,
BR,B3743,BR B3743 BHZ ,40.781961,110.195951,0.0,70000000000.0,,
BR,B3744,BR B3744 BHZ ,42.972480,113.422348,0.0,70000000000.0,,
BR,B3745,BR B3745 BHZ ,48.802196,122.180834,0.0,70000000000.0,,
BR,B3746,BR B3746 BHZ ,47.667831,128.158860,0.0,70000000000.0,,
BR,B3747,BR B3747 BHZ ,43.320036,121.699788,0.0,70000000000.0,,
BR,B3748,BR B3748 BHZ ,42.731073,124.394606,0.0,70000000000.0,,
BR,B3749,BR B3749 BHZ ,46.958179,121.841189,0.0,70000000000.0,,
BR,B3750,BR B3750 BHZ ,52.595269,122.961132,0.0,70000000000.0,,
BR,B3751,BR B3751 BHZ ,48.667125,117.313342,0.0,70000000000.0,,
BR,B3752,BR B3752 BHZ ,46.905390,132.347158,0.0,70000000000.0,,
BR,B3753,BR B3753 BHZ ,35.479722,86.750844,0.0,70000000000.0,,
BR,B3754,BR B3754 BHZ ,34.072581,82.016023,0.0,70000000000.0,,
BR,B3755,BR B3755 BHZ ,42.076364,91.302388,0.0,70000000000.0,,
BR,B3756,BR B3756 BHZ ,46.122929,87.303825,0.0,70000000000.0,,
BR,B3757,BR B3757 BHZ ,32.585387,109.232565,0.0,70000000000.0,,
BR,B3758,BR B3758 BHZ ,38.584392,110.893547,0.0,70000000000.0,,
BR,B3759,BR B3759 BHZ ,40.840439,113.506641,0.0,70000000000.0,,
BR,B3760,BR B3760 BHZ ,29.309530,120.472732,0.0,70000000000.0,,
BR,B3761,BR B3761 BHZ ,41.120649,101.499860,0.0,70000000000.0,,
BR,B3762,BR B3762 BHZ ,41.471269,107.391117,0.0,70000000000.0,,
BR,B3763,BR B3763 BHZ ,45.215503,119.424928,0.0,70000000000.0,,
BR,B3764,BR B3764 BHZ ,35.128099,91.754939,0.0,70000000000.0,,
BR,B3765,BR B3765 BHZ ,43.649329,94.229138,0.0,70000000000.0,,
