network,station,name,lat,lon,alt,sensitivity,site,vs30
QH,EX020,EX020,35.58000,100.00000,0,70000000000.0,地表,292.97
QH,D0026,D0026,35.23000,101.00000,0,70000000000.0,地表,487.26
QH,D0030,D0030,35.20000,100.85000,0,70000000000.0,地表,311.40
QH,D0038,D0038,35.39000,100.93000,0,70000000000.0,地表,418.47
QH,D0039,D0039,35.31000,101.03000,0,70000000000.0,地表,466.11
QH,E0001,E0001,36.37000,100.72000,0,70000000000.0,地表,460.23
QH,E0003,E0003,36.48000,100.81000,0,70000000000.0,地表,316.66
QH,E0005,E0005,36.51000,100.75000,0,70000000000.0,地表,437.33
QH,E0006,E0006,36.20000,100.91000,0,70000000000.0,地表,582.48
QH,E0007,E0007,36.29000,100.95000,0,70000000000.0,地表,434.55
QH,E0008,E0008,36.42000,101.05000,0,70000000000.0,地表,514.36
QH,E0012,E0012,35.52000,100.91000,0,70000000000.0,地表,327.11
QH,E0025,E0025,36.14000,101.06000,0,70000000000.0,地表,632.10
QH,E0030,E0030,35.89000,101.06000,0,70000000000.0,地表,589.57
QH,E0031,E0031,35.96000,100.88000,0,70000000000.0,地表,545.78
QH,E0032,E0032,36.12000,100.93000,0,70000000000.0,地表,526.79
QH,E0034,E0034,35.89000,100.97000,0,70000000000.0,地表,483.68
QH,E0035,E0035,35.78000,101.06000,0,70000000000.0,地表,449.17
QH,E0038,E0038,35.54000,100.65000,0,70000000000.0,地表,365.88
QH,E0041,E0041,35.45000,101.01000,0,70000000000.0,地表,455.77
QH,E0042,E0042,35.60000,100.44000,0,70000000000.0,地表,413.30
QH,E0043,E0043,35.27000,100.40000,0,70000000000.0,地表,450.68
QH,E0044,E0044,35.20000,100.41000,0,70000000000.0,地表,529.07
QH,E0045,E0045,35.20000,100.57000,0,70000000000.0,地表,495.06
QH,EG015,EG015,36.32000,100.62000,0,70000000000.0,地表,496.32
QH,EG052,EG052,36.07000,100.09000,0,70000000000.0,地表,274.98
QH,EN021,EN021,35.59000,100.74000,0,70000000000.0,地表,447.92
QH,ET018,ET018,35.26000,100.54000,0,70000000000.0,地表,400.70
QH,ET022,ET022,34.72000,100.79000,0,70000000000.0,地表,509.52
QH,ET053,ET053,34.87000,100.64000,0,70000000000.0,地表,717.35
QH,F0020,F0020,34.68000,100.63000,0,70000000000.0,地表,762.36
QH,F0023,F0023,34.71000,100.24000,0,70000000000.0,地表,879.12
QH,F0025,F0025,34.53000,100.02000,0,70000000000.0,地表,731.83
QH,HW065,HW065,36.79000,99.07000,0,70000000000.0,地表,339.36
QH,MADHS,MADHS,35.12000,98.86000,0,70000000000.0,基岩,589.38
QH,MAQDW,MAQDW,34.48000,100.25000,0,70000000000.0,基岩,598.36
QH,A0001,A0001,36.56000,101.87000,0,70000000000.0,地表,327.63
QH,A0002,A0002,36.72000,101.76000,0,70000000000.0,地表,357.74
QH,A0003,A0003,36.68000,101.65000,0,70000000000.0,地表,582.08
QH,A0004,A0004,36.58000,101.74000,0,70000000000.0,地表,411.12
QH,A0005,A0005,36.83000,101.76000,0,70000000000.0,地表,407.41
QH,A0006,A0006,36.81000,101.68000,0,70000000000.0,地表,612.08
QH,A0007,A0007,36.89000,101.67000,0,70000000000.0,地表,485.54
QH,A0008,A0008,36.99000,101.64000,0,70000000000.0,地表,234.31
QH,A0009,A0009,36.95000,101.55000,0,70000000000.0,地表,900.00
QH,A0010,A0010,36.99000,101.48000,0,70000000000.0,地表,583.52
QH,A0011,A0011,37.03000,101.41000,0,70000000000.0,地表,525.01
QH,A0012,A0012,37.12000,101.46000,0,70000000000.0,地表,376.43
QH,A0013,A0013,36.97000,101.80000,0,70000000000.0,地表,528.68
QH,A0014,A0014,37.03000,101.74000,0,70000000000.0,地表,243.76
QH,A0015,A0015,37.08000,101.69000,0,70000000000.0,地表,430.97
QH,A0016,A0016,37.10000,101.80000,0,70000000000.0,地表,439.08
QH,A0017,A0017,37.16000,101.83000,0,70000000000.0,地表,755.10
QH,A0018,A0018,37.04000,101.55000,0,70000000000.0,地表,440.16
QH,A0019,A0019,37.10000,101.35000,0,70000000000.0,地表,468.77
QH,A0020,A0020,37.12000,101.57000,0,70000000000.0,地表,661.31
QH,A0021,A0021,37.22000,101.53000,0,70000000000.0,地表,706.78
QH,A0022,A0022,37.25000,101.41000,0,70000000000.0,地表,706.50
QH,A0023,A0023,37.28000,101.26000,0,70000000000.0,地表,524.76
QH,A0024,A0024,37.30000,101.14000,0,70000000000.0,地表,478.26
QH,A0025,A0025,36.57000,101.62000,0,70000000000.0,地表,685.34
QH,A0026,A0026,36.50000,101.57000,0,70000000000.0,地表,434.64
QH,A0027,A0027,36.46000,101.42000,0,70000000000.0,地表,440.57
QH,A0028,A0028,36.57000,101.50000,0,70000000000.0,地表,568.16
QH,A0029,A0029,36.58000,101.41000,0,70000000000.0,地表,470.50
QH,A0030,A0030,36.55000,101.32000,0,70000000000.0,地表,468.80
QH,A0031,A0031,36.66000,101.52000,0,70000000000.0,地表,378.79
QH,A0032,A0032,36.77000,101.67000,0,70000000000.0,地表,543.13
QH,A0033,A0033,36.75000,101.49000,0,70000000000.0,地表,481.75
QH,A0034,A0034,36.80000,101.56000,0,70000000000.0,地表,600.74
QH,A0035,A0035,36.73000,101.58000,0,70000000000.0,地表,594.03
QH,A0036,A0036,36.83000,101.49000,0,70000000000.0,地表,599.27
QH,A0037,A0037,36.80000,101.44000,0,70000000000.0,地表,498.87
QH,A0038,A0038,36.86000,101.38000,0,70000000000.0,地表,600.79
QH,A0039,A0039,36.83000,101.30000,0,70000000000.0,地表,849.02
QH,A0040,A0040,36.47000,101.69000,0,70000000000.0,地表,494.96
QH,A0041,A0041,36.36000,101.78000,0,70000000000.0,地表,515.80
QH,A0042,A0042,36.47000,101.81000,0,70000000000.0,地表,669.67
QH,A0043,A0043,36.44000,101.51000,0,70000000000.0,地表,501.66
QH,A0044,A0044,36.30000,101.66000,0,70000000000.0,地表,534.04
QH,A0045,A0045,36.67000,101.43000,0,70000000000.0,地表,592.39
QH,A0046,A0046,36.72000,101.21000,0,70000000000.0,地表,709.90
QH,A0047,A0047,36.76000,101.31000,0,70000000000.0,地表,591.43
QH,A0048,A0048,36.69000,101.29000,0,70000000000.0,地表,777.35
QH,A0049,A0049,36.39000,101.69000,0,70000000000.0,地表,520.77
QH,A0050,A0050,36.78000,101.20000,0,70000000000.0,地表,784.25
QH,A0051,A0051,36.42000,101.61000,0,70000000000.0,地表,416.89
QH,A0052,A0052,36.83000,101.12000,0,70000000000.0,地表,598.85
QH,A0053,A0053,36.63000,101.12000,0,70000000000.0,地表,551.20
QH,A0054,A0054,36.73000,101.04000,0,70000000000.0,地表,449.76
QH,A0055,A0055,36.70000,101.12000,0,70000000000.0,地表,429.25
QH,A0056,A0056,36.38000,101.54000,0,70000000000.0,地表,650.17
QH,A0057,A0057,36.60000,101.24000,0,70000000000.0,地表,520.85
QH,A0058,A0058,36.55000,101.19000,0,70000000000.0,地表,387.90
QH,A0059,A0059,36.45000,101.16000,0,70000000000.0,地表,382.48
QH,AH001,AH001,36.39000,101.57000,0,70000000000.0,地表,595.24
QH,B0001,B0001,36.53000,101.97000,0,70000000000.0,地表,270.19
QH,B0002,B0002,36.47000,101.89000,0,70000000000.0,地表,526.31
QH,B0003,B0003,36.39000,101.86000,0,70000000000.0,地表,515.00
QH,B0004,B0004,36.45000,101.99000,0,70000000000.0,地表,379.87
QH,B0005,B0005,36.34000,101.91000,0,70000000000.0,地表,579.45
QH,B0006,B0006,36.31000,101.98000,0,70000000000.0,地表,723.31
QH,B0007,B0007,36.39000,102.04000,0,70000000000.0,地表,478.75
QH,B0010,B0010,36.50000,102.03000,0,70000000000.0,地表,644.82
QH,B0042,B0042,36.66000,101.89000,0,70000000000.0,地表,547.99
QH,B0043,B0043,36.79000,101.84000,0,70000000000.0,地表,581.31
QH,B0044,B0044,36.76000,101.97000,0,70000000000.0,地表,457.87
QH,B0045,B0045,36.88000,101.86000,0,70000000000.0,地表,545.12
QH,B0046,B0046,36.91000,101.93000,0,70000000000.0,地表,507.77
QH,B0047,B0047,36.99000,101.90000,0,70000000000.0,地表,384.28
QH,B0048,B0048,36.95000,101.90000,0,70000000000.0,地表,584.11
QH,B0049,B0049,37.00000,102.00000,0,70000000000.0,地表,396.16
QH,B0050,B0050,36.85000,102.06000,0,70000000000.0,地表,507.85
QH,B0051,B0051,36.64000,102.01000,0,70000000000.0,地表,486.00
QH,B0052,B0052,36.70000,102.04000,0,70000000000.0,地表,621.41
QH,B0062,B0062,36.92000,102.08000,0,70000000000.0,地表,553.71
QH,B0067,B0067,36.25000,101.77000,0,70000000000.0,地表,711.85
QH,B0068,B0068,36.24000,101.87000,0,70000000000.0,地表,651.36
QH,B0069,B0069,36.21000,101.99000,0,70000000000.0,地表,586.66
QH,B0072,B0072,36.04000,101.97000,0,70000000000.0,地表,473.72
QH,BH040,BH040,36.81000,101.94000,0,70000000000.0,地表,339.69
QH,BP039,BP039,36.49000,102.06000,0,70000000000.0,地表,615.74
QH,C0001,C0001,36.83000,101.08000,0,70000000000.0,地表,504.40
QH,C0002,C0002,36.89000,101.08000,0,70000000000.0,地表,572.25
QH,C0003,C0003,37.04000,100.77000,0,70000000000.0,地表,376.18
QH,C0004,C0004,36.89000,100.99000,0,70000000000.0,地表,443.06
QH,C0005,C0005,37.00000,100.86000,0,70000000000.0,地表,284.46
QH,C0006,C0006,36.91000,100.89000,0,70000000000.0,地表,463.31
QH,C0007,C0007,36.83000,100.81000,0,70000000000.0,地表,436.12
QH,C0008,C0008,37.10000,100.83000,0,70000000000.0,地表,325.03
QH,C0009,C0009,36.96000,100.98000,0,70000000000.0,地表,424.34
QH,C0010,C0010,37.04000,101.05000,0,70000000000.0,地表,263.03
QH,C0011,C0011,37.28000,100.25000,0,70000000000.0,地表,329.84
QH,C0012,C0012,36.84000,100.93000,0,70000000000.0,地表,493.16
QH,C0016,C0016,37.18000,102.06000,0,70000000000.0,地表,900.00
QH,C0018,C0018,37.33000,101.86000,0,70000000000.0,地表,603.27
QH,C0021,C0021,37.27000,101.83000,0,70000000000.0,地表,733.75
QH,C0022,C0022,37.33000,101.72000,0,70000000000.0,地表,691.48
QH,C0023,C0023,37.40000,101.81000,0,70000000000.0,地表,600.29
QH,C0024,C0024,37.35000,101.61000,0,70000000000.0,地表,457.17
QH,C0025,C0025,37.43000,101.62000,0,70000000000.0,地表,663.83
QH,C0029,C0029,37.65000,101.24000,0,70000000000.0,地表,442.94
QH,C0030,C0030,37.41000,101.48000,0,70000000000.0,地表,416.69
QH,C0031,C0031,37.50000,101.23000,0,70000000000.0,地表,436.77
QH,C0033,C0033,37.54000,101.42000,0,70000000000.0,地表,374.14
QH,C0034,C0034,37.35000,101.41000,0,70000000000.0,地表,545.65
QH,C0042,C0042,37.71000,100.67000,0,70000000000.0,地表,439.96
QH,C0043,C0043,37.66000,100.88000,0,70000000000.0,地表,556.87
QH,C0044,C0044,37.75000,100.51000,0,70000000000.0,地表,527.34
QH,C0046,C0046,37.65000,101.12000,0,70000000000.0,地表,382.51
QH,C0047,C0047,37.69000,101.05000,0,70000000000.0,地表,484.66
QH,C0048,C0048,37.65000,100.76000,0,70000000000.0,地表,461.53
QH,C0050,C0050,37.22000,100.70000,0,70000000000.0,地表,469.79
QH,C0052,C0052,37.78000,100.30000,0,70000000000.0,地表,451.69
QH,C0059,C0059,37.26000,100.61000,0,70000000000.0,地表,363.57
QH,C0060,C0060,37.21000,100.43000,0,70000000000.0,地表,262.63
QH,C0061,C0061,37.34000,100.52000,0,70000000000.0,地表,454.23
QH,C0062,C0062,37.12000,100.62000,0,70000000000.0,地表,245.07
QH,C0063,C0063,37.47000,100.48000,0,70000000000.0,地表,456.28
QH,C0064,C0064,37.10000,100.67000,0,70000000000.0,地表,476.58
QH,C0065,C0065,37.15000,100.54000,0,70000000000.0,地表,286.52
QH,CEXPJ,CEXPJ,36.63000,101.72000,0,70000000000.0,基岩,586.55
QH,CH008,CH008,36.99000,100.94000,0,70000000000.0,地表,229.98
QH,CH009,CH009,37.30000,100.21000,0,70000000000.0,地表,325.68
QH,CM007,CM007,37.62000,101.20000,0,70000000000.0,地表,417.12
QH,D0002,D0002,35.67000,101.83000,0,70000000000.0,地表,900.00
QH,D0004,D0004,35.42000,101.94000,0,70000000000.0,地表,574.07
QH,D0005,D0005,35.35000,101.90000,0,70000000000.0,地表,741.45
QH,D0011,D0011,35.93000,101.88000,0,70000000000.0,地表,416.38
QH,D0012,D0012,35.87000,101.96000,0,70000000000.0,地表,724.47
QH,D0013,D0013,36.06000,101.91000,0,70000000000.0,地表,391.33
QH,D0014,D0014,36.12000,101.75000,0,70000000000.0,地表,594.78
QH,D0015,D0015,35.83000,102.02000,0,70000000000.0,地表,554.63
QH,D0016,D0016,35.74000,102.05000,0,70000000000.0,地表,434.99
QH,D0017,D0017,35.72000,101.97000,0,70000000000.0,地表,622.23
QH,D0018,D0018,35.79000,101.81000,0,70000000000.0,地表,512.18
QH,D0019,D0019,35.07000,101.82000,0,70000000000.0,地表,397.30
QH,D0020,D0020,35.26000,101.93000,0,70000000000.0,地表,698.37
QH,D0021,D0021,35.23000,101.85000,0,70000000000.0,地表,566.46
QH,D0022,D0022,35.13000,101.95000,0,70000000000.0,地表,425.72
QH,D0023,D0023,35.03000,101.70000,0,70000000000.0,地表,409.44
QH,D0024,D0024,35.50000,101.93000,0,70000000000.0,地表,765.72
QH,D0025,D0025,35.08000,101.60000,0,70000000000.0,地表,507.71
QH,D0027,D0027,35.16000,101.07000,0,70000000000.0,地表,569.31
QH,D0028,D0028,35.89000,102.07000,0,70000000000.0,地表,882.77
QH,D0029,D0029,35.30000,101.12000,0,70000000000.0,地表,488.90
QH,D0031,D0031,34.93000,101.14000,0,70000000000.0,地表,548.03
QH,D0032,D0032,35.00000,101.35000,0,70000000000.0,地表,288.13
QH,D0033,D0033,35.13000,101.46000,0,70000000000.0,地表,370.95
QH,D0034,D0034,34.97000,101.50000,0,70000000000.0,地表,329.27
QH,D0035,D0035,34.85000,101.46000,0,70000000000.0,地表,306.90
QH,D0036,D0036,34.97000,101.26000,0,70000000000.0,地表,258.14
QH,D0037,D0037,34.89000,101.53000,0,70000000000.0,地表,330.48
QH,D0040,D0040,34.80000,101.55000,0,70000000000.0,地表,316.08
QH,D0041,D0041,34.72000,101.69000,0,70000000000.0,地表,461.91
QH,D0042,D0042,34.65000,101.76000,0,70000000000.0,地表,269.19
QH,D0043,D0043,34.59000,101.86000,0,70000000000.0,地表,402.37
QH,D0044,D0044,34.44000,102.01000,0,70000000000.0,地表,382.02
QH,D0045,D0045,34.57000,101.64000,0,70000000000.0,地表,370.17
QH,D0046,D0046,34.52000,101.97000,0,70000000000.0,地表,628.27
QH,D0047,D0047,34.51000,102.08000,0,70000000000.0,地表,469.56
QH,D0048,D0048,34.59000,101.53000,0,70000000000.0,地表,260.56
QH,D0049,D0049,34.45000,101.50000,0,70000000000.0,地表,305.69
QH,D0050,D0050,34.64000,101.40000,0,70000000000.0,地表,505.64
QH,D0051,D0051,34.70000,101.47000,0,70000000000.0,地表,450.19
QH,D0052,D0052,34.25000,101.51000,0,70000000000.0,地表,530.09
QH,D0053,D0053,34.32000,101.43000,0,70000000000.0,地表,569.36
QH,D0054,D0054,35.34000,101.70000,0,70000000000.0,地表,694.66
QH,D0055,D0055,35.28000,101.31000,0,70000000000.0,地表,477.93
QH,DARJM,DARJM,33.73000,99.65000,0,70000000000.0,基岩,404.79
QH,DH026,DH026,34.73000,101.61000,0,70000000000.0,地表,414.55
QH,DH050,DH050,34.33000,101.32000,0,70000000000.0,地表,390.77
QH,DJ024,DJ024,35.77000,101.87000,0,70000000000.0,地表,757.04
QH,DJ049,DJ049,35.94000,102.02000,0,70000000000.0,地表,409.91
QH,DZ023,DZ023,35.04000,101.46000,0,70000000000.0,地表,313.05
QH,DZ048,DZ048,35.20000,101.78000,0,70000000000.0,地表,320.15
QH,E0002,E0002,36.42000,100.90000,0,70000000000.0,地表,463.00
QH,E0004,E0004,36.31000,101.11000,0,70000000000.0,地表,540.01
QH,E0009,E0009,36.24000,101.56000,0,70000000000.0,地表,857.04
QH,E0010,E0010,36.16000,101.64000,0,70000000000.0,地表,718.44
QH,E0011,E0011,36.13000,101.56000,0,70000000000.0,地表,660.55
QH,E0013,E0013,36.06000,101.44000,0,70000000000.0,地表,342.09
QH,E0017,E0017,35.74000,101.56000,0,70000000000.0,地表,539.74
QH,E0019,E0019,36.05000,101.33000,0,70000000000.0,地表,483.80
QH,E0020,E0020,36.00000,101.40000,0,70000000000.0,地表,375.37
QH,E0021,E0021,35.91000,101.39000,0,70000000000.0,地表,423.25
QH,E0023,E0023,36.12000,101.20000,0,70000000000.0,地表,528.52
QH,E0024,E0024,36.19000,101.22000,0,70000000000.0,地表,708.54
QH,E0026,E0026,35.71000,101.37000,0,70000000000.0,地表,454.71
QH,E0027,E0027,35.79000,101.39000,0,70000000000.0,地表,389.63
QH,E0028,E0028,36.22000,101.30000,0,70000000000.0,地表,900.00
QH,E0029,E0029,35.79000,101.29000,0,70000000000.0,地表,546.87
QH,E0033,E0033,35.78000,101.11000,0,70000000000.0,地表,607.33
QH,E0036,E0036,35.70000,101.27000,0,70000000000.0,地表,592.40
QH,E0037,E0037,35.75000,101.21000,0,70000000000.0,地表,373.89
QH,E0039,E0039,35.56000,101.09000,0,70000000000.0,地表,499.93
QH,E0040,E0040,35.54000,101.25000,0,70000000000.0,地表,397.02
QH,E0046,E0046,35.94000,101.49000,0,70000000000.0,地表,524.30
QH,E0047,E0047,36.29000,101.54000,0,70000000000.0,地表,556.05
QH,E0048,E0048,36.64000,100.81000,0,70000000000.0,地表,333.48
QH,ED019,ED019,36.03000,101.41000,0,70000000000.0,地表,363.25
QH,EG051,EG051,36.43000,101.01000,0,70000000000.0,地表,494.31
QH,EN017,EN017,35.81000,101.11000,0,70000000000.0,地表,530.64
QH,EN054,EN054,35.50000,101.11000,0,70000000000.0,地表,295.79
QH,F0001,F0001,33.78000,101.04000,0,70000000000.0,地表,513.01
QH,F0002,F0002,33.65000,101.16000,0,70000000000.0,地表,588.35
QH,F0008,F0008,33.68000,100.62000,0,70000000000.0,地表,852.86
QH,F0021,F0021,34.53000,100.41000,0,70000000000.0,地表,830.33
QH,F0024,F0024,34.40000,100.27000,0,70000000000.0,地表,311.01
QH,F0028,F0028,33.92000,100.79000,0,70000000000.0,地表,841.99
QH,F0029,F0029,33.85000,100.12000,0,70000000000.0,地表,547.84
QH,F0030,F0030,33.76000,100.26000,0,70000000000.0,地表,612.85
QH,F0031,F0031,33.62000,99.80000,0,70000000000.0,地表,313.13
QH,FG055,FG055,34.15000,100.19000,0,70000000000.0,地表,497.57
QH,FJ056,FJ056,33.73000,100.62000,0,70000000000.0,地表,586.15
QH,GACYK,GACYK,37.36000,100.10000,0,70000000000.0,基岩,595.25
QH,GADKQ,GADKQ,34.00000,99.89000,0,70000000000.0,基岩,769.79
QH,GADXZ,GADXZ,34.04000,100.78000,0,70000000000.0,基岩,582.03
QH,GOHJX,GOHJX,36.59000,100.29000,0,70000000000.0,基岩,469.96
QH,HD030,HD030,36.30000,98.10000,0,70000000000.0,地表,303.64
QH,HT029,HT029,37.29000,99.02000,0,70000000000.0,地表,309.06
QH,HULZB,HULZB,36.27000,101.98000,0,70000000000.0,基岩,733.55
QH,HW028,HW028,36.92000,98.47000,0,70000000000.0,地表,293.69
QH,JIZJJ,JIZJJ,35.99000,101.84000,0,70000000000.0,基岩,699.13
QH,MADMC,MADMC,34.92000,98.21000,0,70000000000.0,基岩,473.26
GS,P000A,P000A,34.18000,101.45000,0,70000000000.0,地表,505.11
GS,P000B,P000B,33.99000,102.07000,0,70000000000.0,地表,338.30
QH,TIJLM,TIJLM,37.85000,98.78000,0,70000000000.0,基岩,575.32
QH,TORLW,TORLW,35.52000,102.01000,0,70000000000.0,基岩,635.71
QH,E0014,E0014,35.99000,101.47000,0,70000000000.0,地表,622.52
QH,E0015,E0015,35.85000,101.50000,0,70000000000.0,地表,695.43
QH,E0022,E0022,36.12000,101.29000,0,70000000000.0,地表,516.20
QH,ED016,ED016,35.90000,101.51000,0,70000000000.0,地表,488.49
QH,F0027,F0027,34.15000,100.44000,0,70000000000.0,地表,554.17
YN,E2210,E2210,24.53000,101.16000,0,70000000000.0,地表,900.00
YN,F0301,F0301,24.32000,102.63000,0,70000000000.0,地表,669.12
YN,F0303,F0303,24.32000,102.73000,0,70000000000.0,地表,258.37
YN,F2302,F2302,24.18000,102.75000,0,70000000000.0,地表,273.18
YN,F2701,F2701,24.05000,101.57000,0,70000000000.0,地表,568.54
YN,F2702,F2702,23.68000,101.64000,0,70000000000.0,地表,456.13
YN,F2706,F2706,24.15000,101.51000,0,70000000000.0,地表,735.41
YN,F2708,F2708,23.93000,102.15000,0,70000000000.0,地表,292.29
YN,F2710,F2710,23.73000,101.58000,0,70000000000.0,地表,728.00
YN,F2801,F2801,23.68000,101.97000,0,70000000000.0,地表,315.89
YN,F2802,F2802,23.66000,102.14000,0,70000000000.0,地表,806.58
YN,F2803,F2803,23.57000,101.78000,0,70000000000.0,地表,900.00
YN,F2804,F2804,23.64000,101.90000,0,70000000000.0,地表,450.21
YN,F2805,F2805,23.50000,101.85000,0,70000000000.0,地表,746.94
YN,F2806,F2806,23.83000,102.09000,0,70000000000.0,地表,900.00
YN,F2807,F2807,23.41000,102.01000,0,70000000000.0,地表,806.81
YN,F2808,F2808,23.71000,101.83000,0,70000000000.0,地表,455.49
YN,F2809,F2809,23.40000,102.14000,0,70000000000.0,地表,843.10
YN,FE003,FE003,24.08000,102.20000,0,70000000000.0,地表,276.12
YN,FX001,FX001,23.82000,101.55000,0,70000000000.0,地表,855.65
YN,FY001,FY001,23.54000,102.28000,0,70000000000.0,地表,820.66
YN,G2410,G2410,23.65000,102.83000,0,70000000000.0,地表,402.33
YN,G2502,G2502,23.76000,102.41000,0,70000000000.0,地表,463.61
YN,G2506,G2506,23.46000,102.43000,0,70000000000.0,地表,810.70
YN,G2509,G2509,23.70000,102.34000,0,70000000000.0,地表,849.82
YN,G2802,G2802,22.97000,102.61000,0,70000000000.0,地表,900.00
YN,G2805,G2805,23.25000,102.64000,0,70000000000.0,地表,801.44
YN,G2808,G2808,23.12000,102.57000,0,70000000000.0,地表,881.65
YN,G2810,G2810,22.94000,102.69000,0,70000000000.0,地表,860.79
YN,G2811,G2811,23.15000,102.66000,0,70000000000.0,地表,900.00
YN,G2901,G2901,23.29000,102.16000,0,70000000000.0,地表,788.25
YN,G2902,G2902,23.29000,101.97000,0,70000000000.0,地表,702.94
YN,G2903,G2903,23.17000,102.30000,0,70000000000.0,地表,631.76
YN,G2904,G2904,23.27000,102.36000,0,70000000000.0,地表,900.00
YN,G2905,G2905,23.21000,102.17000,0,70000000000.0,地表,726.94
YN,G2906,G2906,23.24000,101.85000,0,70000000000.0,地表,804.42
YN,G3008,G3008,22.86000,102.95000,0,70000000000.0,地表,751.29
YN,G3101,G3101,22.64000,102.15000,0,70000000000.0,地表,724.58
YN,G3102,G3102,22.96000,101.97000,0,70000000000.0,地表,896.27
YN,G3105,G3105,22.74000,102.38000,0,70000000000.0,地表,838.92
YN,G3106,G3106,22.80000,102.50000,0,70000000000.0,地表,900.00
YN,G3107,G3107,22.79000,102.27000,0,70000000000.0,地表,900.00
YN,G3108,G3108,22.83000,102.14000,0,70000000000.0,地表,716.27
YN,G3109,G3109,23.08000,102.49000,0,70000000000.0,地表,612.57
YN,G3110,G3110,22.87000,102.42000,0,70000000000.0,地表,537.78
YN,GHH01,GHH01,23.20000,102.06000,0,70000000000.0,基岩,605.09
YN,GL001,GL001,22.86000,101.97000,0,70000000000.0,地表,644.93
YN,J0201,J0201,22.58000,100.90000,0,70000000000.0,地表,361.83
YN,J0202,J0202,22.62000,100.72000,0,70000000000.0,地表,530.74
YN,J0203,J0203,22.84000,100.36000,0,70000000000.0,地表,634.86
YN,J0204,J0204,22.66000,100.55000,0,70000000000.0,地表,417.40
YN,J0205,J0205,22.63000,101.12000,0,70000000000.0,地表,559.71
YN,J0206,J0206,22.94000,100.70000,0,70000000000.0,地表,519.29
YN,J0207,J0207,22.76000,100.93000,0,70000000000.0,地表,568.01
YN,J2101,J2101,23.43000,101.19000,0,70000000000.0,地表,499.41
YN,J2102,J2102,22.77000,101.45000,0,70000000000.0,地表,900.00
YN,J2103,J2103,23.52000,101.17000,0,70000000000.0,地表,900.00
YN,J2104,J2104,23.27000,101.13000,0,70000000000.0,地表,897.95
YN,J2105,J2105,23.17000,100.99000,0,70000000000.0,地表,783.20
YN,J2106,J2106,23.13000,100.83000,0,70000000000.0,地表,609.32
YN,J2107,J2107,22.97000,101.05000,0,70000000000.0,地表,541.97
YN,J2108,J2108,23.00000,101.37000,0,70000000000.0,地表,578.56
YN,J2201,J2201,23.05000,101.86000,0,70000000000.0,地表,900.00
YN,J2202,J2202,23.48000,101.36000,0,70000000000.0,地表,720.24
YN,J2203,J2203,23.32000,101.56000,0,70000000000.0,地表,890.60
YN,J2204,J2204,23.35000,101.80000,0,70000000000.0,地表,492.80
YN,J2205,J2205,23.06000,101.62000,0,70000000000.0,地表,900.00
YN,J2206,J2206,23.67000,101.52000,0,70000000000.0,地表,541.32
YN,J2207,J2207,22.97000,101.79000,0,70000000000.0,地表,900.00
YN,J2208,J2208,23.63000,101.30000,0,70000000000.0,地表,653.90
YN,J2210,J2210,23.18000,101.49000,0,70000000000.0,地表,410.12
YN,J2211,J2211,23.43000,101.70000,0,70000000000.0,地表,514.76
YN,J2302,J2302,24.38000,101.03000,0,70000000000.0,地表,774.81
YN,J2311,J2311,24.49000,100.94000,0,70000000000.0,地表,436.81
YN,J2312,J2312,24.30000,100.92000,0,70000000000.0,地表,563.24
YN,J2313,J2313,24.15000,100.92000,0,70000000000.0,地表,479.11
YN,J2401,J2401,23.22000,100.19000,0,70000000000.0,地表,773.74
YN,J2402,J2402,22.93000,100.46000,0,70000000000.0,地表,672.13
YN,J2403,J2403,23.06000,100.43000,0,70000000000.0,地表,335.43
YN,J2404,J2404,23.75000,100.62000,0,70000000000.0,地表,239.62
YN,J2405,J2405,23.22000,100.39000,0,70000000000.0,地表,457.34
YN,J2406,J2406,23.11000,100.35000,0,70000000000.0,地表,536.06
YN,J2407,J2407,23.69000,100.50000,0,70000000000.0,地表,414.18
YN,J2408,J2408,23.81000,100.45000,0,70000000000.0,地表,617.42
YN,J2409,J2409,23.43000,100.57000,0,70000000000.0,地表,722.04
YN,J2410,J2410,23.59000,100.90000,0,70000000000.0,地表,693.11
YN,J2411,J2411,23.60000,100.65000,0,70000000000.0,地表,642.12
YN,J2412,J2412,23.54000,100.40000,0,70000000000.0,地表,306.12
YN,J2413,J2413,23.37000,100.17000,0,70000000000.0,地表,900.00
YN,J2414,J2414,23.54000,100.20000,0,70000000000.0,地表,482.14
YN,J2415,J2415,23.52000,100.99000,0,70000000000.0,地表,900.00
YN,J2416,J2416,23.28000,100.74000,0,70000000000.0,地表,900.00
YN,J2417,J2417,23.42000,100.67000,0,70000000000.0,地表,460.36
YN,J2418,J2418,23.28000,100.56000,0,70000000000.0,地表,887.44
YN,J2501,J2501,23.87000,100.88000,0,70000000000.0,地表,305.03
YN,J2502,J2502,23.72000,101.15000,0,70000000000.0,地表,802.59
YN,J2505,J2505,24.18000,100.74000,0,70000000000.0,地表,900.00
YN,J2506,J2506,24.06000,100.81000,0,70000000000.0,地表,476.31
YN,J2507,J2507,23.91000,100.76000,0,70000000000.0,地表,784.99
YN,J2509,J2509,23.98000,101.28000,0,70000000000.0,地表,659.63
YN,J2510,J2510,23.99000,100.55000,0,70000000000.0,地表,605.57
YN,J2511,J2511,23.93000,100.66000,0,70000000000.0,地表,506.16
YN,J2512,J2512,23.92000,101.12000,0,70000000000.0,地表,573.64
YN,J2601,J2601,22.69000,101.65000,0,70000000000.0,地表,422.17
YN,J2602,J2602,22.77000,101.87000,0,70000000000.0,地表,549.09
YN,J2603,J2603,22.86000,101.72000,0,70000000000.0,地表,852.82
YN,J2605,J2605,22.47000,101.64000,0,70000000000.0,地表,623.77
YN,J2606,J2606,22.45000,101.90000,0,70000000000.0,地表,343.89
YN,J2607,J2607,22.49000,101.51000,0,70000000000.0,地表,488.69
YN,J2608,J2608,22.82000,101.77000,0,70000000000.0,地表,782.00
YN,J2609,J2609,22.57000,101.87000,0,70000000000.0,地表,565.11
YN,J2802,J2802,22.93000,100.07000,0,70000000000.0,地表,900.00
YN,J2804,J2804,22.34000,100.17000,0,70000000000.0,地表,651.45
YN,J2805,J2805,23.13000,100.01000,0,70000000000.0,地表,900.00
YN,J2807,J2807,22.44000,99.97000,0,70000000000.0,地表,437.40
YN,J2809,J2809,22.61000,100.05000,0,70000000000.0,地表,885.05
YN,J2815,J2815,22.58000,100.27000,0,70000000000.0,地表,676.45
YN,J2816,J2816,22.51000,100.36000,0,70000000000.0,地表,360.99
YN,J2817,J2817,22.48000,100.12000,0,70000000000.0,地表,748.00
YN,J2818,J2818,22.75000,100.23000,0,70000000000.0,地表,900.00
YN,J2819,J2819,22.95000,100.22000,0,70000000000.0,地表,900.00
YN,J2820,J2820,22.90000,100.18000,0,70000000000.0,地表,731.52
YN,J2823,J2823,22.99000,100.12000,0,70000000000.0,地表,900.00
YN,JJ001,JJ001,22.60000,101.46000,0,70000000000.0,地表,900.00
YN,JJ002,JJ002,22.51000,102.16000,0,70000000000.0,地表,651.42
YN,JJ004,JJ004,24.45000,100.84000,0,70000000000.0,地表,348.22
YN,JJ005,JJ005,24.13000,101.04000,0,70000000000.0,地表,433.13
YN,JJ006,JJ006,23.67000,100.79000,0,70000000000.0,地表,601.63
YN,JJ008,JJ008,23.33000,100.96000,0,70000000000.0,地表,445.00
YN,JJC01,JJC01,22.62000,101.85000,0,70000000000.0,基岩,541.80
YN,JJD01,JJD01,23.96000,100.41000,0,70000000000.0,基岩,852.07
YN,JJG02,JJG02,23.50000,100.74000,0,70000000000.0,基岩,813.21
YN,JJG04,JJG04,23.39000,100.41000,0,70000000000.0,基岩,506.32
YN,JLC01,JLC01,22.33000,100.28000,0,70000000000.0,基岩,469.58
YN,JM002,JM002,23.58000,101.58000,0,70000000000.0,地表,565.45
YN,JMJ01,JMJ01,23.48000,101.62000,0,70000000000.0,基岩,417.63
YN,JMJ02,JMJ02,23.16000,101.83000,0,70000000000.0,基岩,900.00
YN,JMJ03,JMJ03,23.31000,101.37000,0,70000000000.0,基岩,786.53
YN,JMJ04,JMJ04,23.77000,101.27000,0,70000000000.0,基岩,900.00
YN,JN003,JN003,23.17000,101.15000,0,70000000000.0,地表,291.94
YN,JNE01,JNE01,23.09000,101.02000,0,70000000000.0,基岩,485.45
YN,JNE02,JNE02,23.06000,101.38000,0,70000000000.0,基岩,384.11
YN,JNE03,JNE03,22.90000,101.11000,0,70000000000.0,基岩,607.68
YN,JS001,JS001,22.69000,100.94000,0,70000000000.0,地表,441.23
YN,JS002,JS002,22.49000,100.58000,0,70000000000.0,地表,455.52
YN,JS003,JS003,22.61000,101.30000,0,70000000000.0,地表,520.02
YN,JSM01,JSM01,22.84000,100.60000,0,70000000000.0,基岩,521.90
YN,JSM02,JSM02,22.78000,101.01000,0,70000000000.0,基岩,689.52
YN,JZ001,JZ001,23.70000,100.97000,0,70000000000.0,地表,567.99
YN,JZY01,JZY01,24.00000,101.11000,0,70000000000.0,基岩,438.63
YN,JZY02,JZY02,23.85000,100.63000,0,70000000000.0,基岩,652.18
YN,K0101,K0101,22.15000,101.08000,0,70000000000.0,地表,479.96
YN,K0102,K0102,21.93000,100.73000,0,70000000000.0,地表,490.96
YN,K0104,K0104,22.43000,100.80000,0,70000000000.0,地表,510.06
YN,K0105,K0105,21.72000,100.77000,0,70000000000.0,地表,468.29
YN,K0106,K0106,22.37000,101.13000,0,70000000000.0,地表,900.00
YN,K0107,K0107,22.48000,101.28000,0,70000000000.0,地表,416.18
YN,K0108,K0108,22.09000,100.89000,0,70000000000.0,地表,336.79
YN,K2202,K2202,21.70000,100.41000,0,70000000000.0,地表,599.95
YN,K2203,K2203,21.69000,100.05000,0,70000000000.0,地表,292.95
YN,K2204,K2204,21.85000,100.57000,0,70000000000.0,地表,801.98
YN,K2205,K2205,21.74000,100.54000,0,70000000000.0,地表,607.67
YN,K2206,K2206,22.12000,100.06000,0,70000000000.0,地表,658.78
YN,K2207,K2207,22.06000,100.56000,0,70000000000.0,地表,789.40
YN,K2208,K2208,22.19000,100.55000,0,70000000000.0,地表,900.00
YN,K2209,K2209,22.36000,100.64000,0,70000000000.0,地表,712.46
YN,K2210,K2210,22.40000,100.46000,0,70000000000.0,地表,364.36
YN,K2305,K2305,21.89000,101.43000,0,70000000000.0,地表,900.00
YN,K2309,K2309,22.23000,101.35000,0,70000000000.0,地表,528.30
YN,K2311,K2311,22.26000,101.53000,0,70000000000.0,地表,457.99
YN,KJ001,KJ001,22.37000,100.93000,0,70000000000.0,地表,413.25
YN,KJ002,KJ002,21.85000,100.94000,0,70000000000.0,地表,269.47
YN,KJH02,KJH02,21.81000,101.00000,0,70000000000.0,基岩,900.00
YN,KJH03,KJH03,22.50000,100.68000,0,70000000000.0,基岩,531.66
YN,KJH05,KJH05,22.41000,101.33000,0,70000000000.0,基岩,433.79
YN,KJH06,KJH06,22.19000,100.76000,0,70000000000.0,基岩,513.48
YN,KJH07,KJH07,22.55000,101.03000,0,70000000000.0,基岩,679.69
YN,KM002,KM002,22.20000,100.33000,0,70000000000.0,地表,455.32
YN,KM003,KM003,21.96000,100.45000,0,70000000000.0,地表,385.72
YN,KM004,KM004,21.84000,100.38000,0,70000000000.0,地表,516.19
YN,KM006,KM006,21.99000,100.26000,0,70000000000.0,地表,278.79
YN,KM008,KM008,21.92000,101.24000,0,70000000000.0,地表,427.63
YN,KM010,KM010,22.13000,101.31000,0,70000000000.0,地表,565.99
YN,KMH04,KMH04,21.93000,100.16000,0,70000000000.0,基岩,703.07
YN,S0201,S0201,23.71000,100.05000,0,70000000000.0,地表,450.98
YN,S0202,S0202,24.11000,100.06000,0,70000000000.0,地表,574.29
YN,S0203,S0203,23.94000,100.16000,0,70000000000.0,地表,711.62
YN,S0205,S0205,23.66000,100.32000,0,70000000000.0,地表,378.80
YN,S0207,S0207,23.91000,100.34000,0,70000000000.0,地表,900.00
YN,S2110,S2110,24.55000,100.08000,0,70000000000.0,地表,900.00
YN,S2201,S2201,24.31000,100.07000,0,70000000000.0,地表,714.40
YN,S2202,S2202,24.04000,100.32000,0,70000000000.0,地表,895.84
YN,S2203,S2203,24.12000,100.27000,0,70000000000.0,地表,900.00
YN,S2204,S2204,24.23000,100.45000,0,70000000000.0,地表,900.00
YN,S2206,S2206,24.51000,100.50000,0,70000000000.0,地表,774.18
YN,S2207,S2207,24.44000,100.35000,0,70000000000.0,地表,900.00
YN,S2208,S2208,24.57000,100.23000,0,70000000000.0,地表,535.64
YN,S2209,S2209,24.36000,100.24000,0,70000000000.0,地表,547.86
YN,S2211,S2211,24.28000,100.31000,0,70000000000.0,地表,520.95
YN,S2503,S2503,23.55000,99.97000,0,70000000000.0,地表,612.02
YN,S2506,S2506,23.40000,100.04000,0,70000000000.0,地表,786.87
YN,SS001,SS001,23.34000,100.00000,0,70000000000.0,地表,552.98
YN,SYX01,SYX01,24.21000,100.19000,0,70000000000.0,基岩,378.90
XJ,AKTBL,AKTBL,38.65000,74.96000,0,70000000000.0,基岩,692.67
XJ,P0011,P0011,38.78000,74.97000,0,70000000000.0,地表,634.73
XJ,P0012,P0012,38.47000,75.05000,0,70000000000.0,地表,420.23
XJ,P0013,P0013,38.73000,75.03000,0,70000000000.0,地表,371.58
XJ,P0015,P0015,38.93000,74.64000,0,70000000000.0,地表,577.68
XJ,P0017,P0017,38.95000,74.31000,0,70000000000.0,地表,581.66
XJ,P001F,P001F,38.36000,74.98000,0,70000000000.0,地表,468.77
XJ,P0024,P0024,38.91000,75.24000,0,70000000000.0,地表,900.00
XJ,P0026,P0026,38.81000,75.43000,0,70000000000.0,地表,782.60
XJ,P0027,P0027,38.53000,75.52000,0,70000000000.0,地表,869.13
XJ,P0028,P0028,38.85000,75.48000,0,70000000000.0,地表,542.86
XJ,P0029,P0029,38.93000,75.50000,0,70000000000.0,地表,818.56
XJ,P002A,P002A,38.96000,75.40000,0,70000000000.0,地表,529.42
XJ,P0074,P0074,39.19000,75.17000,0,70000000000.0,地表,402.76
XJ,N002B,N002B,41.68000,81.14000,0,70000000000.0,地表,317.86
XJ,N0023,N0023,41.72000,81.31000,0,70000000000.0,地表,361.07
XJ,NB004,NB004,41.84000,81.19000,0,70000000000.0,地表,416.33
XJ,N0028,N0028,41.88000,81.32000,0,70000000000.0,地表,464.71
XJ,N002D,N002D,41.57000,81.32000,0,70000000000.0,地表,448.39
XJ,N0004,N0004,41.75000,80.88000,0,70000000000.0,地表,348.92
XJ,NB002,NB002,41.66000,81.55000,0,70000000000.0,地表,273.67
XJ,N0001,N0001,41.39000,81.21000,0,70000000000.0,地表,296.11
XJ,N0037,N0037,41.33000,81.42000,0,70000000000.0,地表,215.01
SC,Q2505,Q2505,28.62000,104.66000,0,70000000000.0,地表,588.07
SC,QG001,QG001,28.45000,104.55000,0,70000000000.0,地表,558.99
SC,PSZD,PSZD,28.58000,104.52000,0,70000000000.0,基岩,875.26
SC,Q2504,Q2504,28.39000,104.56000,0,70000000000.0,地表,615.62
SC,Q2402,Q2402,28.54000,104.87000,0,70000000000.0,地表,257.58
SC,Q2503,Q2503,28.68000,104.78000,0,70000000000.0,地表,588.72
SC,Q0203,Q0203,28.65000,104.83000,0,70000000000.0,地表,260.93
SC,QY004,QY004,28.71000,104.56000,0,70000000000.0,地表,543.07
SC,Q2403,Q2403,28.50000,104.95000,0,70000000000.0,地表,385.80
SC,Q2101,Q2101,28.64000,104.43000,0,70000000000.0,地表,723.98
SC,Q2102,Q2102,28.50000,104.39000,0,70000000000.0,地表,735.82
SC,QX001,QX001,28.28000,104.82000,0,70000000000.0,地表,818.01
YN,CS001,CS001,28.61000,104.40000,0,70000000000.0,地表,789.29
SC,Q0101,Q0101,28.80000,104.68000,0,70000000000.0,地表,553.42
SC,Q2502,Q2502,28.28000,104.48000,0,70000000000.0,地表,481.60
YN,C3007,C3007,28.57000,104.34000,0,70000000000.0,地表,605.22
SC,Q0202,Q0202,28.80000,104.80000,0,70000000000.0,地表,620.02
SC,Q2108,Q2108,28.77000,104.49000,0,70000000000.0,地表,562.26
SC,Q2401,Q2401,28.34000,104.99000,0,70000000000.0,地表,761.13
SC,NXDP,NXDP,28.74000,104.95000,0,70000000000.0,基岩,379.17
SC,Q2301,Q2301,28.48000,105.08000,0,70000000000.0,地表,733.89
SC,YBSL,YBSL,28.47000,104.28000,0,70000000000.0,基岩,442.65
SC,JLI,JLI,28.18000,104.52000,0,70000000000.0,基岩,634.47
SC,Q2904,Q2904,28.64000,104.30000,0,70000000000.0,地表,900.00
YN,CY002,CY002,28.26000,104.38000,0,70000000000.0,地表,660.86
SC,YBGY,YBGY,28.87000,104.58000,0,70000000000.0,基岩,614.00
YN,C3006,C3006,28.48000,104.26000,0,70000000000.0,地表,854.08
SC,Q2703,Q2703,28.13000,104.68000,0,70000000000.0,地表,837.72
SC,QY001,QY001,28.80000,104.40000,0,70000000000.0,地表,477.05
SC,Q2302,Q2302,28.60000,105.10000,0,70000000000.0,地表,536.07
YN,C3010,C3010,28.57000,104.24000,0,70000000000.0,地表,785.75
SC,Q2801,Q2801,28.32000,105.07000,0,70000000000.0,地表,790.53
SC,QJ001,QJ001,28.73000,105.05000,0,70000000000.0,地表,470.18
SC,Q0201,Q0201,28.91000,104.73000,0,70000000000.0,地表,506.82
YN,C3009,C3009,28.40000,104.24000,0,70000000000.0,地表,900.00
YN,C2608,C2608,28.65000,104.25000,0,70000000000.0,地表,705.18
YN,C2324,C2324,28.17000,104.43000,0,70000000000.0,地表,719.71
YN,C2318,C2318,28.32000,104.27000,0,70000000000.0,地表,660.80
SC,QN001,QN001,28.84000,104.97000,0,70000000000.0,地表,314.92
SC,QW001,QW001,28.24000,105.05000,0,70000000000.0,地表,737.04
YN,C2327,C2327,28.26000,104.29000,0,70000000000.0,地表,886.37
SC,Q2901,Q2901,28.78000,104.30000,0,70000000000.0,地表,632.09
SC,JADM,JADM,28.56000,105.17000,0,70000000000.0,基岩,516.07
SC,Q2303,Q2303,28.69000,105.13000,0,70000000000.0,地表,768.75
SC,Q2103,Q2103,28.89000,104.41000,0,70000000000.0,地表,340.61
YN,C2326,C2326,28.18000,104.33000,0,70000000000.0,地表,596.44
SC,XWQL,XWQL,28.14000,104.98000,0,70000000000.0,基岩,694.08
YN,C2607,C2607,28.63000,104.18000,0,70000000000.0,地表,890.37
SC,Q2803,Q2803,28.12000,104.97000,0,70000000000.0,地表,673.20
SC,Q2702,Q2702,28.09000,104.43000,0,70000000000.0,地表,786.93
YN,C2314,C2314,28.21000,104.26000,0,70000000000.0,地表,482.50
SC,Q2902,Q2902,28.65000,104.16000,0,70000000000.0,地表,893.72
YN,C2316,C2316,28.12000,104.36000,0,70000000000.0,地表,245.56
YN,C3005,C3005,28.42000,104.14000,0,70000000000.0,地表,441.99
YN,C3008,C3008,28.52000,104.13000,0,70000000000.0,地表,863.64
SC,Q0301,Q0301,28.96000,104.90000,0,70000000000.0,地表,392.75
SC,QL001,QL001,28.01000,104.68000,0,70000000000.0,地表,840.43
SC,C2205,C2205,29.02000,104.73000,0,70000000000.0,地表,548.22
YN,C2312,C2312,28.34000,104.13000,0,70000000000.0,地表,510.84
YN,CY001,CY001,28.25000,104.17000,0,70000000000.0,地表,668.56
SC,Q2601,Q2601,28.03000,104.93000,0,70000000000.0,地表,718.90
SC,QY003,QY003,29.03000,104.57000,0,70000000000.0,地表,521.93
SC,Q2802,Q2802,28.29000,105.23000,0,70000000000.0,地表,562.17
SC,Q2804,Q2804,28.40000,105.28000,0,70000000000.0,地表,741.10
YN,C2610,C2610,28.59000,104.07000,0,70000000000.0,地表,900.00
SC,Q2105,Q2105,29.02000,104.45000,0,70000000000.0,地表,343.86
YN,C2322,C2322,28.16000,104.19000,0,70000000000.0,地表,900.00
YN,C2609,C2609,28.40000,104.05000,0,70000000000.0,地表,462.16
SC,C2207,C2207,29.07000,104.81000,0,70000000000.0,地表,609.02
SC,Q2701,Q2701,27.98000,104.43000,0,70000000000.0,地表,610.66
YN,C2323,C2323,28.03000,104.32000,0,70000000000.0,地表,522.53
SC,Q2304,Q2304,28.92000,105.14000,0,70000000000.0,地表,636.29
SC,E0302,E0302,28.76000,105.27000,0,70000000000.0,地表,667.21
YN,C2912,C2912,27.99000,104.97000,0,70000000000.0,地表,710.75
SC,QY002,QY002,28.97000,104.26000,0,70000000000.0,地表,328.70
YN,C2915,C2915,28.06000,105.12000,0,70000000000.0,地表,890.22
SC,CNSH,CNSH,29.11000,104.66000,0,70000000000.0,基岩,246.08
YN,C2319,C2319,28.05000,104.24000,0,70000000000.0,地表,637.17
SC,E0303,E0303,28.59000,105.36000,0,70000000000.0,地表,630.22
SC,C2204,C2204,29.07000,104.95000,0,70000000000.0,地表,662.60
YN,CS002,CS002,28.52000,103.99000,0,70000000000.0,地表,766.22
YN,C2320,C2320,28.16000,104.10000,0,70000000000.0,地表,900.00
YN,CSJ01,CSJ01,28.59000,103.98000,0,70000000000.0,基岩,900.00
SC,C2201,C2201,29.03000,105.07000,0,70000000000.0,地表,520.95
YN,C2315,C2315,27.96000,104.34000,0,70000000000.0,地表,900.00
SC,QP001,QP001,28.78000,104.03000,0,70000000000.0,地表,445.07
SC,E2406,E2406,28.34000,105.38000,0,70000000000.0,地表,535.09
SC,Q2905,Q2905,28.62000,103.96000,0,70000000000.0,地表,761.47
SC,Q2107,Q2107,28.86000,104.06000,0,70000000000.0,地表,505.14
YN,C2612,C2612,28.42000,103.95000,0,70000000000.0,地表,576.78
YN,C2526,C2526,28.31000,103.97000,0,70000000000.0,地表,900.00
YN,C2911,C2911,27.87000,104.87000,0,70000000000.0,地表,695.54
SC,Q2106,Q2106,29.04000,104.23000,0,70000000000.0,地表,324.04
SC,E0202,E0202,28.92000,105.27000,0,70000000000.0,地表,629.23
YN,C2613,C2613,28.51000,103.93000,0,70000000000.0,地表,704.35
SC,E2403,E2403,28.12000,105.29000,0,70000000000.0,地表,867.53
SC,YTJH,YTJH,29.16000,104.86000,0,70000000000.0,基岩,408.49
SC,C1101,C1101,29.18000,104.70000,0,70000000000.0,地表,460.72
SC,EN001,EN001,28.78000,105.38000,0,70000000000.0,地表,755.88
YN,C2847,C2847,27.83000,104.68000,0,70000000000.0,地表,871.26
YN,C2313,C2313,28.04000,104.12000,0,70000000000.0,地表,900.00
SC,C2206,C2206,29.01000,105.21000,0,70000000000.0,地表,535.07
YN,C2913,C2913,27.86000,104.94000,0,70000000000.0,地表,872.42
YN,C2421,C2421,28.22000,103.97000,0,70000000000.0,地表,790.84
SC,E0201,E0201,28.87000,105.37000,0,70000000000.0,地表,418.77
SC,CF001,CF001,29.18000,104.95000,0,70000000000.0,地表,446.39
SC,MCJB,MCJB,28.98000,104.07000,0,70000000000.0,基岩,575.91
YN,C2903,C2903,27.97000,105.21000,0,70000000000.0,地表,729.49
SC,C2203,C2203,29.16000,105.02000,0,70000000000.0,地表,338.24
YN,C2523,C2523,28.43000,103.87000,0,70000000000.0,地表,900.00
SC,C0201,C0201,29.23000,104.71000,0,70000000000.0,地表,295.73
YN,C2917,C2917,27.86000,105.06000,0,70000000000.0,地表,786.62
SC,FSTS,FSTS,29.12000,105.15000,0,70000000000.0,基岩,699.50
SC,LZH,LZH,28.87000,105.41000,0,70000000000.0,基岩,578.31
SC,EX003,EX003,28.46000,105.52000,0,70000000000.0,地表,794.27
SC,Q2104,Q2104,29.17000,104.29000,0,70000000000.0,地表,316.45
YN,C2413,C2413,28.14000,103.95000,0,70000000000.0,地表,665.67
SC,W3701,雷波渡口台,28.32000,103.86000,0,70000000000.0,地表,900.00
SC,GJGS,GJGS,29.27000,104.60000,0,70000000000.0,基岩,374.06
SC,WB001,WB001,28.30000,103.85000,0,70000000000.0,地表,855.65
SC,L2904,L2904,28.96000,103.97000,0,70000000000.0,地表,458.52
SC,W3704,雷波黄琅台,28.46000,103.80000,0,70000000000.0,地表,657.41
YN,C2715,C2715,27.75000,104.92000,0,70000000000.0,地表,681.99
SC,C1102,C1102,29.29000,104.88000,0,70000000000.0,地表,372.12
SC,LC002,LC002,28.95000,103.90000,0,70000000000.0,地表,429.34
SC,C2202,C2202,29.18000,105.21000,0,70000000000.0,地表,316.72
SC,L2301,L2301,29.17000,104.13000,0,70000000000.0,地表,639.84
SC,E2204,E2204,28.56000,105.61000,0,70000000000.0,地表,709.20
SC,E0401,E0401,28.98000,105.45000,0,70000000000.0,地表,515.30
YN,C2424,C2424,28.02000,103.92000,0,70000000000.0,地表,900.00
SC,L2307,L2307,29.12000,104.02000,0,70000000000.0,地表,349.90
SC,W3705,雷波回龙场台,28.26000,103.77000,0,70000000000.0,地表,900.00
YN,C2732,C2732,27.68000,104.45000,0,70000000000.0,地表,808.26
SC,EL001,EL001,29.12000,105.37000,0,70000000000.0,地表,777.24
SC,L3305,L3305,28.85000,103.78000,0,70000000000.0,地表,644.57
SC,Q2903,Q2903,28.63000,103.71000,0,70000000000.0,地表,900.00
SC,K2803,K2803,29.21000,105.27000,0,70000000000.0,地表,508.81
SC,L2303,L2303,29.23000,104.11000,0,70000000000.0,地表,343.15
SC,L2903,L2903,29.05000,103.88000,0,70000000000.0,地表,390.11
SC,HJFWS,HJFWS,28.63000,105.68000,0,70000000000.0,基岩,826.11
SC,C0401,C0401,29.38000,104.92000,0,70000000000.0,地表,310.23
SC,C2103,C2103,29.31000,104.22000,0,70000000000.0,地表,296.95
SC,DANF,DANF,29.37000,105.00000,0,70000000000.0,基岩,313.41
SC,WB002,WB002,28.34000,103.67000,0,70000000000.0,地表,744.53
YN,C2711,C2711,27.61000,104.46000,0,70000000000.0,地表,580.62
SC,L3301,马边荞坝台,28.69000,103.65000,0,70000000000.0,地表,900.00
SC,C2104,C2104,29.36000,104.26000,0,70000000000.0,地表,316.20
YN,C2722,C2722,27.58000,104.64000,0,70000000000.0,地表,371.67
SC,C0402,C0402,29.44000,104.86000,0,70000000000.0,地表,478.89
SC,WB003,WB003,28.52000,103.61000,0,70000000000.0,地表,900.00
SC,L2306,L2306,29.13000,103.86000,0,70000000000.0,地表,403.90
SC,W3706,雷波烂坝子台,28.31000,103.62000,0,70000000000.0,地表,900.00
SC,LC003,LC003,28.96000,103.71000,0,70000000000.0,地表,420.92
SC,L2304,L2304,29.35000,104.10000,0,70000000000.0,地表,436.50
SC,E2202,E2202,28.84000,105.73000,0,70000000000.0,地表,832.97
YN,C2714,C2714,27.61000,105.13000,0,70000000000.0,地表,570.38
SC,KL001,KL001,29.33000,105.30000,0,70000000000.0,地表,534.62
YN,C2709,C2709,27.51000,104.58000,0,70000000000.0,地表,900.00
YN,C2520,C2520,28.07000,103.66000,0,70000000000.0,地表,577.36
SC,L2902,L2902,29.03000,103.70000,0,70000000000.0,地表,435.48
SC,WYDL,WYDL,29.51000,104.83000,0,70000000000.0,基岩,292.27
SC,W3703,雷波桂花台,28.43000,103.53000,0,70000000000.0,地表,900.00
SC,QWLC,QWLC,29.37000,104.05000,0,70000000000.0,基岩,566.10
SC,K2801,K2801,29.44000,105.17000,0,70000000000.0,地表,429.42
SC,E2404,E2404,27.90000,105.61000,0,70000000000.0,地表,669.93
YN,C2705,C2705,27.49000,104.46000,0,70000000000.0,地表,746.70
SC,L2302,L2302,29.30000,103.91000,0,70000000000.0,地表,254.41
YN,C2720,C2720,27.49000,104.94000,0,70000000000.0,地表,898.72
YN,C2706,C2706,27.52000,105.06000,0,70000000000.0,地表,735.92
YN,CZ001,CZ001,27.56000,105.18000,0,70000000000.0,地表,771.99
SC,W3709,雷波千万贯台,28.22000,103.54000,0,70000000000.0,地表,900.00
SC,LCSN,LCSN,29.39000,105.34000,0,70000000000.0,基岩,299.37
YN,C2717,C2717,27.45000,104.72000,0,70000000000.0,地表,717.38
SC,EH001,EH001,28.79000,105.84000,0,70000000000.0,地表,857.71
SC,LXXT,LXXT,29.16000,105.64000,0,70000000000.0,基岩,430.10
SC,MBI,马边台,28.84000,103.53000,0,70000000000.0,基岩,510.16
YN,C2725,C2725,27.44000,104.63000,0,70000000000.0,地表,783.43
SC,LC001,LC001,29.17000,103.72000,0,70000000000.0,地表,435.98
SC,E2201,E2201,28.69000,105.88000,0,70000000000.0,地表,885.90
YN,C2731,C2731,27.45000,104.88000,0,70000000000.0,地表,697.95
SC,L3307,L3307,28.92000,103.55000,0,70000000000.0,地表,789.68
SC,L2305,L2305,29.28000,103.82000,0,70000000000.0,地表,458.45
CQ,RCAF,RCAF,29.38000,105.44000,0,70000000000.0,基岩,801.11
SC,L3302,马边高卓营台,28.62000,103.43000,0,70000000000.0,地表,492.21
SC,KS001,KS001,29.57000,105.06000,0,70000000000.0,地表,325.15
YN,C2718,C2718,27.44000,105.02000,0,70000000000.0,地表,885.32
SC,W3711,雷波松树台,28.26000,103.45000,0,70000000000.0,地表,900.00
SC,L3308,L3308,28.99000,103.53000,0,70000000000.0,地表,900.00
SC,K2401,K2401,29.64000,104.69000,0,70000000000.0,地表,486.29
SC,L3304,马边永红台,28.53000,103.40000,0,70000000000.0,地表,900.00
YN,C2729,C2729,27.44000,105.10000,0,70000000000.0,地表,726.81
SC,L2401,L2401,29.54000,104.14000,0,70000000000.0,地表,219.17
YN,C2710,C2710,27.40000,104.97000,0,70000000000.0,地表,678.80
YN,C2531,C2531,28.05000,103.48000,0,70000000000.0,地表,900.00
YN,C2528,C2528,27.94000,103.54000,0,70000000000.0,地表,900.00
SC,L3303,马边梅子坝台,28.78000,103.40000,0,70000000000.0,地表,900.00
SC,LW001,LW001,29.38000,103.80000,0,70000000000.0,地表,263.68
YN,C2414,C2414,27.67000,103.76000,0,70000000000.0,地表,900.00
SC,KD001,KD001,29.62000,105.12000,0,70000000000.0,地表,401.25
YN,C2716,C2716,27.34000,104.85000,0,70000000000.0,地表,781.23
SC,L3306,L3306,28.91000,103.42000,0,70000000000.0,地表,900.00
YN,C2529,C2529,27.76000,103.65000,0,70000000000.0,地表,879.11
SC,JYDL,JYDL,29.61000,104.16000,0,70000000000.0,基岩,327.84
SC,MBMZB,MBMZB,28.80000,103.37000,0,70000000000.0,基岩,591.36
YN,C2519,C2519,27.81000,103.59000,0,70000000000.0,地表,870.02
SC,E2504,E2504,28.11000,105.95000,0,70000000000.0,地表,893.29
SC,W3714,雷波小沟台,28.16000,103.39000,0,70000000000.0,地表,696.93
SC,E2203,E2203,28.90000,105.96000,0,70000000000.0,地表,705.87
SC,L1101,L1101,29.32000,103.68000,0,70000000000.0,地表,482.44
SC,K2505,K2505,29.69000,104.95000,0,70000000000.0,地表,362.77
SC,W3715,雷波长河台,28.33000,103.33000,0,70000000000.0,地表,574.48
CQ,J0001,J0001,29.42000,105.59000,0,70000000000.0,地表,486.13
SC,L3204,L3204,29.21000,103.52000,0,70000000000.0,地表,756.68
SC,K2402,K2402,29.74000,104.48000,0,70000000000.0,地表,376.28
SC,L1104,L1104,29.39000,103.67000,0,70000000000.0,地表,524.57
YN,C2837,C2837,27.48000,103.88000,0,70000000000.0,地表,900.00
SC,W3612,W3612,28.76000,103.29000,0,70000000000.0,地表,891.91
SC,RSSG,RSSG,29.72000,104.28000,0,70000000000.0,基岩,433.19
YN,C2844,C2844,27.32000,104.20000,0,70000000000.0,地表,742.24
CQ,J0009,J0009,29.42000,105.68000,0,70000000000.0,地表,524.84
SC,KZ001,KZ001,29.77000,104.85000,0,70000000000.0,地表,366.98
SC,SZLY,SZLY,29.54000,103.82000,0,70000000000.0,基岩,302.24
SC,E2503,E2503,27.85000,105.92000,0,70000000000.0,地表,892.74
CQ,JT001,JT001,29.60000,105.47000,0,70000000000.0,地表,503.88
SC,DXBH,DXBH,29.69000,105.30000,0,70000000000.0,基岩,434.53
SC,L1102,L1102,29.28000,103.49000,0,70000000000.0,地表,576.84
SC,KZ002,KZ002,29.81000,104.70000,0,70000000000.0,地表,483.24
SC,L3205,L3205,29.19000,103.42000,0,70000000000.0,地表,900.00
CQ,YOCND,YOCND,29.31000,105.85000,0,70000000000.0,基岩,665.22
SC,W3606,美姑龙窝台,28.77000,103.22000,0,70000000000.0,地表,639.17
CQ,DAZLS,DAZLS,29.56000,105.61000,0,70000000000.0,基岩,233.91
SC,W3611,W3611,28.72000,103.19000,0,70000000000.0,地表,597.40
SC,L1103,L1103,29.42000,103.54000,0,70000000000.0,地表,888.01
SC,Z2101,Z2101,29.78000,104.13000,0,70000000000.0,地表,237.55
SC,L0204,L0204,29.65000,103.83000,0,70000000000.0,地表,382.93
SC,W3107,昭觉且莫台,28.02000,103.23000,0,70000000000.0,地表,846.55
SC,K2502,K2502,29.88000,104.87000,0,70000000000.0,地表,239.98
SC,L3203,L3203,29.29000,103.37000,0,70000000000.0,地表,880.83
SC,L0202,L0202,29.53000,103.58000,0,70000000000.0,地表,285.86
SC,Z2104,Z2104,29.87000,104.27000,0,70000000000.0,地表,394.29
SC,L0203,L0203,29.63000,103.71000,0,70000000000.0,地表,336.72
GZ,FH001,FH001,27.09000,104.69000,0,70000000000.0,地表,740.48
YN,C0231,C0231,27.36000,103.73000,0,70000000000.0,地表,313.17
CQ,KY001,KY001,29.40000,105.95000,0,70000000000.0,地表,885.96
YN,C0220,C0220,27.39000,103.67000,0,70000000000.0,地表,317.55
SC,MA002,MA002,29.89000,105.14000,0,70000000000.0,地表,397.34
SC,JYA,井研台,29.79000,103.93000,0,70000000000.0,基岩,391.37
SC,EBSP,EBSP,29.21000,103.23000,0,70000000000.0,基岩,400.79
SC,Z2503,Z2503,29.76000,103.82000,0,70000000000.0,地表,369.23
SC,Z2108,Z2108,29.90000,104.14000,0,70000000000.0,地表,327.09
SC,L8101,L8101,29.51000,103.45000,0,70000000000.0,地表,461.12
CQ,YOCBQ,YOCBQ,29.50000,105.93000,0,70000000000.0,基岩,347.62
SC,M0204,M0204,30.00000,104.68000,0,70000000000.0,地表,415.71
SC,LM001,LM001,29.41000,103.32000,0,70000000000.0,地表,487.73
CQ,JD002,JD002,29.73000,105.68000,0,70000000000.0,地表,836.82
SC,Z2501,Z2501,29.87000,103.95000,0,70000000000.0,地表,315.07
SC,M2102,M2102,29.94000,105.28000,0,70000000000.0,地表,443.15
SC,L2602,L2602,29.80000,103.71000,0,70000000000.0,地表,346.47
YN,C2127,C2127,27.49000,103.37000,0,70000000000.0,地表,630.53
SC,Z2105,Z2105,30.01000,104.25000,0,70000000000.0,地表,375.97
SC,LJ001,LJ001,29.73000,103.59000,0,70000000000.0,地表,226.44
SC,L8103,L8103,29.66000,103.49000,0,70000000000.0,地表,443.11
SC,ZR001,ZR001,29.99000,104.13000,0,70000000000.0,地表,527.19
SC,Z2502,Z2502,29.89000,103.81000,0,70000000000.0,地表,332.71
YN,C0228,C0228,27.18000,103.69000,0,70000000000.0,地表,416.47
SC,L2601,L2601,29.73000,103.40000,0,70000000000.0,地表,772.06
SC,L2603,L2603,29.91000,103.65000,0,70000000000.0,地表,359.44
SC,Z2303,Z2303,29.61000,103.22000,0,70000000000.0,地表,558.54
SC,Z2401,Z2401,29.90000,103.55000,0,70000000000.0,地表,312.82
YN,C2116,C2116,27.29000,103.26000,0,70000000000.0,地表,900.00
YN,C2126,C2126,27.18000,103.37000,0,70000000000.0,地表,562.32
SC,HYJJ,HYJJ,29.84000,103.33000,0,70000000000.0,基岩,456.88
CQ,TOLTP,TOLTP,29.92000,105.98000,0,70000000000.0,基岩,359.77
YN,CL002,CL002,27.17000,103.28000,0,70000000000.0,地表,900.00
SC,Z2304,Z2304,29.92000,103.34000,0,70000000000.0,地表,387.44
SC,Z2301,Z2301,29.87000,103.20000,0,70000000000.0,地表,537.79
SC,Q2501,Q2501,28.54000,104.69000,0,70000000000.0,地表,639.39
SC,Q2602,Q2602,28.27000,104.68000,0,70000000000.0,地表,593.27
SC,Q2805,Q2805,28.27000,104.95000,0,70000000000.0,地表,735.12
SC,GLB,GLB,28.05000,104.84000,0,70000000000.0,基岩,646.37
SC,Q2704,Q2704,28.03000,104.57000,0,70000000000.0,地表,477.03
YN,C2910,C2910,28.06000,104.98000,0,70000000000.0,地表,765.51
YN,CYJ01,CYJ01,28.11000,104.23000,0,70000000000.0,基岩,900.00
SC,PSFR,PSFR,27.93000,104.54000,0,70000000000.0,基岩,564.28
YN,C2905,C2905,27.92000,104.96000,0,70000000000.0,地表,788.06
YN,C2916,C2916,27.94000,105.04000,0,70000000000.0,地表,823.78
YN,C2846,C2846,27.86000,104.54000,0,70000000000.0,地表,715.25
YN,C2317,C2317,27.98000,104.19000,0,70000000000.0,地表,408.91
YN,C2902,C2902,27.84000,104.79000,0,70000000000.0,地表,842.00
YN,C2831,C2831,27.85000,104.46000,0,70000000000.0,地表,900.00
YN,C2321,C2321,27.87000,104.37000,0,70000000000.0,地表,885.26
YN,C2611,C2611,28.57000,103.85000,0,70000000000.0,地表,717.54
YN,C2606,C2606,28.66000,103.86000,0,70000000000.0,地表,900.00
YN,CY007,CY007,28.32000,103.88000,0,70000000000.0,地表,480.78
SC,Q2906,Q2906,28.67000,103.84000,0,70000000000.0,地表,900.00
YN,C2901,C2901,27.79000,104.84000,0,70000000000.0,地表,672.33
YN,C2325,C2325,27.95000,104.11000,0,70000000000.0,地表,779.43
YN,CY006,CY006,27.77000,104.58000,0,70000000000.0,地表,748.82
YN,C2721,C2721,27.76000,104.76000,0,70000000000.0,地表,829.50
YN,CD001,CD001,28.01000,104.01000,0,70000000000.0,地表,639.85
YN,CY010,CY010,28.20000,103.85000,0,70000000000.0,地表,900.00
YN,C2817,C2817,27.77000,104.39000,0,70000000000.0,地表,572.84
YN,C2707,C2707,27.73000,104.69000,0,70000000000.0,地表,651.29
SC,W3707,雷波马湖台,28.35000,103.77000,0,70000000000.0,地表,900.00
YN,C2908,C2908,27.79000,105.04000,0,70000000000.0,地表,814.34
YN,C2815,C2815,27.84000,104.19000,0,70000000000.0,地表,900.00
SC,W3702,雷波柑子台,28.50000,103.74000,0,70000000000.0,地表,900.00
YN,C2708,C2708,27.70000,104.79000,0,70000000000.0,地表,811.96
YN,C2423,C2423,27.91000,104.00000,0,70000000000.0,地表,900.00
YN,C2412,C2412,28.05000,103.86000,0,70000000000.0,地表,900.00
YN,C2736,C2736,27.66000,104.70000,0,70000000000.0,地表,854.25
YN,C2838,C2838,27.73000,104.27000,0,70000000000.0,地表,621.55
YN,C2712,C2712,27.65000,104.63000,0,70000000000.0,地表,657.01
YN,C2728,C2728,27.68000,104.37000,0,70000000000.0,地表,574.60
YN,C2816,C2816,27.74000,104.14000,0,70000000000.0,地表,769.88
YN,C2415,C2415,27.84000,103.98000,0,70000000000.0,地表,900.00
YN,C2422,C2422,28.00000,103.78000,0,70000000000.0,地表,844.28
YN,C2719,C2719,27.61000,104.93000,0,70000000000.0,地表,702.72
YN,CZ002,CZ002,27.57000,104.72000,0,70000000000.0,地表,633.81
YN,C2703,C2703,27.59000,104.99000,0,70000000000.0,地表,577.69
SC,LBO,雷波台,28.27000,103.57000,0,70000000000.0,基岩,900.00
YN,C2425,C2425,27.81000,103.87000,0,70000000000.0,地表,900.00
YN,C2727,C2727,27.52000,104.69000,0,70000000000.0,地表,658.26
YN,C2701,C2701,27.51000,104.83000,0,70000000000.0,地表,699.50
YN,C2832,C2832,27.58000,104.21000,0,70000000000.0,地表,688.22
YN,C2525,C2525,28.12000,103.53000,0,70000000000.0,地表,900.00
YN,CYS01,CYS01,28.01000,103.54000,0,70000000000.0,基岩,900.00
YN,C0233,C0233,27.62000,103.92000,0,70000000000.0,地表,900.00
YN,C2419,C2419,27.74000,103.76000,0,70000000000.0,地表,900.00
YN,C2734,C2734,27.41000,104.51000,0,70000000000.0,地表,622.07
YN,C2735,C2735,27.36000,104.73000,0,70000000000.0,地表,900.00
YN,C2518,C2518,27.87000,103.56000,0,70000000000.0,地表,900.00
YN,C0221,C0221,27.57000,103.89000,0,70000000000.0,地表,312.97
YN,C2835,C2835,27.50000,104.00000,0,70000000000.0,地表,900.00
YN,C2730,C2730,27.34000,104.56000,0,70000000000.0,地表,678.34
YN,C2839,C2839,27.44000,104.10000,0,70000000000.0,地表,900.00
YN,CY005,CY005,27.38000,104.26000,0,70000000000.0,地表,709.87
YN,C2533,C2533,27.70000,103.64000,0,70000000000.0,地表,494.38
YN,C2830,C2830,27.44000,103.97000,0,70000000000.0,地表,535.97
YN,C0226,C0226,27.61000,103.68000,0,70000000000.0,地表,592.58
YN,CZ004,CZ004,27.55000,103.75000,0,70000000000.0,地表,611.48
SC,W3609,美姑瓦西台,28.55000,103.17000,0,70000000000.0,地表,788.95
SC,MGLH,MGLH,28.14000,103.21000,0,70000000000.0,基岩,900.00
SC,WJ002,WJ002,27.78000,103.40000,0,70000000000.0,地表,900.00
YN,C0218,C0218,27.42000,103.74000,0,70000000000.0,地表,456.32
SC,W3004,金阳红峰台,27.74000,103.30000,0,70000000000.0,地表,900.00
YN,C2532,C2532,27.61000,103.38000,0,70000000000.0,地表,900.00
YN,C0222,C0222,27.38000,103.59000,0,70000000000.0,地表,330.25
YN,C2522,C2522,27.62000,103.31000,0,70000000000.0,地表,900.00
YN,C0223,C0223,27.29000,103.64000,0,70000000000.0,地表,503.81
YN,C2118,C2118,27.43000,103.44000,0,70000000000.0,地表,350.03
YN,CL001,CL001,27.22000,103.60000,0,70000000000.0,地表,202.78
YN,CZ003,CZ003,27.41000,103.31000,0,70000000000.0,地表,307.90
YN,CL004,CL004,27.20000,103.55000,0,70000000000.0,地表,599.88
YN,C2115,C2115,27.25000,103.41000,0,70000000000.0,地表,539.35
YN,C2123,C2123,27.36000,103.25000,0,70000000000.0,地表,900.00
YN,C2124,C2124,27.25000,103.33000,0,70000000000.0,地表,525.98
YN,C2128,C2128,27.11000,103.48000,0,70000000000.0,地表,551.85
YN,C2121,C2121,27.13000,103.33000,0,70000000000.0,地表,900.00
YN,CQJ05,CQJ05,27.23000,103.19000,0,70000000000.0,基岩,839.01
YN,C2120,C2120,27.06000,103.36000,0,70000000000.0,地表,755.36
YN,C2220,C2220,27.09000,103.24000,0,70000000000.0,地表,626.28
SC,T0302,T0302,30.04000,103.20000,0,70000000000.0,地表,351.83
SC,Q2603,Q2603,28.47000,104.70000,0,70000000000.0,地表,698.27
SC,C0301,C0301,29.16000,104.54000,0,70000000000.0,地表,291.96
SC,E0301,E0301,28.66000,105.48000,0,70000000000.0,地表,435.28
SC,C2101,C2101,29.25000,104.43000,0,70000000000.0,地表,255.52
SC,K2802,K2802,29.28000,105.15000,0,70000000000.0,地表,395.87
SC,W3713,雷波西宁台,28.55000,103.68000,0,70000000000.0,地表,900.00
SC,C0403,C0403,29.40000,104.78000,0,70000000000.0,地表,269.70
SC,C2102,C2102,29.38000,104.43000,0,70000000000.0,地表,295.77
SC,E2101,E2101,28.98000,105.57000,0,70000000000.0,地表,750.64
SC,CR001,CR001,29.46000,104.43000,0,70000000000.0,地表,294.40
SC,K2404,K2404,29.49000,104.55000,0,70000000000.0,地表,371.60
SC,KW001,KW001,29.54000,104.71000,0,70000000000.0,地表,301.44
YN,C2417,C2417,27.83000,103.79000,0,70000000000.0,地表,900.00
YN,C2829,C2829,27.59000,104.01000,0,70000000000.0,地表,778.20
YN,C2416,C2416,27.67000,103.88000,0,70000000000.0,地表,900.00
SC,K2403,K2403,29.64000,104.53000,0,70000000000.0,地表,645.82
SC,K2501,K2501,29.67000,104.84000,0,70000000000.0,地表,453.12
SC,Z2103,Z2103,29.82000,104.37000,0,70000000000.0,地表,505.21
SC,L0201,L0201,29.53000,103.69000,0,70000000000.0,地表,228.51
YN,C2530,C2530,27.67000,103.50000,0,70000000000.0,地表,431.47
SC,K2504,K2504,29.93000,104.66000,0,70000000000.0,地表,448.87
SC,Z2109,Z2109,29.92000,104.40000,0,70000000000.0,地表,353.74
SC,L8102,L8102,29.44000,103.44000,0,70000000000.0,地表,484.89
SC,RSBD,RSBD,29.99000,104.44000,0,70000000000.0,基岩,319.54
SC,M0202,M0202,30.01000,104.58000,0,70000000000.0,地表,368.63
SC,M0201,M0201,30.02000,104.83000,0,70000000000.0,地表,259.94
SC,M2101,M2101,30.01000,105.01000,0,70000000000.0,地表,247.48
SC,Z0202,Z0202,30.01000,103.98000,0,70000000000.0,地表,299.18
SC,ZH001,ZH001,29.72000,103.23000,0,70000000000.0,地表,335.72
SC,F8303,F8303,31.56000,104.11000,0,70000000000.0,地表,758.32
SC,MZQP,MZQP,31.52000,104.10000,0,70000000000.0,基岩,499.41
SC,MXI,茂县台,31.68000,103.85000,0,70000000000.0,基岩,552.09
SC,U2302,U2302,31.75000,104.00000,0,70000000000.0,地表,596.00
SC,BA001,BA001,31.63000,104.20000,0,70000000000.0,地表,529.62
SC,MXTM,MXTM,31.77000,104.07000,0,70000000000.0,基岩,688.59
SC,F8201,F8201,31.37000,104.02000,0,70000000000.0,地表,497.23
SC,UX002,UX002,31.58000,103.73000,0,70000000000.0,地表,900.00
SC,U2308,U2308,31.76000,103.83000,0,70000000000.0,地表,900.00
SC,B0501,B0501,31.54000,104.27000,0,70000000000.0,地表,429.18
SC,FS004,FS004,31.40000,104.22000,0,70000000000.0,地表,284.93
SC,B0571,B0571台,31.74000,104.26000,0,70000000000.0,地表,900.00
SC,FM001,FM001,31.31000,104.06000,0,70000000000.0,地表,900.00
SC,F8304,F8304,31.31000,104.10000,0,70000000000.0,地表,285.78
SC,BB004,BB004,31.85000,104.15000,0,70000000000.0,地表,697.78
SC,FS003,FS003,31.28000,104.00000,0,70000000000.0,地表,711.85
SC,SFBC,SFBC,31.28000,104.00000,0,70000000000.0,基岩,711.85
SC,B2603,B2603,31.90000,104.10000,0,70000000000.0,地表,658.14
SC,F8302,F8302,31.32000,104.28000,0,70000000000.0,地表,261.39
SC,B0503,B0503,31.56000,104.42000,0,70000000000.0,地表,398.07
SC,F8202,F8202,31.22000,104.06000,0,70000000000.0,地表,303.60
SC,BB005,BB005,31.64000,104.43000,0,70000000000.0,地表,506.50
SC,A8201,A8201,31.21000,103.91000,0,70000000000.0,地表,900.00
SC,U2101,U2101,31.57000,103.55000,0,70000000000.0,地表,824.36
SC,BA002,BA002,31.46000,104.43000,0,70000000000.0,地表,247.45
SC,B0502,B0502,31.74000,104.42000,0,70000000000.0,地表,900.00
SC,A8271,A8271台,31.23000,103.78000,0,70000000000.0,地表,799.09
SC,BB001,BB001,31.62000,104.47000,0,70000000000.0,地表,505.69
SC,F2602,F2602,31.35000,104.39000,0,70000000000.0,地表,284.21
SC,B2605,B2605,31.98000,104.15000,0,70000000000.0,地表,900.00
SC,FS001,FS001,31.17000,104.16000,0,70000000000.0,地表,276.94
SC,A8205,A8205,31.17000,103.83000,0,70000000000.0,地表,473.04
SC,BB003,BB003,31.96000,104.26000,0,70000000000.0,地表,900.00
SC,A8206,A8206,31.19000,103.75000,0,70000000000.0,地表,717.25
SC,BCQS,BCQS,31.82000,104.46000,0,70000000000.0,基岩,900.00
SC,B2607,B2607,32.01000,104.20000,0,70000000000.0,地表,438.72
SC,UX003,UX003,31.88000,103.57000,0,70000000000.0,地表,900.00
SC,PZDJS,PZDJS,31.11000,103.89000,0,70000000000.0,基岩,730.80
SC,UW001,UW001,31.34000,103.49000,0,70000000000.0,地表,900.00
SC,B2608,B2608,31.90000,104.45000,0,70000000000.0,地表,900.00
SC,LJBMG,LJBMG,31.27000,104.46000,0,70000000000.0,基岩,560.72
SC,AZ001,AZ001,31.09000,103.86000,0,70000000000.0,地表,448.59
SC,A8103,A8103,31.16000,103.67000,0,70000000000.0,地表,629.29
SC,B8112,B8112,31.65000,104.59000,0,70000000000.0,地表,540.96
SC,A8202,A8202,31.11000,103.76000,0,70000000000.0,地表,435.94
SC,U2203,U2203,31.56000,103.40000,0,70000000000.0,地表,501.23
SC,F0302,F0302,31.18000,104.38000,0,70000000000.0,地表,242.20
SC,B0305,B0305,31.43000,104.60000,0,70000000000.0,地表,333.52
SC,F8101,F8101,31.11000,104.30000,0,70000000000.0,地表,244.58
SC,U2304,U2304,31.87000,103.47000,0,70000000000.0,地表,900.00
SC,BJ001,BJ001,31.77000,104.60000,0,70000000000.0,地表,831.13
SC,B2606,B2606,31.83000,104.57000,0,70000000000.0,地表,529.73
SC,BCPK,BCPK,32.12000,104.15000,0,70000000000.0,基岩,563.30
SC,B0306,B0306,31.57000,104.66000,0,70000000000.0,地表,458.80
SC,UL003,UL003,31.57000,103.34000,0,70000000000.0,地表,681.95
SC,F0301,F0301,31.17000,104.48000,0,70000000000.0,地表,366.77
SC,B8106,B8106,31.70000,104.67000,0,70000000000.0,地表,273.81
SC,A8102,A8102,31.07000,103.64000,0,70000000000.0,地表,900.00
SC,U2307,U2307,32.13000,103.73000,0,70000000000.0,地表,687.99
SC,HSSEG,HSSEG,31.94000,103.42000,0,70000000000.0,基岩,900.00
SC,B2601,B2601,31.94000,104.59000,0,70000000000.0,地表,606.74
SC,U2202,U2202,31.49000,103.28000,0,70000000000.0,地表,900.00
SC,B0307,B0307,31.40000,104.71000,0,70000000000.0,地表,326.38
SC,B8107,B8107,31.79000,104.72000,0,70000000000.0,地表,488.73
SC,B2712,B2712,32.23000,104.11000,0,70000000000.0,地表,900.00
SC,B0304,B0304,31.29000,104.70000,0,70000000000.0,地表,291.99
SC,U2204,U2204,31.61000,103.22000,0,70000000000.0,地表,900.00
SC,BB002,BB002,31.98000,104.64000,0,70000000000.0,地表,832.78
SC,UL001,UL001,31.50000,103.21000,0,70000000000.0,地表,900.00
SC,B0404,B0404,31.56000,104.80000,0,70000000000.0,地表,611.03
SC,F8102,F8102,30.91000,104.21000,0,70000000000.0,地表,226.18
SC,FG001,FG001,30.97000,104.39000,0,70000000000.0,地表,241.70
SC,B0403,B0403,31.43000,104.80000,0,70000000000.0,地表,466.16
SC,B2713,B2713,32.16000,104.47000,0,70000000000.0,地表,531.64
SC,A1401,A1401,30.88000,104.12000,0,70000000000.0,地表,227.06
SC,B2703,B2703,32.14000,104.52000,0,70000000000.0,地表,691.65
SC,F2309,F2309,31.17000,104.70000,0,70000000000.0,地表,428.05
SC,LXZGL,LXZGL,31.44000,103.16000,0,70000000000.0,基岩,437.40
SC,BX002,BX002,31.62000,104.86000,0,70000000000.0,地表,368.14
SC,BJ004,BJ004,31.91000,104.78000,0,70000000000.0,地表,785.98
SC,A2402,A2402,30.83000,104.05000,0,70000000000.0,地表,232.80
SC,LXSM,LXSM,31.69000,103.13000,0,70000000000.0,基岩,900.00
SC,B2709,B2709,32.06000,104.70000,0,70000000000.0,地表,868.69
SC,U2803,U2803,32.09000,103.32000,0,70000000000.0,地表,705.53
SC,U2201,U2201,31.41000,103.11000,0,70000000000.0,地表,900.00
SC,B0407,B0407,31.54000,104.92000,0,70000000000.0,地表,564.95
SC,UH003,UH003,32.06000,103.26000,0,70000000000.0,地表,900.00
SC,B2716,B2716,32.25000,104.50000,0,70000000000.0,地表,900.00
SC,F2304,F2304,31.04000,104.70000,0,70000000000.0,地表,324.93
SC,B2708,B2708,32.16000,104.67000,0,70000000000.0,地表,588.77
SC,SPMJ,SPMJ,32.37000,103.74000,0,70000000000.0,基岩,900.00
SC,B2714,B2714,32.39000,104.16000,0,70000000000.0,地表,801.29
SC,B2205,B2205,31.25000,104.88000,0,70000000000.0,地表,299.62
SC,B0406,B0406,31.69000,104.96000,0,70000000000.0,地表,254.75
SC,B8110,B8110,31.92000,104.89000,0,70000000000.0,地表,287.18
SC,AQ001,AQ001,30.78000,104.28000,0,70000000000.0,地表,270.39
SC,B2702,B2702,32.36000,104.39000,0,70000000000.0,地表,426.50
SC,B2202,B2202,31.29000,104.93000,0,70000000000.0,地表,334.10
SC,A0801,A0801,30.72000,104.10000,0,70000000000.0,地表,219.23
SC,B2715,B2715,32.11000,104.80000,0,70000000000.0,地表,575.39
SC,F2307,F2307,30.87000,104.58000,0,70000000000.0,地表,449.37
SC,A8401,A8401,30.84000,103.45000,0,70000000000.0,地表,900.00
SC,U2404,U2404,32.35000,103.45000,0,70000000000.0,地表,592.35
SC,U2802,U2802,32.08000,103.12000,0,70000000000.0,地表,900.00
SC,F2310,F2310,30.93000,104.73000,0,70000000000.0,地表,242.42
SC,B2711,B2711,32.34000,104.58000,0,70000000000.0,地表,900.00
SC,U2806,U2806,32.17000,103.19000,0,70000000000.0,地表,900.00
SC,B2203,B2203,31.04000,104.86000,0,70000000000.0,地表,350.23
SC,BJ003,BJ003,31.95000,104.98000,0,70000000000.0,地表,286.34
SC,A1301,A1301,30.70000,104.34000,0,70000000000.0,地表,462.32
SC,A1205,A1205,30.67000,104.21000,0,70000000000.0,地表,240.54
SC,B2701,B2701,32.26000,104.74000,0,70000000000.0,地表,667.67
SC,B2706,B2706,32.51000,103.99000,0,70000000000.0,地表,549.50
SC,B2204,B2204,31.18000,104.99000,0,70000000000.0,地表,676.41
SC,A8471,A8471台,30.80000,103.39000,0,70000000000.0,地表,689.90
SC,BP001,BP001,32.20000,104.83000,0,70000000000.0,地表,577.17
SC,UH001,UH001,32.29000,103.27000,0,70000000000.0,地表,900.00
SC,U0101,U0101,32.07000,103.05000,0,70000000000.0,地表,900.00
SC,B2704,B2704,32.48000,104.38000,0,70000000000.0,地表,599.41
SC,FZ001,FZ001,30.89000,104.78000,0,70000000000.0,地表,250.51
SC,A2104,A2104,30.68000,104.40000,0,70000000000.0,地表,617.45
SC,A1204,A1204,30.63000,104.20000,0,70000000000.0,地表,254.52
SC,B2705,B2705,32.38000,104.72000,0,70000000000.0,地表,568.66
SC,A1202,A1202,30.60000,104.36000,0,70000000000.0,地表,413.56
SC,B2710,B2710,32.26000,104.93000,0,70000000000.0,地表,633.05
SC,B2707,B2707,32.53000,104.52000,0,70000000000.0,地表,900.00
SC,U2805,U2805,32.35000,103.14000,0,70000000000.0,地表,836.64
SC,B2206,B2206,30.94000,104.99000,0,70000000000.0,地表,359.50
SC,F2303,F2303,30.78000,104.86000,0,70000000000.0,地表,582.11
SC,H2210,H2210,32.45000,104.82000,0,70000000000.0,地表,581.18
SC,H2204,H2204,32.37000,104.96000,0,70000000000.0,地表,824.70
SC,DYXL,DYXL,30.64000,103.24000,0,70000000000.0,基岩,490.98
SC,A2105,A2105,30.62000,104.75000,0,70000000000.0,地表,343.99
SC,A2903,A2903,30.59000,103.27000,0,70000000000.0,地表,571.62
SC,F2301,F2301,30.64000,104.85000,0,70000000000.0,地表,344.08
SC,F8301,F8301,31.46000,104.18000,0,70000000000.0,地表,900.00
SC,U2301,U2301,31.80000,103.74000,0,70000000000.0,地表,762.43
SC,U2303,U2303,31.82000,103.63000,0,70000000000.0,地表,458.19
SC,U2305,U2305,31.79000,103.57000,0,70000000000.0,地表,881.07
SC,B2604,B2604,32.04000,104.01000,0,70000000000.0,地表,900.00
SC,UX001,UX001,32.04000,103.68000,0,70000000000.0,地表,900.00
SC,U2310,U2310,31.79000,103.86000,0,70000000000.0,地表,743.59
SC,PSLMS,PSLMS,31.26000,103.81000,0,70000000000.0,基岩,610.22
SC,U2306,U2306,31.89000,103.69000,0,70000000000.0,地表,870.24
SC,F8203,F8203,31.10000,104.06000,0,70000000000.0,地表,268.88
SC,FS002,FS002,31.06000,104.12000,0,70000000000.0,地表,242.93
SC,AY001,AY001,31.09000,103.72000,0,70000000000.0,地表,330.18
SC,U2309,U2309,31.89000,103.41000,0,70000000000.0,地表,731.97
SC,A8203,A8203,31.02000,103.79000,0,70000000000.0,地表,353.27
SC,FJ001,FJ001,31.14000,104.44000,0,70000000000.0,地表,227.85
SC,U2103,U2103,31.14000,103.48000,0,70000000000.0,地表,586.41
SC,A8101,A8101,30.96000,103.84000,0,70000000000.0,地表,260.84
SC,B0303,B0303,31.44000,104.71000,0,70000000000.0,地表,587.37
SC,A8105,A8105,31.02000,103.60000,0,70000000000.0,地表,739.22
SC,U2104,U2104,31.05000,103.48000,0,70000000000.0,地表,732.43
SC,U2409,U2409,32.24000,103.77000,0,70000000000.0,地表,900.00
SC,U2408,U2408,32.28000,103.74000,0,70000000000.0,地表,900.00
SC,F2302,F2302,31.06000,104.58000,0,70000000000.0,地表,455.81
SC,FCFG,FCFG,31.35000,104.80000,0,70000000000.0,基岩,412.85
SC,A1403,A1403,30.84000,104.15000,0,70000000000.0,地表,221.71
SC,A2102,A2102,30.91000,104.43000,0,70000000000.0,地表,427.55
SC,F2306,F2306,30.96000,104.53000,0,70000000000.0,地表,638.73
SC,A8104,A8104,30.91000,103.48000,0,70000000000.0,地表,642.80
SC,B8109,B8109,31.79000,104.88000,0,70000000000.0,地表,393.31
SC,A1503,A1503,30.80000,103.76000,0,70000000000.0,地表,253.38
SC,BS001,BS001,31.14000,104.77000,0,70000000000.0,地表,385.69
SC,A1504,A1504,30.78000,103.77000,0,70000000000.0,地表,251.16
SC,A1402,A1402,30.75000,104.22000,0,70000000000.0,地表,238.24
SC,A1502,A1502,30.71000,103.85000,0,70000000000.0,地表,236.76
SC,A2106,A2106,30.77000,104.40000,0,70000000000.0,地表,248.25
SC,QBJQQ,QBJQQ,30.76000,104.45000,0,70000000000.0,基岩,473.82
SC,A1302,A1302,30.66000,103.99000,0,70000000000.0,地表,219.66
SC,AJ001,AJ001,30.66000,104.01000,0,70000000000.0,地表,231.60
SC,AC001,AC001,30.76000,103.44000,0,70000000000.0,地表,778.63
SC,A1501,A1501,30.64000,103.84000,0,70000000000.0,地表,239.35
SC,A2904,A2904,30.68000,103.53000,0,70000000000.0,地表,421.76
SC,A1201,A1201,30.63000,104.27000,0,70000000000.0,地表,250.89
SC,STGJ,STGJ,31.01000,104.96000,0,70000000000.0,基岩,420.11
SC,A2906,A2906,30.69000,103.39000,0,70000000000.0,地表,471.26
SC,A2101,A2101,30.72000,104.63000,0,70000000000.0,地表,251.32
SC,A2902,A2902,30.64000,103.43000,0,70000000000.0,地表,332.39
SC,DYJTS,DYJTS,30.59000,103.47000,0,70000000000.0,基岩,432.82
YN,PY006,PY006,26.00000,100.58000,0,70000000000.0,地表,406.85
YN,PYS02,PYS02,26.02000,100.51000,0,70000000000.0,基岩,513.69
YN,LBC01,LBC01,25.85000,100.52000,0,70000000000.0,地表,471.67
YN,L2409,L2409,25.83000,100.58000,0,70000000000.0,地表,255.76
YN,L2402,L2402,25.94000,100.38000,0,70000000000.0,地表,617.85
YN,L2408,L2408,25.79000,100.47000,0,70000000000.0,地表,342.24
YN,L2411,L2411,25.75000,100.59000,0,70000000000.0,地表,500.85
YN,L2303,L2303,25.82000,100.75000,0,70000000000.0,地表,626.32
YN,L2404,L2404,26.05000,100.80000,0,70000000000.0,地表,564.89
YN,LB001,LB001,25.70000,100.52000,0,70000000000.0,地表,306.80
YN,L2401,L2401,25.73000,100.43000,0,70000000000.0,地表,782.36
YN,L2403,L2403,25.91000,100.88000,0,70000000000.0,地表,900.00
YN,L2305,L2305,25.69000,100.77000,0,70000000000.0,地表,508.61
YN,PYS01,PYS01,26.25000,100.72000,0,70000000000.0,基岩,900.00
YN,L2405,L2405,25.62000,100.61000,0,70000000000.0,地表,430.37
YN,L0103,L0103,25.84000,100.23000,0,70000000000.0,地表,388.83
YN,P2204,P2204,26.31000,100.63000,0,70000000000.0,地表,699.37
YN,LD002,LD002,25.72000,100.26000,0,70000000000.0,地表,600.00
YN,E2603,E2603,25.88000,101.01000,0,70000000000.0,地表,693.06
YN,L0105,L0105,25.86000,100.13000,0,70000000000.0,地表,258.19
YN,LD001,LD001,25.58000,100.32000,0,70000000000.0,地表,309.19
YN,LD005,LD005,25.79000,100.12000,0,70000000000.0,地表,324.97
YN,LE004,LE004,26.03000,100.08000,0,70000000000.0,地表,225.17
YN,L0101,L0101,25.70000,100.15000,0,70000000000.0,地表,536.57
YN,L2301,L2301,25.59000,100.91000,0,70000000000.0,地表,419.51
YN,L2307,L2307,25.47000,100.58000,0,70000000000.0,地表,242.65
YN,P2209,P2209,26.17000,100.44000,0,70000000000.0,地表,522.63
YN,L2406,L2406,26.17000,100.80000,0,70000000000.0,地表,900.00
YN,L2410,L2410,25.93000,100.57000,0,70000000000.0,地表,359.56
YN,L2407,L2407,25.71000,100.36000,0,70000000000.0,地表,896.26
YN,LD004,LD004,25.91000,100.19000,0,70000000000.0,地表,600.00
YN,P2202,P2202,26.30000,100.94000,0,70000000000.0,地表,900.00
YN,PY002,PY002,26.46000,100.68000,0,70000000000.0,地表,603.17
YN,P2205,P2205,26.56000,100.47000,0,70000000000.0,地表,900.00
YN,LYB01,LYB01,25.71000,99.95000,0,70000000000.0,基岩,465.22
YN,L3204,L3204,26.51000,100.20000,0,70000000000.0,地表,230.91
YN,P2306,P2306,26.60000,101.28000,0,70000000000.0,地表,500.25
QH,HC036,HC036,37.85000,95.36000,0,70000000000.0,地表,395.96
QH,HC070,HC070,37.31000,95.55000,0,70000000000.0,地表,473.74
QH,HG067,HG067,36.78000,95.25000,0,70000000000.0,地表,200.74
QH,HL038,HL038,37.35000,96.75000,0,70000000000.0,地表,306.54
QH,HG033,HG033,36.44000,95.75000,0,70000000000.0,地表,282.29
QH,HG032,HG032,36.43000,94.87000,0,70000000000.0,地表,261.98
XJ,NB003,NB003,41.99000,81.54000,0,70000000000.0,地表,365.05
XJ,N0024,N0024,41.65000,81.73000,0,70000000000.0,地表,282.33
XJ,N0005,N0005,41.74000,80.63000,0,70000000000.0,地表,527.01
XJ,N0007,N0007,41.56000,80.66000,0,70000000000.0,地表,581.80
XJ,N0002,N0002,41.33000,80.83000,0,70000000000.0,地表,277.47
XJ,NB001,NB001,41.80000,81.86000,0,70000000000.0,地表,267.19
XJ,N0036,N0036,41.44000,81.80000,0,70000000000.0,地表,275.81
XJ,N0025,N0025,41.71000,81.97000,0,70000000000.0,地表,295.06
XJ,N0003,N0003,41.18000,80.81000,0,70000000000.0,地表,246.05
XJ,N006A,N006A,41.02000,80.97000,0,70000000000.0,地表,223.16
XJ,N0044,N0044,41.30000,82.09000,0,70000000000.0,地表,180.00
XJ,N001D,N001D,40.92000,80.35000,0,70000000000.0,地表,212.99
XJ,N0054,N0054,40.84000,80.33000,0,70000000000.0,地表,266.55
SC,E2401,E2401,27.88000,105.27000,0,70000000000.0,地表,799.11
SC,LBHL,LBHL,28.44000,103.77000,0,70000000000.0,基岩,499.18
YN,C2914,C2914,27.83000,105.23000,0,70000000000.0,地表,769.13
SC,CT001,CT001,29.38000,104.78000,0,70000000000.0,地表,554.58
GZ,CC001,CC001,28.56000,105.71000,0,70000000000.0,地表,679.48
YN,CD002,CD002,27.89000,103.90000,0,70000000000.0,地表,900.00
YN,C2420,C2420,27.93000,103.83000,0,70000000000.0,地表,646.78
SC,LQ001,LQ001,29.20000,103.94000,0,70000000000.0,地表,431.69
YN,C2418,C2418,27.69000,103.98000,0,70000000000.0,地表,900.00
SC,L2901,沐川利店台,28.94000,103.63000,0,70000000000.0,地表,581.31
YN,C2840,C2840,27.58000,104.14000,0,70000000000.0,地表,900.00
YN,C2833,C2833,27.46000,104.32000,0,70000000000.0,地表,562.68
YN,C2527,C2527,27.84000,103.71000,0,70000000000.0,地表,900.00
YN,ZHX,ZHX,27.41000,104.81000,0,70000000000.0,基岩,711.44
YN,C2713,C2713,27.38000,104.65000,0,70000000000.0,地表,625.70
CQ,ROCSH,ROCSH,29.34000,105.65000,0,70000000000.0,基岩,773.66
SC,LY001,LY001,29.53000,104.00000,0,70000000000.0,地表,247.37
SC,EH002,EH002,28.92000,105.98000,0,70000000000.0,地表,601.69
SC,SWHL,SWHL,29.32000,103.58000,0,70000000000.0,基岩,424.49
SC,K2503,K2503,29.82000,104.52000,0,70000000000.0,地表,427.98
SC,LS001,LS001,29.68000,103.95000,0,70000000000.0,地表,298.23
YN,C2517,C2517,27.71000,103.42000,0,70000000000.0,地表,900.00
SC,MGYGJ,MGYGJ,28.59000,103.12000,0,70000000000.0,基岩,317.94
SC,MGU,美姑台,28.33000,103.13000,0,70000000000.0,基岩,881.47
SC,EH003,EH003,28.71000,106.25000,0,70000000000.0,地表,900.00
SC,W3605,美姑龙门台,28.44000,103.10000,0,70000000000.0,地表,377.90
SC,W3610,美姑依果觉台,28.50000,103.08000,0,70000000000.0,地表,532.96
SC,ZZLJ,ZZLJ,29.91000,105.03000,0,70000000000.0,基岩,271.60
SC,W3602,美姑尔其台,28.14000,103.11000,0,70000000000.0,地表,900.00
SC,W3601,美姑典补台,28.35000,103.05000,0,70000000000.0,地表,751.04
SC,L3206,L3206,29.03000,103.14000,0,70000000000.0,地表,694.51
SC,EBDB,EBDB,29.10000,103.17000,0,70000000000.0,基岩,853.64
SC,L3202,L3202,28.77000,103.04000,0,70000000000.0,地表,537.92
SC,LE001,LE001,28.98000,103.07000,0,70000000000.0,地表,726.43
CQ,JD001,JD001,29.72000,105.71000,0,70000000000.0,地表,774.89
SC,ZQ001,ZQ001,29.84000,103.87000,0,70000000000.0,地表,381.82
SC,E2501,E2501,27.84000,106.24000,0,70000000000.0,地表,900.00
CQ,JJML,JJML,29.18000,106.25000,0,70000000000.0,基岩,590.88
SC,WM002,WM002,28.52000,102.95000,0,70000000000.0,地表,768.58
SC,W3603,美姑侯博乃拖台,28.43000,102.95000,0,70000000000.0,地表,900.00
SC,W3102,昭觉格五台,28.01000,103.04000,0,70000000000.0,地表,652.24
SC,L3201,L3201,29.17000,103.11000,0,70000000000.0,地表,673.08
SC,W3607,美姑牛牛坝台,28.34000,102.95000,0,70000000000.0,地表,780.17
SC,W3608,美姑苏洛台,28.42000,102.92000,0,70000000000.0,地表,900.00
YN,C0232,C0232,27.30000,103.54000,0,70000000000.0,地表,379.70
SC,MA001,MA001,30.04000,105.09000,0,70000000000.0,地表,308.75
CQ,F0001,F0001,29.29000,106.25000,0,70000000000.0,地表,900.00
GZ,FD001,FD001,27.13000,105.60000,0,70000000000.0,地表,856.24
SC,Z2107,Z2107,30.07000,104.37000,0,70000000000.0,地表,299.12
SC,MY001,MY001,30.10000,104.68000,0,70000000000.0,地表,460.54
SC,LH001,LH001,29.25000,103.08000,0,70000000000.0,地表,900.00
CQ,FS001,FS001,29.33000,106.26000,0,70000000000.0,地表,568.94
SC,W3501,甘洛阿嘎台,28.74000,102.88000,0,70000000000.0,地表,900.00
SC,M0206,M0206,30.14000,104.80000,0,70000000000.0,地表,324.73
SC,Z2102,Z2102,30.08000,104.14000,0,70000000000.0,地表,399.17
CQ,BISDX,BISDX,29.53000,106.16000,0,70000000000.0,基岩,900.00
SC,ZD001,ZD001,29.93000,103.74000,0,70000000000.0,地表,293.83
SC,A8504,A8504,30.14000,104.42000,0,70000000000.0,地表,350.51
SC,M0205,M0205,30.14000,105.03000,0,70000000000.0,地表,318.02
SC,W3106,昭觉气象台,28.05000,102.87000,0,70000000000.0,地表,454.28
SC,W3105,昭觉库依台,28.16000,102.83000,0,70000000000.0,地表,571.38
CQ,E0003,E0003,29.61000,106.13000,0,70000000000.0,地表,900.00
SC,Z2106,Z2106,30.15000,104.30000,0,70000000000.0,地表,265.72
SC,JKHYS,JKHYS,29.38000,103.05000,0,70000000000.0,基岩,709.51
SC,W3402,越西保石台,28.36000,102.77000,0,70000000000.0,地表,678.90
SC,W2904,布拖俄里坪台,27.83000,102.92000,0,70000000000.0,地表,874.18
SC,WG002,WG002,28.88000,102.80000,0,70000000000.0,地表,781.92
SC,DPDS,DPDS,30.06000,103.88000,0,70000000000.0,基岩,483.61
SC,W3504,甘洛斯觉台,28.84000,102.77000,0,70000000000.0,地表,795.06
SC,M2202,M2202,30.18000,105.18000,0,70000000000.0,地表,327.95
SC,W3409,越西竹阿觉台,28.44000,102.72000,0,70000000000.0,地表,758.06
SC,M0203,M0203,30.25000,104.68000,0,70000000000.0,地表,280.10
SC,Z0201,Z0201,30.03000,103.71000,0,70000000000.0,地表,321.39
SC,W3503,甘洛气象台,28.97000,102.77000,0,70000000000.0,地表,710.67
SC,Z0204,Z0204,29.97000,103.59000,0,70000000000.0,地表,293.22
SC,HYWWS,HYWWS,29.58000,103.11000,0,70000000000.0,基岩,565.67
SC,M2204,M2204,30.26000,104.84000,0,70000000000.0,地表,312.34
CQ,EB001,EB001,29.66000,106.22000,0,70000000000.0,地表,746.27
SC,A8503,A8503,30.27000,104.52000,0,70000000000.0,地表,326.58
SC,T2303,汉源乌斯河台,29.21000,102.84000,0,70000000000.0,地表,487.59
SC,TH002,TH002,29.28000,102.87000,0,70000000000.0,地表,900.00
CQ,NQ001,NQ001,29.03000,106.63000,0,70000000000.0,地表,900.00
SC,W3506,甘洛玉田台,28.94000,102.72000,0,70000000000.0,地表,660.06
SC,Z0205,Z0205,30.09000,103.74000,0,70000000000.0,地表,250.81
SC,M2203,M2203,30.26000,105.12000,0,70000000000.0,地表,219.51
SC,T2304,T2304,29.36000,102.89000,0,70000000000.0,地表,900.00
SC,A8501,A8501,30.28000,104.37000,0,70000000000.0,地表,211.16
SC,W3508,甘洛沙岱台,29.13000,102.77000,0,70000000000.0,地表,900.00
SC,Z2305,Z2305,29.66000,103.11000,0,70000000000.0,地表,583.77
SC,A8510,A8510,30.27000,104.24000,0,70000000000.0,地表,240.37
SC,Z2302,Z2302,29.81000,103.25000,0,70000000000.0,地表,251.31
SC,LZTC,LZTC,30.31000,105.06000,0,70000000000.0,基岩,369.96
SC,A8505,A8505,30.34000,104.64000,0,70000000000.0,地表,473.38
CQ,BL001,BL001,29.38000,106.53000,0,70000000000.0,地表,900.00
CQ,CD001,CD001,29.47000,106.48000,0,70000000000.0,地表,900.00
SC,W2903,布拖地办台,27.75000,102.78000,0,70000000000.0,地表,572.75
SC,Z0203,Z0203,30.13000,103.67000,0,70000000000.0,地表,288.97
SC,T0208,T0208,29.76000,103.13000,0,70000000000.0,地表,276.57
SC,ZP001,ZP001,30.22000,103.87000,0,70000000000.0,地表,214.78
SC,AT001,AT001,30.31000,104.15000,0,70000000000.0,地表,408.08
SC,T2305,T2305,29.19000,102.71000,0,70000000000.0,地表,879.63
SC,J0402,J0402,30.31000,105.26000,0,70000000000.0,地表,470.51
SC,Z0301,Z0301,30.21000,103.77000,0,70000000000.0,地表,298.66
SC,ZL001,ZL001,30.07000,103.48000,0,70000000000.0,地表,467.60
SC,JA001,JA001,30.35000,105.20000,0,70000000000.0,地表,263.33
SC,J0401,J0401,30.30000,105.41000,0,70000000000.0,地表,404.90
SC,T0205,T0205,29.73000,103.02000,0,70000000000.0,地表,900.00
SC,A8509,A8509,30.38000,104.28000,0,70000000000.0,地表,518.42
SC,A8502,A8502,30.42000,104.71000,0,70000000000.0,地表,295.91
SC,A8511,A8511,30.42000,104.80000,0,70000000000.0,地表,545.60
SC,M2201,M2201,30.40000,105.05000,0,70000000000.0,地表,297.74
SC,T0207,T0207,29.84000,103.11000,0,70000000000.0,地表,606.96
SC,J0406,J0406,30.39000,105.15000,0,70000000000.0,地表,394.73
SC,JYDX,JYDX,30.43000,104.57000,0,70000000000.0,基岩,332.96
CQ,BN001,BN001,29.52000,106.56000,0,70000000000.0,地表,669.93
SC,Z0302,Z0302,30.28000,103.82000,0,70000000000.0,地表,412.23
SC,Z2402,Z2402,30.02000,103.32000,0,70000000000.0,地表,380.09
SC,T2308,T2308,29.35000,102.71000,0,70000000000.0,地表,463.83
CQ,TONHY,TONHY,30.26000,105.63000,0,70000000000.0,基岩,545.93
SC,T2310,T2310,29.40000,102.73000,0,70000000000.0,地表,857.52
SC,A8508,A8508,30.43000,104.41000,0,70000000000.0,地表,257.48
SC,A1603,A1603,30.34000,103.95000,0,70000000000.0,地表,308.13
CQ,DX001,DX001,29.76000,106.39000,0,70000000000.0,地表,858.20
CQ,AL001,AL001,29.56000,106.56000,0,70000000000.0,地表,892.69
SC,A1605,A1605,30.38000,104.05000,0,70000000000.0,地表,338.54
SC,A8402,A8402,30.22000,103.58000,0,70000000000.0,地表,383.57
SC,T2203,T2203,29.68000,102.86000,0,70000000000.0,地表,900.00
YN,D2635,D2635,26.84000,103.44000,0,70000000000.0,地表,560.95
SC,J0407,J0407,30.41000,105.36000,0,70000000000.0,地表,300.70
SC,PJCYH,PJCYH,30.16000,103.42000,0,70000000000.0,基岩,366.32
SC,A1606,A1606,30.44000,104.14000,0,70000000000.0,地表,253.41
SC,AJXM,AJXM,30.33000,105.62000,0,70000000000.0,基岩,350.38
SC,A1604,A1604,30.41000,103.99000,0,70000000000.0,地表,375.52
CQ,HECTH,HECTH,30.14000,106.01000,0,70000000000.0,基岩,759.67
SC,T0202,T0202,29.95000,103.09000,0,70000000000.0,地表,705.64
SC,TU001,TU001,29.87000,103.00000,0,70000000000.0,地表,599.43
SC,T0303,T0303,30.10000,103.27000,0,70000000000.0,地表,386.30
SC,A8302,A8302,30.32000,103.67000,0,70000000000.0,地表,218.00
SC,AP001,AP001,30.26000,103.54000,0,70000000000.0,地表,265.03
SC,T2272,T2272台,29.77000,102.88000,0,70000000000.0,地表,900.00
SC,XJYS,XJYS,30.38000,103.80000,0,70000000000.0,基岩,377.18
SC,J2304,J2304,30.50000,105.18000,0,70000000000.0,地表,505.31
SC,J0403,J0403,30.47000,105.35000,0,70000000000.0,地表,460.74
SC,A3103,A3103,30.32000,103.60000,0,70000000000.0,地表,270.26
SC,TY002,TY002,29.68000,102.74000,0,70000000000.0,地表,590.42
CQ,TONYX,TONYX,30.33000,105.82000,0,70000000000.0,基岩,516.39
SC,A3101,A3101,30.26000,103.42000,0,70000000000.0,地表,265.82
SC,T0203,T0203,29.88000,102.91000,0,70000000000.0,地表,399.21
SC,A3201,A3201,30.47000,103.86000,0,70000000000.0,地表,223.87
SC,T0206,T0206,29.98000,102.99000,0,70000000000.0,地表,443.20
SC,A3104,A3104,30.33000,103.51000,0,70000000000.0,地表,249.25
SC,T0301,T0301,30.19000,103.26000,0,70000000000.0,地表,310.34
SC,J0404,J0404,30.50000,105.46000,0,70000000000.0,地表,427.17
SC,T0201,T0201,30.14000,103.15000,0,70000000000.0,地表,340.72
SC,MDS,雅安(蒙顶山)台,30.07000,103.04000,0,70000000000.0,基岩,880.62
SC,A8301,A8301,30.42000,103.61000,0,70000000000.0,地表,224.42
SC,T2201,T2201,29.81000,102.76000,0,70000000000.0,地表,750.47
SC,A3102,A3102,30.32000,103.40000,0,70000000000.0,地表,258.81
CQ,G0006,G0006,30.24000,106.12000,0,70000000000.0,地表,254.17
SC,A8303,A8303,30.28000,103.32000,0,70000000000.0,地表,265.65
SC,YJMJ,YJMJ,29.83000,102.77000,0,70000000000.0,基岩,900.00
SC,A2901,A2901,30.48000,103.71000,0,70000000000.0,地表,231.84
SC,J2102,J2102,30.47000,105.71000,0,70000000000.0,地表,541.71
SC,T0209,T0209,30.13000,103.06000,0,70000000000.0,地表,794.41
SC,T2202,T2202,29.84000,102.73000,0,70000000000.0,地表,605.14
CQ,HCYM,HCYM,30.11000,106.37000,0,70000000000.0,基岩,344.40
SC,T2503,T2503,29.95000,102.83000,0,70000000000.0,地表,539.76
SC,T0204,T0204,30.19000,103.10000,0,70000000000.0,地表,405.55
SC,QLPL,QLPL,30.35000,103.31000,0,70000000000.0,基岩,581.86
SC,A8304,A8304,30.42000,103.44000,0,70000000000.0,地表,247.95
SC,A2905,A2905,30.48000,103.52000,0,70000000000.0,地表,240.61
SC,T2571,T2571台,30.01000,102.82000,0,70000000000.0,地表,476.31
SC,TL003,TL003,30.16000,102.92000,0,70000000000.0,地表,334.37
SC,T2671,T2671台,30.21000,102.97000,0,70000000000.0,地表,505.41
SC,AL001,AL001,30.32000,103.12000,0,70000000000.0,地表,703.32
SC,T2501,T2501,30.12000,102.84000,0,70000000000.0,地表,534.79
SC,T2504,T2504,30.00000,102.70000,0,70000000000.0,地表,603.55
SC,A8306,A8306,30.45000,103.29000,0,70000000000.0,地表,696.36
SC,TQU,天全台,30.07000,102.76000,0,70000000000.0,基岩,500.30
SC,A8305,A8305,30.39000,103.16000,0,70000000000.0,地表,559.86
SC,T2602,T2602,30.27000,102.94000,0,70000000000.0,地表,667.21
SC,T2502,T2502,30.12000,102.74000,0,70000000000.0,地表,733.55
SC,TL002,TL002,30.34000,102.99000,0,70000000000.0,地表,481.68
SC,T2601,T2601,30.38000,103.01000,0,70000000000.0,地表,707.95
SC,TB001,TB001,30.25000,102.83000,0,70000000000.0,地表,710.51
SC,LSDC,LSDC,30.48000,103.11000,0,70000000000.0,基岩,900.00
SC,T2701,T2701,30.48000,102.70000,0,70000000000.0,地表,900.00
QH,HG066,HG066,36.39000,94.57000,0,70000000000.0,地表,265.39
QH,HD031,HD031,36.43000,96.46000,0,70000000000.0,地表,285.29
XJ,F0096,F0096,43.26000,81.09000,0,70000000000.0,地表,538.35
XJ,F000A,F000A,43.51000,81.13000,0,70000000000.0,地表,518.02
XJ,ZSXZS,ZSXZS,43.20000,81.13000,0,70000000000.0,基岩,614.35
XJ,QAPQB,QAPQB,43.51000,80.99000,0,70000000000.0,基岩,462.28
XJ,F0094,F0094,43.14000,81.08000,0,70000000000.0,地表,421.31
XJ,FC003,FC003,43.59000,81.24000,0,70000000000.0,地表,408.53
XJ,F0098,F0098,43.17000,81.32000,0,70000000000.0,地表,478.03
XJ,F0014,F0014,43.48000,80.78000,0,70000000000.0,地表,396.97
XJ,F0090,F0090,43.17000,80.84000,0,70000000000.0,地表,538.03
XJ,F0093,F0093,43.09000,81.14000,0,70000000000.0,地表,346.12
XJ,F0002,F0002,43.57000,80.81000,0,70000000000.0,地表,375.01
XJ,F0009,F0009,43.68000,81.02000,0,70000000000.0,地表,388.61
XJ,F0008,F0008,43.64000,81.36000,0,70000000000.0,地表,427.16
XJ,F000E,F000E,43.70000,81.17000,0,70000000000.0,地表,395.18
XJ,FZ005,FZ005,43.02000,80.94000,0,70000000000.0,地表,411.68
XJ,FC004,FC004,43.72000,81.32000,0,70000000000.0,地表,394.68
XJ,F000D,F000D,43.73000,81.41000,0,70000000000.0,地表,340.18
XJ,FZ001,FZ001,43.00000,81.41000,0,70000000000.0,地表,291.15
XJ,F0011,F0011,43.81000,81.19000,0,70000000000.0,地表,277.79
XJ,FC002,FC002,43.69000,81.55000,0,70000000000.0,地表,377.75
XJ,FZ004,FZ004,43.00000,80.71000,0,70000000000.0,地表,349.17
XJ,F0091,F0091,43.03000,81.54000,0,70000000000.0,地表,529.33
XJ,F0010,F0010,43.83000,81.16000,0,70000000000.0,地表,258.67
XJ,F0005,F0005,43.84000,81.14000,0,70000000000.0,地表,284.52
XJ,F000C,F000C,43.84000,81.08000,0,70000000000.0,地表,311.41
XJ,F0004,F0004,43.80000,80.79000,0,70000000000.0,地表,333.49
XJ,F0001,F0001,43.73000,80.65000,0,70000000000.0,地表,320.10
XJ,F000F,F000F,43.83000,81.35000,0,70000000000.0,地表,237.84
XJ,F0007,F0007,43.83000,80.86000,0,70000000000.0,地表,336.40
XJ,F0051,F0051,42.95000,81.49000,0,70000000000.0,地表,477.41
XJ,FC005,FC005,43.80000,80.76000,0,70000000000.0,地表,380.59
XJ,F0006,F0006,43.87000,81.19000,0,70000000000.0,地表,220.48
XJ,F0013,F0013,43.87000,81.25000,0,70000000000.0,地表,224.15
XJ,F0012,F0012,43.87000,81.29000,0,70000000000.0,地表,217.36
XJ,F0076,F0076,43.84000,81.46000,0,70000000000.0,地表,295.03
QH,XTS,XTS,37.33000,95.56000,0,70000000000.0,基岩,758.85
QH,DCDYL,DCDYL,37.65000,93.79000,0,70000000000.0,基岩,365.31
QH,DGL,DGL,36.26000,95.71000,0,70000000000.0,基岩,392.43
QH,GOMHX,GOMHX,36.20000,94.81000,0,70000000000.0,基岩,386.67
GS,SBEDC,SBEDC,39.49000,94.92000,0,70000000000.0,基岩,900.00
GS,SBESB,SBESB,39.59000,95.83000,0,70000000000.0,基岩,523.29
QH,HG035,HG035,36.79000,93.67000,0,70000000000.0,地表,265.93
QH,DLHHD,DLHHD,37.29000,97.79000,0,70000000000.0,基岩,698.11
GS,FB001,FB001,39.57000,94.88000,0,70000000000.0,地表,413.57
QH,HG069,HG069,35.99000,94.82000,0,70000000000.0,地表,356.00
QH,ZZH,ZZH,36.71000,93.57000,0,70000000000.0,基岩,432.04
QH,HM037,HM037,38.74000,93.33000,0,70000000000.0,地表,356.24
QH,HG068,HG068,35.88000,94.57000,0,70000000000.0,地表,493.34
GS,FA001,FA001,39.64000,94.28000,0,70000000000.0,地表,293.61
QH,HG034,HG034,36.91000,93.16000,0,70000000000.0,地表,291.68
GS,YMSCM,YMSCM,39.88000,96.77000,0,70000000000.0,基岩,429.28
GS,DNHMG,DNHMG,40.04000,94.83000,0,70000000000.0,基岩,608.39
QH,XDT,XDT,35.71000,94.33000,0,70000000000.0,基岩,547.53
GS,FD001,FD001,40.14000,94.67000,0,70000000000.0,地表,246.93
QH,DULXR,DULXR,36.09000,97.86000,0,70000000000.0,基岩,435.68
GS,FY003,FY003,39.79000,97.56000,0,70000000000.0,地表,526.60
GS,YMSLJ,YMSLJ,39.70000,97.74000,0,70000000000.0,基岩,567.87
GS,AKXAK,AKXAK,39.77000,93.48000,0,70000000000.0,基岩,636.65
GS,GUZYQ,GUZYQ,40.41000,95.81000,0,70000000000.0,基岩,560.32
GS,FY201,FY201,40.00000,97.51000,0,70000000000.0,地表,338.06
GS,FY207,FY207,40.13000,97.25000,0,70000000000.0,地表,342.60
GS,FY204,FY204,39.97000,97.58000,0,70000000000.0,地表,296.50
GS,FY208,FY208,40.20000,97.15000,0,70000000000.0,地表,316.92
GS,FY001,FY001,39.96000,97.65000,0,70000000000.0,地表,334.38
GS,FY002,FY002,40.25000,97.04000,0,70000000000.0,地表,272.75
GS,FY203,FY203,39.91000,97.76000,0,70000000000.0,地表,378.72
GS,FY202,FY202,40.32000,96.94000,0,70000000000.0,地表,289.69
GS,FY206,FY206,39.86000,97.89000,0,70000000000.0,地表,360.62
GS,FG001,FG001,40.46000,96.51000,0,70000000000.0,地表,286.83
GS,FG214,FG214,40.41000,96.82000,0,70000000000.0,地表,262.93
GS,FY205,FY205,39.83000,98.03000,0,70000000000.0,地表,440.11
GS,FG216,FG216,40.44000,96.77000,0,70000000000.0,地表,255.21
GS,FG217,FG217,40.44000,96.77000,0,70000000000.0,地表,255.21
GS,BX201,BX201,39.78000,98.16000,0,70000000000.0,地表,323.53
GS,FG215,FG215,40.50000,96.71000,0,70000000000.0,地表,256.38
GS,FG204,FG204,40.54000,96.59000,0,70000000000.0,地表,258.87
GS,FG202,FG202,40.54000,96.59000,0,70000000000.0,地表,258.87
GS,FG201,FG201,40.54000,96.59000,0,70000000000.0,地表,258.87
GS,BT203,BT203,39.74000,98.25000,0,70000000000.0,地表,377.91
GS,BT201,BT201,39.71000,98.32000,0,70000000000.0,地表,398.22
GS,BT202,BT202,39.71000,98.32000,0,70000000000.0,地表,398.22
GS,FG203,FG203,40.61000,96.47000,0,70000000000.0,地表,302.92
GS,FS003,FS003,39.67000,98.40000,0,70000000000.0,地表,376.54
GS,FG205,FG205,40.68000,96.42000,0,70000000000.0,地表,290.78
GS,FS209,FS209,39.67000,98.50000,0,70000000000.0,地表,366.33
GS,FG206,FG206,40.72000,96.30000,0,70000000000.0,地表,290.46
GS,FS204,FS204,39.71000,98.51000,0,70000000000.0,地表,334.76
GS,FS205,FS205,39.71000,98.51000,0,70000000000.0,地表,334.76
GS,FG207,FG207,40.78000,96.18000,0,70000000000.0,地表,300.82
GS,FS001,FS001,39.74000,98.53000,0,70000000000.0,地表,299.67
QH,MAH,MAH,38.37000,94.35000,0,70000000000.0,基岩,434.32
SN,E0055,E0055,35.19000,110.25000,0,70000000000.0,地表,301.85
SN,E0064,E0064,35.30000,110.30000,0,70000000000.0,地表,402.42
SN,E0056,E0056,35.14000,110.33000,0,70000000000.0,地表,292.69
SN,E0058,E0058,35.25000,110.20000,0,70000000000.0,地表,306.94
SN,E0065,E0065,35.23000,110.18000,0,70000000000.0,地表,317.69
SN,E0067,E0067,35.32000,110.22000,0,70000000000.0,地表,318.24
SX,M0096,M0096,35.14000,110.44000,0,70000000000.0,地表,262.22
SN,EH002,EH002,35.26000,110.12000,0,70000000000.0,地表,380.91
SN,E0028,E0028,35.37000,110.34000,0,70000000000.0,地表,394.20
SN,E0061,E0061,35.07000,110.23000,0,70000000000.0,地表,316.11
SN,E0026,E0026,35.37000,110.40000,0,70000000000.0,地表,465.64
SX,M0052,M0052,35.24000,110.51000,0,70000000000.0,地表,312.75
SN,E0060,E0060,35.13000,110.11000,0,70000000000.0,地表,417.49
SX,M0095,M0095,35.06000,110.41000,0,70000000000.0,地表,325.68
SN,E0057,E0057,35.05000,110.18000,0,70000000000.0,地表,350.30
SX,M0018,M0018,35.22000,110.54000,0,70000000000.0,地表,278.14
SN,E0054,E0054,35.33000,110.09000,0,70000000000.0,地表,319.30
SN,E0029,E0029,35.42000,110.36000,0,70000000000.0,地表,456.11
SX,M0019,M0019,35.17000,110.55000,0,70000000000.0,地表,304.14
SN,E0066,E0066,35.02000,110.20000,0,70000000000.0,地表,304.67
SX,M0066,M0066,34.99000,110.38000,0,70000000000.0,地表,275.71
SN,E0059,E0059,35.06000,110.08000,0,70000000000.0,地表,233.59
SX,M0097,M0097,35.09000,110.55000,0,70000000000.0,地表,246.61
SN,EH001,EH001,35.05000,110.08000,0,70000000000.0,地表,262.28
SN,E0063,E0063,35.10000,110.03000,0,70000000000.0,地表,331.00
SN,E0062,E0062,35.33000,110.02000,0,70000000000.0,地表,361.95
SX,M0091,M0091,35.35000,110.57000,0,70000000000.0,地表,454.40
SX,M0040,M0040,35.27000,110.61000,0,70000000000.0,地表,274.60
SN,HYKJY,HYKJY,35.41000,110.06000,0,70000000000.0,基岩,533.83
SN,E0030,E0030,35.49000,110.38000,0,70000000000.0,地表,539.96
SN,ED002,ED002,34.96000,110.17000,0,70000000000.0,地表,279.76
SN,EA001,EA001,35.48000,110.44000,0,70000000000.0,地表,228.57
SX,M0062,M0062,34.95000,110.42000,0,70000000000.0,地表,254.56
SX,M0050,M0050,35.00000,110.53000,0,70000000000.0,地表,271.42
SN,E0073,E0073,35.03000,110.03000,0,70000000000.0,地表,283.13
SX,LYJBJ,LYJBJ,35.19000,110.66000,0,70000000000.0,基岩,338.40
SN,EC001,EC001,35.17000,109.94000,0,70000000000.0,地表,309.13
SN,E0053,E0053,34.96000,110.11000,0,70000000000.0,地表,222.35
SX,M0088,M0088,35.35000,110.65000,0,70000000000.0,地表,306.58
SN,E0071,E0071,35.36000,109.95000,0,70000000000.0,地表,373.10
SN,J0001,J0001,35.54000,110.17000,0,70000000000.0,地表,459.60
SX,M0098,M0098,35.09000,110.68000,0,70000000000.0,地表,289.16
SX,M0099,M0099,35.04000,110.65000,0,70000000000.0,地表,224.87
SX,M0061,M0061,34.95000,110.55000,0,70000000000.0,地表,221.97
SX,M0090,M0090,35.46000,110.60000,0,70000000000.0,地表,625.70
SX,MC001,MC001,34.88000,110.42000,0,70000000000.0,地表,204.16
SN,E0072,E0072,35.08000,109.90000,0,70000000000.0,地表,269.34
SN,HCEXZ,HCEXZ,35.56000,110.44000,0,70000000000.0,基岩,514.36
SX,M0049,M0049,35.21000,110.74000,0,70000000000.0,地表,295.69
SN,E0027,E0027,35.55000,110.51000,0,70000000000.0,地表,407.83
SX,M0063,M0063,34.85000,110.35000,0,70000000000.0,地表,376.83
SN,E0070,E0070,35.15000,109.85000,0,70000000000.0,地表,328.75
SN,E0075,E0075,35.22000,109.84000,0,70000000000.0,地表,330.80
SX,M0038,M0038,35.37000,110.73000,0,70000000000.0,地表,358.67
SX,M0089,M0089,35.41000,110.71000,0,70000000000.0,地表,318.27
SX,ML001,ML001,35.12000,110.76000,0,70000000000.0,地表,255.48
SN,E0047,E0047,34.93000,109.98000,0,70000000000.0,地表,480.79
SN,E0069,E0069,35.30000,109.83000,0,70000000000.0,地表,331.95
SN,E0074,E0074,34.98000,109.92000,0,70000000000.0,地表,306.43
SN,E0043,E0043,34.87000,110.08000,0,70000000000.0,地表,269.65
SX,M0064,M0064,35.00000,110.72000,0,70000000000.0,地表,222.81
SX,M0092,M0092,35.47000,110.71000,0,70000000000.0,地表,333.24
SN,E0081,E0081,35.00000,109.86000,0,70000000000.0,地表,232.15
SX,M0065,M0065,34.87000,110.60000,0,70000000000.0,地表,282.34
SX,M0093,M0093,35.36000,110.80000,0,70000000000.0,地表,454.51
SN,E0052,E0052,34.80000,110.16000,0,70000000000.0,地表,196.67
SN,E0085,E0085,35.06000,109.80000,0,70000000000.0,地表,446.22
SX,M0036,M0036,35.53000,110.69000,0,70000000000.0,地表,490.07
SN,E0068,E0068,35.40000,109.80000,0,70000000000.0,地表,567.27
SN,E0024,E0024,35.62000,110.56000,0,70000000000.0,地表,486.66
SN,E0042,E0042,34.80000,110.08000,0,70000000000.0,地表,261.07
SN,E0041,E0041,34.87000,109.93000,0,70000000000.0,地表,201.50
SN,ED003,ED003,34.77000,110.14000,0,70000000000.0,地表,187.42
SN,J0003,J0003,35.48000,109.80000,0,70000000000.0,地表,406.62
SX,M0032,M0032,35.52000,110.77000,0,70000000000.0,地表,442.16
SX,MH001,MH001,35.59000,110.69000,0,70000000000.0,地表,416.61
SN,E0031,E0031,35.69000,110.51000,0,70000000000.0,地表,419.32
SN,ED001,ED001,34.81000,109.95000,0,70000000000.0,地表,204.25
SX,M0104,M0104,34.89000,110.76000,0,70000000000.0,地表,367.34
SN,E0025,E0025,35.68000,110.56000,0,70000000000.0,地表,563.66
SX,M0033,M0033,35.64000,110.67000,0,70000000000.0,地表,344.68
SN,JL001,JL001,35.59000,109.83000,0,70000000000.0,地表,519.18
SN,E0046,E0046,34.85000,109.83000,0,70000000000.0,地表,295.78
SN,E0050,E0050,34.81000,109.87000,0,70000000000.0,地表,194.08
SX,M0037,M0037,35.62000,110.77000,0,70000000000.0,地表,228.51
SX,M0034,M0034,35.67000,110.75000,0,70000000000.0,地表,316.44
SX,M0107,M0107,34.74000,110.78000,0,70000000000.0,地表,416.25
SN,E0044,E0044,34.74000,109.81000,0,70000000000.0,地表,229.48
XJ,RUQ,若羌台,38.97000,88.84000,0,70000000000.0,基岩,527.77
XJ,MR001,MR001,39.00000,88.14000,0,70000000000.0,地表,279.33
XJ,MR002,MR002,39.25000,88.88000,0,70000000000.0,地表,278.50
SC,V0172,V0172台,30.01000,101.97000,0,70000000000.0,地表,900.00
SC,V0110,V0110,30.09000,101.96000,0,70000000000.0,地表,900.00
SC,V0105,V0105,30.11000,102.05000,0,70000000000.0,地表,900.00
SC,XXXJ,新兴乡基准站,29.73000,102.08000,0,70000000000.0,基岩,900.00
SC,V0108,V0108,30.07000,102.14000,0,70000000000.0,地表,533.73
SC,V2202,V2202,30.03000,102.18000,0,70000000000.0,地表,761.36
SC,VL001,VL001,29.91000,102.22000,0,70000000000.0,地表,900.00
SC,V2203,V2203,29.82000,102.20000,0,70000000000.0,地表,900.00
SC,LDXX,LDXX,29.69000,102.07000,0,70000000000.0,基岩,900.00
SC,CNXJ,杵坭乡基准站,29.76000,102.20000,0,70000000000.0,基岩,900.00
SC,YLXJ,雅拉乡基准站,30.19000,101.91000,0,70000000000.0,基岩,900.00
SC,VK001,VK001,30.13000,101.75000,0,70000000000.0,地表,674.96
SC,GZA,姑咱台,30.12000,102.17000,0,70000000000.0,基岩,487.92
SC,V2271,V2271台,29.73000,102.19000,0,70000000000.0,地表,900.00
SC,VL002,VL002,29.76000,102.25000,0,70000000000.0,地表,900.00
SC,V2204,V2204,29.64000,102.12000,0,70000000000.0,地表,487.74
SC,V2411,V2411,29.61000,102.09000,0,70000000000.0,地表,900.00
SC,V0101,V0101,29.96000,101.57000,0,70000000000.0,地表,585.27
SC,VK002,VK002,29.85000,101.56000,0,70000000000.0,地表,841.34
SC,V0107,V0107,30.18000,102.22000,0,70000000000.0,地表,900.00
SC,V2201,V2201,29.60000,102.17000,0,70000000000.0,地表,626.30
SC,TT001,TT001,29.93000,102.39000,0,70000000000.0,地表,900.00
SC,VK003,VK003,30.22000,102.23000,0,70000000000.0,地表,900.00
SC,V0176,V0176台,29.75000,101.52000,0,70000000000.0,地表,593.06
SC,TQLHK,TQLHK,30.06000,102.42000,0,70000000000.0,基岩,614.38
SC,V0109,V0109,30.08000,101.48000,0,70000000000.0,地表,422.91
SC,T2307,T2307,29.68000,102.38000,0,70000000000.0,地表,900.00
SC,V0174,V0174台,30.16000,101.50000,0,70000000000.0,地表,239.07
SC,V0171,V0171台,30.22000,101.51000,0,70000000000.0,地表,900.00
SC,V0102,V0102,29.69000,101.45000,0,70000000000.0,地表,617.75
SC,T2472,T2472台,29.47000,102.23000,0,70000000000.0,地表,900.00
SC,TY001,TY001,29.78000,102.53000,0,70000000000.0,地表,767.24
SC,V0104,V0104,30.45000,102.07000,0,70000000000.0,地表,754.12
SC,T2402,石棉草科台,29.40000,102.12000,0,70000000000.0,地表,900.00
SC,V2515,V2515,29.88000,101.32000,0,70000000000.0,地表,715.98
SC,T2371,T2371台,29.55000,102.44000,0,70000000000.0,地表,900.00
SC,VK004,VK004,29.63000,101.37000,0,70000000000.0,地表,316.81
SC,T2505,T2505,30.06000,102.62000,0,70000000000.0,地表,900.00
SC,V0175,V0175台,29.51000,101.43000,0,70000000000.0,地表,900.00
SC,T2271,T2271台,29.85000,102.67000,0,70000000000.0,地表,623.05
SC,T2311,T2311,29.53000,102.53000,0,70000000000.0,地表,900.00
SC,V2501,V2501,30.04000,101.22000,0,70000000000.0,地表,596.11
SC,VJ001,VJ001,29.23000,102.04000,0,70000000000.0,地表,270.35
SC,V2601,V2601,30.51000,101.50000,0,70000000000.0,地表,534.57
SC,T2405,石棉先锋台,29.22000,102.18000,0,70000000000.0,地表,286.73
SC,VY002,VY002,29.85000,101.10000,0,70000000000.0,地表,900.00
SC,T2409,T2409,29.30000,102.44000,0,70000000000.0,地表,741.70
SC,V2509,V2509,29.77000,101.10000,0,70000000000.0,地表,833.79
SC,V0173,V0173台,29.42000,101.30000,0,70000000000.0,地表,461.09
SC,T2406,石棉美罗台,29.35000,102.52000,0,70000000000.0,地表,900.00
SC,T2313,T2313,29.43000,102.62000,0,70000000000.0,地表,653.91
SC,V2507,V2507,30.05000,101.06000,0,70000000000.0,地表,900.00
SC,V2514,V2514,29.42000,101.23000,0,70000000000.0,地表,900.00
SC,T2702,T2702,30.40000,102.71000,0,70000000000.0,地表,900.00
SC,V2506,V2506,30.10000,101.02000,0,70000000000.0,地表,900.00
SC,V2505,V2505,29.61000,101.06000,0,70000000000.0,地表,410.49
SC,V2503,V2503,29.41000,101.18000,0,70000000000.0,地表,900.00
SC,JNWB,JNWB,29.08000,102.06000,0,70000000000.0,基岩,900.00
SC,V2510,V2510,30.38000,101.13000,0,70000000000.0,地表,900.00
SC,V2303,V2303,30.79000,101.76000,0,70000000000.0,地表,900.00
SC,KDLC,KDLC,30.06000,101.96000,0,70000000000.0,基岩,900.00
SC,KDXDQ,KDXDQ,30.04000,101.48000,0,70000000000.0,基岩,694.48
SC,T2205,T2205,29.74000,102.57000,0,70000000000.0,地表,823.59
SC,T2471,T2471台,29.37000,102.23000,0,70000000000.0,地表,685.56
SC,T2306,T2306,29.67000,102.61000,0,70000000000.0,地表,806.14
XJ,HRSDM,HRSDM,44.42000,80.45000,0,70000000000.0,基岩,612.51
XJ,F0025,F0025,44.39000,80.64000,0,70000000000.0,地表,532.65
XJ,F003C,F003C,44.28000,80.52000,0,70000000000.0,地表,384.40
XJ,F0024,F0024,44.32000,80.74000,0,70000000000.0,地表,401.30
XJ,F0023,F0023,44.24000,80.50000,0,70000000000.0,地表,403.47
XJ,F003A,F003A,44.24000,80.65000,0,70000000000.0,地表,380.48
XJ,F002F,F002F,44.24000,80.75000,0,70000000000.0,地表,322.88
XJ,F003D,F003D,44.20000,80.42000,0,70000000000.0,地表,369.50
XJ,F002C,F002C,44.38000,80.99000,0,70000000000.0,地表,900.00
XJ,F002D,F002D,44.17000,80.56000,0,70000000000.0,地表,291.22
XJ,FH003,FH003,44.17000,80.47000,0,70000000000.0,地表,342.68
XJ,F002E,F002E,44.18000,80.70000,0,70000000000.0,地表,279.91
XJ,FH001,FH001,44.23000,80.86000,0,70000000000.0,地表,337.00
XJ,F0034,F0034,44.17000,80.75000,0,70000000000.0,地表,284.97
XJ,HCXSE,HCXSE,44.32000,81.02000,0,70000000000.0,基岩,713.52
XJ,F0032,F0032,44.12000,80.63000,0,70000000000.0,地表,268.86
XJ,WNQZL,WNQZL,44.96000,80.33000,0,70000000000.0,基岩,611.90
XJ,F0038,F0038,44.14000,80.77000,0,70000000000.0,地表,273.85
XJ,F002B,F002B,44.49000,81.17000,0,70000000000.0,地表,600.00
XJ,F0036,F0036,44.14000,80.83000,0,70000000000.0,地表,291.26
XJ,BLEXY,BLEXY,44.73000,81.16000,0,70000000000.0,基岩,662.29
XJ,F003B,F003B,44.21000,81.01000,0,70000000000.0,地表,384.96
XJ,F0030,F0030,44.07000,80.46000,0,70000000000.0,地表,274.98
XJ,F0029,F0029,44.14000,80.93000,0,70000000000.0,地表,292.89
XJ,F0035,F0035,44.07000,80.78000,0,70000000000.0,地表,277.10
XJ,WNQ,温泉台,44.96000,81.00000,0,70000000000.0,基岩,787.00
XJ,FH002,FH002,44.05000,80.79000,0,70000000000.0,地表,242.85
XJ,E0026,E0026,44.96000,81.03000,0,70000000000.0,地表,615.73
XJ,F0033,F0033,44.02000,80.68000,0,70000000000.0,地表,291.35
XJ,BLEAM,BLEAM,44.50000,81.32000,0,70000000000.0,基岩,675.26
XJ,E0027,E0027,44.99000,81.03000,0,70000000000.0,地表,323.59
XJ,F0031,F0031,43.95000,80.55000,0,70000000000.0,地表,230.70
XJ,E0025,E0025,45.00000,81.10000,0,70000000000.0,地表,323.26
XJ,E0014,E0014,44.60000,81.39000,0,70000000000.0,地表,436.00
XJ,F0026,F0026,43.99000,80.91000,0,70000000000.0,地表,246.20
XJ,E0023,E0023,44.98000,81.17000,0,70000000000.0,地表,328.73
XJ,E0024,E0024,44.88000,81.29000,0,70000000000.0,地表,453.82
XJ,EW001,EW001,44.96000,81.22000,0,70000000000.0,地表,320.21
XJ,HCXHY,HCXHY,44.01000,81.03000,0,70000000000.0,基岩,544.65
XJ,E002C,E002C,44.76000,81.41000,0,70000000000.0,地表,574.30
XJ,F0037,F0037,43.91000,80.74000,0,70000000000.0,地表,290.91
XJ,E002D,E002D,45.03000,81.19000,0,70000000000.0,地表,383.04
XJ,F0028,F0028,43.95000,80.95000,0,70000000000.0,地表,223.52
XJ,F007E,F007E,44.11000,81.27000,0,70000000000.0,地表,508.50
XJ,F0027,F0027,43.95000,81.06000,0,70000000000.0,地表,315.15
XJ,FY002,FY002,43.97000,81.15000,0,70000000000.0,地表,412.39
XJ,E0029,E0029,45.04000,81.30000,0,70000000000.0,地表,359.52
XJ,F0081,F0081,44.32000,81.51000,0,70000000000.0,地表,543.46
XJ,F0068,F0068,44.02000,81.30000,0,70000000000.0,地表,409.31
XJ,F0067,F0067,43.98000,81.25000,0,70000000000.0,地表,281.25
XJ,F006A,F006A,43.93000,81.20000,0,70000000000.0,地表,331.28
XJ,F006D,F006D,43.93000,81.24000,0,70000000000.0,地表,254.11
XJ,F006B,F006B,43.96000,81.29000,0,70000000000.0,地表,256.21
XJ,F0074,F0074,43.91000,81.25000,0,70000000000.0,地表,308.92
XJ,F0069,F0069,43.92000,81.29000,0,70000000000.0,地表,284.42
XJ,F006C,F006C,43.97000,81.37000,0,70000000000.0,地表,304.61
XJ,FY001,FY001,43.92000,81.33000,0,70000000000.0,地表,304.77
XJ,E0010,E0010,44.62000,81.73000,0,70000000000.0,地表,462.67
XJ,F0071,F0071,43.93000,81.38000,0,70000000000.0,地表,279.55
XJ,F006F,F006F,43.92000,81.37000,0,70000000000.0,地表,243.96
XJ,E002E,E002E,44.99000,81.60000,0,70000000000.0,地表,326.55
XJ,F0086,F0086,43.99000,81.49000,0,70000000000.0,地表,394.49
XJ,F007B,F007B,43.93000,81.42000,0,70000000000.0,地表,282.89
XJ,BLEAX,BLEAX,44.89000,81.69000,0,70000000000.0,基岩,453.41
XJ,E002A,E002A,45.00000,81.62000,0,70000000000.0,地表,299.75
XJ,F0070,F0070,43.89000,81.41000,0,70000000000.0,地表,273.81
XJ,E0002,E0002,44.44000,81.83000,0,70000000000.0,地表,817.96
XJ,E0006,E0006,44.95000,81.72000,0,70000000000.0,地表,373.41
XJ,F007A,F007A,43.90000,81.49000,0,70000000000.0,地表,260.98
XJ,F008B,F008B,43.97000,81.58000,0,70000000000.0,地表,341.04
XJ,F0075,F0075,43.86000,81.55000,0,70000000000.0,地表,238.24
XJ,F008D,F008D,43.89000,81.62000,0,70000000000.0,地表,292.00
XJ,E0015,E0015,44.94000,81.88000,0,70000000000.0,地表,290.88
XJ,E0011,E0011,44.92000,82.02000,0,70000000000.0,地表,370.51
XJ,F000B,F000B,43.65000,81.67000,0,70000000000.0,地表,418.83
XJ,F0080,F0080,43.65000,81.93000,0,70000000000.0,地表,308.85
XJ,FG004,FG004,43.58000,82.00000,0,70000000000.0,地表,282.05
XJ,ZSXQL,ZSXQL,43.05000,80.57000,0,70000000000.0,基岩,556.17
XJ,F001F,F001F,43.28000,81.84000,0,70000000000.0,地表,595.90
XJ,F0052,F0052,43.08000,81.65000,0,70000000000.0,地表,462.36
XJ,KK002,KK002,42.24000,88.19000,0,70000000000.0,地表,414.57
XJ,KMS,库米什台,42.27000,88.17000,0,70000000000.0,基岩,421.14
XJ,HORWS,HORWS,42.46000,87.80000,0,70000000000.0,基岩,617.26
XJ,HOXNR,HOXNR,42.41000,87.45000,0,70000000000.0,基岩,629.70
XJ,M001F,M001F,42.19000,87.32000,0,70000000000.0,地表,279.40
XJ,K0001,K0001,42.83000,87.91000,0,70000000000.0,地表,620.88
XJ,TOKAL,TOKAL,42.82000,87.84000,0,70000000000.0,基岩,574.64
XJ,MS002,MS002,42.23000,87.27000,0,70000000000.0,地表,299.73
XJ,K0006,K0006,42.95000,88.13000,0,70000000000.0,地表,340.11
XJ,M001D,M001D,42.27000,87.10000,0,70000000000.0,地表,300.10
XJ,K0003,K0003,42.98000,87.77000,0,70000000000.0,地表,458.95
XJ,M0006,M0006,42.18000,87.06000,0,70000000000.0,地表,238.59
XJ,K0007,K0007,43.08000,88.02000,0,70000000000.0,地表,547.76
XJ,HJGAL,HJGAL,42.88000,87.41000,0,70000000000.0,基岩,533.31
XJ,M0007,M0007,42.85000,87.35000,0,70000000000.0,地表,541.92
XJ,A0002,A0002,42.99000,87.55000,0,70000000000.0,地表,568.44
XJ,M0020,M0020,42.19000,86.96000,0,70000000000.0,地表,234.05
XJ,M001E,M001E,42.26000,86.96000,0,70000000000.0,地表,256.56
XJ,HJGKE,HJGKE,42.48000,86.91000,0,70000000000.0,基岩,855.39
XJ,MS001,MS001,42.27000,86.85000,0,70000000000.0,地表,333.08
XJ,TOKTK,TOKTK,43.12000,87.58000,0,70000000000.0,基岩,284.48
XJ,KT001,KT001,42.95000,89.19000,0,70000000000.0,地表,325.76
XJ,K0002,K0002,43.05000,87.39000,0,70000000000.0,地表,446.11
XJ,TOKQY,TOKQY,43.24000,88.04000,0,70000000000.0,基岩,433.56
XJ,M001C,M001C,42.57000,86.88000,0,70000000000.0,地表,596.17
XJ,A0005,A0005,43.26000,88.40000,0,70000000000.0,地表,625.58
XJ,M001B,M001B,42.27000,86.74000,0,70000000000.0,地表,289.73
XJ,K0005,K0005,43.24000,87.52000,0,70000000000.0,地表,350.87
XJ,HYS,火焰山台,42.97000,89.44000,0,70000000000.0,基岩,623.51
XJ,A0006,A0006,43.43000,88.46000,0,70000000000.0,地表,403.80
XJ,URXBF,URXBF,43.33000,87.44000,0,70000000000.0,基岩,585.06
XJ,A0039,A0039,43.25000,87.15000,0,70000000000.0,地表,655.95
XJ,A0031,A0031,43.31000,87.20000,0,70000000000.0,地表,488.99
XJ,AD001,AD001,43.54000,87.94000,0,70000000000.0,地表,345.62
XJ,A002F,A002F,43.42000,87.37000,0,70000000000.0,地表,449.77
XJ,AW004,AW004,43.47000,87.47000,0,70000000000.0,地表,431.21
XJ,A0003,A0003,43.46000,87.38000,0,70000000000.0,地表,410.60
XJ,A0009,A0009,43.59000,87.72000,0,70000000000.0,地表,278.67
XJ,A0038,A0038,43.46000,87.22000,0,70000000000.0,地表,561.14
XJ,URXSE,URXSE,43.35000,87.00000,0,70000000000.0,基岩,561.72
XJ,A0030,A0030,43.52000,87.35000,0,70000000000.0,地表,394.98
XJ,A0032,A0032,43.63000,87.66000,0,70000000000.0,地表,388.59
XJ,A0008,A0008,43.66000,87.77000,0,70000000000.0,地表,389.87
XJ,A002E,A002E,43.62000,87.52000,0,70000000000.0,地表,376.37
XJ,AT010,AT010,43.66000,87.59000,0,70000000000.0,地表,359.85
XJ,URXGG,URXGG,43.53000,87.18000,0,70000000000.0,基岩,600.56
XJ,AW002,AW002,43.61000,87.34000,0,70000000000.0,地表,372.27
XJ,MY002,MY002,40.83000,87.20000,0,70000000000.0,地表,219.28
XJ,A0024,A0024,43.68000,87.37000,0,70000000000.0,地表,369.28
XJ,LHG,硫磺沟台,43.64000,87.06000,0,70000000000.0,基岩,646.91
XJ,B0008,B0008,43.69000,87.16000,0,70000000000.0,地表,475.33
XJ,QTAJB,QTAJB,43.64000,89.47000,0,70000000000.0,基岩,597.05
QH,GY061,GY061,33.27000,96.42000,0,70000000000.0,地表,416.70
QH,GY062,GY062,32.66000,96.61000,0,70000000000.0,地表,769.86
XJ,NK005,NK005,41.17000,83.59000,0,70000000000.0,地表,213.72
XJ,N0035,N0035,41.37000,83.37000,0,70000000000.0,地表,204.62
XJ,N002F,N002F,41.28000,83.16000,0,70000000000.0,地表,228.20
XJ,N003A,N003A,41.07000,83.14000,0,70000000000.0,地表,197.52
XJ,N003E,N003E,40.95000,83.41000,0,70000000000.0,地表,180.00
XJ,N0033,N0033,41.33000,83.70000,0,70000000000.0,地表,185.60
XJ,N0030,N0030,41.47000,83.23000,0,70000000000.0,地表,213.43
XJ,M0026,M0026,40.95000,83.71000,0,70000000000.0,地表,195.37
XJ,N0046,N0046,41.11000,82.87000,0,70000000000.0,地表,212.75
XJ,N003D,N003D,40.91000,82.96000,0,70000000000.0,地表,180.00
XJ,N0032,N0032,41.58000,83.55000,0,70000000000.0,地表,208.88
XJ,NS001,NS001,41.24000,82.77000,0,70000000000.0,地表,200.44
XJ,M002C,M002C,40.76000,83.71000,0,70000000000.0,地表,205.46
XJ,M002B,M002B,41.16000,84.05000,0,70000000000.0,地表,238.93
XJ,N003B,N003B,41.09000,82.64000,0,70000000000.0,地表,180.00
XJ,N0039,N0039,41.41000,82.62000,0,70000000000.0,地表,229.86
XJ,M0029,M0029,41.12000,84.23000,0,70000000000.0,地表,205.97
XJ,N003C,N003C,41.16000,82.49000,0,70000000000.0,地表,186.15
XJ,N003F,N003F,40.60000,82.89000,0,70000000000.0,地表,180.00
XJ,NK003,NK003,41.82000,83.83000,0,70000000000.0,地表,297.36
XJ,N0043,N0043,41.36000,82.40000,0,70000000000.0,地表,222.94
XJ,N0040,N0040,40.91000,82.41000,0,70000000000.0,地表,200.77
GX,B0002,B0002,24.27000,109.34000,0,70000000000.0,地表,257.76
GX,BB001,BB001,24.44000,109.41000,0,70000000000.0,地表,865.09
GX,B0001,B0001,24.28000,109.42000,0,70000000000.0,地表,236.65
GX,BJ001,BJ001,24.30000,109.00000,0,70000000000.0,地表,516.82
GX,BC001,BC001,24.67000,109.23000,0,70000000000.0,地表,900.00
GX,BJ002,BJ002,24.04000,109.41000,0,70000000000.0,地表,471.35
GX,XCXDT,XCXDT,24.10000,108.92000,0,70000000000.0,基岩,697.20
GX,BR004,BR004,24.83000,109.30000,0,70000000000.0,地表,484.60
GX,BL002,BL002,24.49000,109.75000,0,70000000000.0,地表,332.38
GX,GC004,GC004,24.26000,108.76000,0,70000000000.0,地表,597.51
GX,GX003,GX003,24.14000,109.72000,0,70000000000.0,地表,542.41
GX,BL001,BL001,24.78000,109.57000,0,70000000000.0,地表,900.00
GX,ML001,ML001,24.79000,108.96000,0,70000000000.0,地表,900.00
GX,YZQQY,YZQQY,24.53000,108.70000,0,70000000000.0,基岩,670.04
GX,M0001,M0001,24.48000,108.68000,0,70000000000.0,地表,661.34
GX,GX001,GX001,23.98000,109.68000,0,70000000000.0,地表,602.39
GX,GC001,GC001,24.06000,108.67000,0,70000000000.0,地表,808.31
GX,RAXFS,RAXFS,24.99000,109.35000,0,70000000000.0,基岩,900.00
GX,GB001,GB001,23.73000,109.23000,0,70000000000.0,地表,231.99
GX,LZXZS,LZXZS,24.59000,109.92000,0,70000000000.0,基岩,900.00
GX,GX002,GX002,23.98000,109.84000,0,70000000000.0,地表,441.29
GX,JXXTM,JXXTM,24.24000,109.97000,0,70000000000.0,基岩,854.25
GX,GH001,GH001,23.79000,108.89000,0,70000000000.0,地表,345.61
GX,RSXRS,RSXRS,25.05000,109.24000,0,70000000000.0,基岩,437.67
GX,B0003,B0003,25.07000,109.24000,0,70000000000.0,地表,439.95
GX,XCT,忻城台,23.95000,108.61000,0,70000000000.0,基岩,728.71
GX,GB003,GB003,23.64000,109.09000,0,70000000000.0,地表,280.57
GX,ML002,ML002,25.09000,109.00000,0,70000000000.0,地表,900.00
GX,GB004,GB004,23.58000,109.36000,0,70000000000.0,地表,350.94
GX,MY003,MY003,24.41000,108.39000,0,70000000000.0,地表,813.46
GX,WXXET,WXXET,23.70000,109.79000,0,70000000000.0,基岩,888.86
GX,GW001,GW001,23.60000,109.66000,0,70000000000.0,地表,346.28
GX,BR001,BR001,25.22000,109.38000,0,70000000000.0,地表,330.15
GX,ML007,ML007,24.92000,108.54000,0,70000000000.0,地表,900.00
GX,GJ001,GJ001,24.13000,110.18000,0,70000000000.0,地表,900.00
GX,GC003,GC003,23.78000,108.55000,0,70000000000.0,地表,900.00
GX,GJ002,GJ002,23.90000,110.07000,0,70000000000.0,地表,900.00
GX,HY001,HY001,24.98000,109.98000,0,70000000000.0,地表,280.92
GX,MU006,MU006,24.03000,108.32000,0,70000000000.0,地表,512.34
GX,GW002,GW002,23.44000,109.50000,0,70000000000.0,地表,246.36
GX,XBQXP,XBQXP,23.40000,109.17000,0,70000000000.0,基岩,900.00
GX,SLXBX,SLXBX,23.46000,108.80000,0,70000000000.0,基岩,312.25
GX,YFXLJ,YFXLJ,25.01000,110.12000,0,70000000000.0,基岩,900.00
GX,A0007,A0007,23.44000,108.81000,0,70000000000.0,地表,305.40
GX,MH001,MH001,24.86000,108.26000,0,70000000000.0,地表,900.00
GX,CP001,CP001,24.50000,110.40000,0,70000000000.0,地表,900.00
GX,MH004,MH004,25.18000,108.52000,0,70000000000.0,地表,900.00
GX,RQ001,RQ001,23.30000,109.47000,0,70000000000.0,地表,311.86
GX,AS001,AS001,23.44000,108.59000,0,70000000000.0,地表,475.52
GX,CL002,CL002,24.99000,110.30000,0,70000000000.0,地表,275.41
GX,M0004,M0004,24.10000,108.04000,0,70000000000.0,地表,900.00
GX,AB002,AB002,23.21000,109.11000,0,70000000000.0,地表,239.59
GX,HCS,河池台,24.67000,108.02000,0,70000000000.0,基岩,602.13
GX,MH005,MH005,25.21000,108.36000,0,70000000000.0,地表,871.60
GX,A0006,A0006,23.55000,108.32000,0,70000000000.0,地表,900.00
GX,CY001,CY001,24.78000,110.49000,0,70000000000.0,地表,887.30
GX,AB001,AB001,23.23000,108.81000,0,70000000000.0,地表,307.01
GX,CL003,CL003,25.38000,110.02000,0,70000000000.0,地表,361.24
GX,CL001,CL001,25.24000,110.21000,0,70000000000.0,地表,900.00
GX,DT002,DT002,23.91000,110.55000,0,70000000000.0,地表,610.35
GX,HS002,HS002,25.56000,109.80000,0,70000000000.0,地表,900.00
GX,HP001,HP001,24.64000,110.64000,0,70000000000.0,地表,900.00
GX,DM001,DM001,24.09000,110.64000,0,70000000000.0,地表,900.00
GX,AW003,AW003,23.31000,108.40000,0,70000000000.0,地表,337.11
GX,AH001,AH001,23.03000,109.25000,0,70000000000.0,地表,854.87
GX,AB003,AB003,23.05000,108.75000,0,70000000000.0,地表,900.00
GZ,HC001,HC001,25.73000,108.89000,0,70000000000.0,地表,900.00
GX,HL001,HL001,25.45000,110.28000,0,70000000000.0,地表,222.73
GZ,LIB01,LIB01,25.32000,108.03000,0,70000000000.0,基岩,335.34
GX,DT003,DT003,23.67000,110.69000,0,70000000000.0,地表,325.47
GX,RQ002,RQ002,22.87000,109.53000,0,70000000000.0,地表,276.57
GX,AM002,AM002,23.57000,107.82000,0,70000000000.0,地表,900.00
GX,AN001,AN001,22.95000,108.54000,0,70000000000.0,地表,317.53
GX,HS001,HS001,25.85000,109.84000,0,70000000000.0,地表,900.00
GX,AW002,AW002,23.38000,107.90000,0,70000000000.0,地表,750.13
GX,C0003,C0003,25.81000,110.02000,0,70000000000.0,地表,900.00
GZ,JL001,JL001,25.38000,107.87000,0,70000000000.0,地表,900.00
GX,RG006,RG006,22.96000,110.17000,0,70000000000.0,地表,900.00
GX,CX001,CX001,25.80000,110.30000,0,70000000000.0,地表,900.00
GX,C0002,C0002,25.53000,110.70000,0,70000000000.0,地表,742.77
GX,NNS,南宁台,22.89000,108.15000,0,70000000000.0,基岩,677.36
GX,AL002,AL002,23.04000,107.91000,0,70000000000.0,地表,310.83
GX,CZ004,CZ004,25.86000,110.61000,0,70000000000.0,地表,900.00
GX,BN001,BN001,25.49000,109.39000,0,70000000000.0,地表,900.00
XJ,M0027,M0027,41.32000,83.84000,0,70000000000.0,地表,197.46
XJ,M002E,M002E,41.32000,84.05000,0,70000000000.0,地表,180.00
XJ,ML003,ML003,41.48000,84.25000,0,70000000000.0,地表,209.37
XJ,M0028,M0028,41.25000,84.26000,0,70000000000.0,地表,180.23
XJ,M002D,M002D,41.70000,84.21000,0,70000000000.0,地表,232.75
XJ,ML001,ML001,41.77000,84.25000,0,70000000000.0,地表,258.74
XJ,N0031,N0031,41.79000,83.54000,0,70000000000.0,地表,366.96
XJ,KUQYH,KUQYH,41.89000,83.46000,0,70000000000.0,基岩,479.03
XJ,M002A,M002A,41.39000,84.79000,0,70000000000.0,地表,195.32
XJ,ML006,ML006,41.95000,84.58000,0,70000000000.0,地表,323.11
GX,A0001,A0001,22.86000,108.42000,0,70000000000.0,地表,317.09
GX,KR001,KR001,22.86000,110.54000,0,70000000000.0,地表,445.92
GX,GJ003,GJ003,24.18000,110.37000,0,70000000000.0,地表,758.97
GX,MU001,MU001,24.19000,108.13000,0,70000000000.0,地表,900.00
GX,AM001,AM001,23.71000,108.18000,0,70000000000.0,地表,900.00
GX,AL001,AL001,23.23000,107.82000,0,70000000000.0,地表,900.00
XJ,Q0030,Q0030,39.88000,77.81000,0,70000000000.0,地表,379.05
XJ,Q0002,Q0002,39.93000,78.00000,0,70000000000.0,地表,748.87
XJ,Q0024,Q0024,39.82000,77.67000,0,70000000000.0,地表,200.03
XJ,Q0003,Q0003,39.90000,78.11000,0,70000000000.0,地表,399.75
XJ,XKR,西克尔台,39.83000,77.58000,0,70000000000.0,基岩,763.75
XJ,Q0022,Q0022,39.73000,77.77000,0,70000000000.0,地表,205.28
XJ,Q0026,Q0026,39.71000,77.91000,0,70000000000.0,地表,210.67
XJ,Q001A,Q001A,39.81000,77.49000,0,70000000000.0,地表,425.33
XJ,Q0023,Q0023,39.68000,77.71000,0,70000000000.0,地表,191.79
XJ,Q0018,Q0018,39.71000,78.04000,0,70000000000.0,地表,200.45
XJ,QJ001,QJ001,39.68000,77.59000,0,70000000000.0,地表,199.71
XJ,Q0032,Q0032,39.72000,77.50000,0,70000000000.0,地表,217.68
XJ,QJ005,QJ005,39.81000,77.37000,0,70000000000.0,地表,376.23
XJ,Q0016,Q0016,39.77000,78.26000,0,70000000000.0,地表,196.16
XJ,Q0031,Q0031,39.64000,77.50000,0,70000000000.0,地表,199.89
XJ,Q0025,Q0025,39.72000,77.35000,0,70000000000.0,地表,192.49
XJ,M002F,M002F,41.20000,84.75000,0,70000000000.0,地表,194.37
XZ,G0002,G0002,28.72000,96.78000,0,70000000000.0,地表,646.92
XJ,P0016,P0016,38.66000,73.99000,0,70000000000.0,地表,380.26
XJ,P0010,P0010,38.91000,74.07000,0,70000000000.0,地表,640.45
XJ,P0019,P0019,39.15000,73.95000,0,70000000000.0,地表,487.38
XJ,AKTMJ,AKTMJ,38.98000,74.37000,0,70000000000.0,基岩,311.13
XJ,P000F,P000F,39.11000,74.30000,0,70000000000.0,地表,338.42
XJ,P001A,P001A,39.37000,74.01000,0,70000000000.0,地表,900.00
XJ,ML005,ML005,41.92000,84.18000,0,70000000000.0,地表,293.19
XJ,N002E,N002E,41.55000,83.06000,0,70000000000.0,地表,223.64
XJ,NS002,NS002,41.44000,82.88000,0,70000000000.0,地表,227.63
XJ,NK001,NK001,41.72000,82.95000,0,70000000000.0,地表,288.46
XJ,N0034,N0034,41.55000,82.84000,0,70000000000.0,地表,215.87
XJ,N0047,N0047,41.45000,82.80000,0,70000000000.0,地表,210.56
XJ,NX001,NX001,41.55000,82.61000,0,70000000000.0,地表,205.47
XJ,YLIKE,YLIKE,40.92000,85.33000,0,70000000000.0,基岩,201.34
XJ,NB006,NB006,41.83000,82.44000,0,70000000000.0,地表,314.11
XJ,AW001,AW001,43.72000,87.59000,0,70000000000.0,地表,401.65
XJ,JIMQZ,JIMQZ,43.71000,89.12000,0,70000000000.0,基岩,780.18
XJ,B0001,B0001,43.71000,86.84000,0,70000000000.0,地表,605.91
XJ,KK001,KK001,42.78000,88.65000,0,70000000000.0,地表,239.95
XJ,ML004,ML004,41.86000,84.14000,0,70000000000.0,地表,311.58
XJ,LTA,轮台台,42.02000,84.17000,0,70000000000.0,基岩,435.90
SC,W2215,W2215,28.29000,100.67000,0,70000000000.0,地表,900.00
SC,WX002,WX002,28.28000,100.86000,0,70000000000.0,地表,319.98
SC,W2201,W2201,28.54000,100.87000,0,70000000000.0,地表,879.24
SC,W2271,W2271台,28.49000,100.91000,0,70000000000.0,地表,453.56
SC,V3709,V3709,28.57000,100.46000,0,70000000000.0,地表,900.00
SC,WX003,WX003,28.13000,100.93000,0,70000000000.0,地表,900.00
SC,V3712,V3712,28.56000,100.34000,0,70000000000.0,地表,734.37
SC,XGLJ,香格里拉镇基准站,28.58000,100.33000,0,70000000000.0,基岩,900.00
SC,W2216,W2216,28.74000,100.89000,0,70000000000.0,地表,900.00
SC,W2213,W2213,27.99000,100.55000,0,70000000000.0,地表,900.00
SC,MLWJ,MLWJ,27.96000,100.75000,0,70000000000.0,基岩,412.85
SC,V3708,V3708,28.80000,100.45000,0,70000000000.0,地表,605.21
SC,W2206,W2206,28.05000,101.02000,0,70000000000.0,地表,900.00
SC,V3702,V3702,28.65000,100.25000,0,70000000000.0,地表,695.54
SC,V3706,V3706,28.11000,100.26000,0,70000000000.0,地表,900.00
SC,W2210,W2210,28.62000,101.22000,0,70000000000.0,地表,900.00
SC,V2408,V2408,28.76000,101.27000,0,70000000000.0,地表,900.00
SC,V2401,V2401,28.88000,101.19000,0,70000000000.0,地表,900.00
SC,W2307,W2307,27.75000,100.80000,0,70000000000.0,地表,900.00
YN,R0110,R0110,27.94000,100.08000,0,70000000000.0,地表,900.00
YN,RX002,RX002,28.06000,99.77000,0,70000000000.0,地表,433.72
SC,V2472,V2472台,28.91000,101.54000,0,70000000000.0,地表,900.00
XJ,NK004,NK004,41.75000,83.24000,0,70000000000.0,地表,270.89
XJ,ML007,ML007,42.01000,85.08000,0,70000000000.0,地表,296.60
XJ,NX002,NX002,41.54000,82.43000,0,70000000000.0,地表,217.92
XJ,HQ001,HQ001,46.66000,90.38000,0,70000000000.0,地表,247.14
XJ,BTS,北塔山台,45.29000,90.51000,0,70000000000.0,基岩,317.08
XJ,QHE,青河台,46.49000,90.73000,0,70000000000.0,基岩,537.42
SC,J2101,J2101,30.65000,105.63000,0,70000000000.0,地表,473.42
XJ,HJGGJ,HJGGJ,42.62000,83.67000,0,70000000000.0,基岩,399.41
XJ,HJGSR,HJGSR,42.76000,84.56000,0,70000000000.0,基岩,346.39
XJ,LTXCD,LTXCD,42.08000,84.89000,0,70000000000.0,基岩,456.09
XJ,LTXYX,LTXYX,42.08000,84.40000,0,70000000000.0,基岩,519.24
XJ,ML002,ML002,41.99000,84.89000,0,70000000000.0,地表,321.63
XJ,MH004,MH004,42.88000,84.32000,0,70000000000.0,地表,442.16
XJ,HJGSL,HJGSL,42.71000,83.98000,0,70000000000.0,基岩,306.94
XJ,M000E,M000E,43.08000,84.60000,0,70000000000.0,地表,461.90
XJ,HJGEL,HJGEL,43.09000,84.83000,0,70000000000.0,基岩,900.00
XJ,HJGAN,HJGAN,43.09000,84.37000,0,70000000000.0,基岩,812.48
XJ,MH003,MH003,43.04000,84.18000,0,70000000000.0,地表,299.47
XJ,M0010,M0010,43.20000,84.85000,0,70000000000.0,地表,775.57
XJ,M0011,M0011,43.18000,84.99000,0,70000000000.0,地表,554.75
XJ,MK003,MK003,41.92000,85.46000,0,70000000000.0,地表,359.13
XJ,MH005,MH005,42.83000,83.72000,0,70000000000.0,地表,281.31
XJ,MH006,MH006,43.27000,84.54000,0,70000000000.0,地表,540.93
XJ,HJGHR,HJGHR,43.02000,83.79000,0,70000000000.0,基岩,486.86
XJ,MT002,MT002,41.83000,85.50000,0,70000000000.0,地表,222.21
XJ,F0060,F0060,43.28000,84.28000,0,70000000000.0,地表,900.00
XJ,HJGGN,HJGGN,43.34000,84.62000,0,70000000000.0,基岩,496.68
XJ,MT001,MT001,41.82000,85.66000,0,70000000000.0,地表,228.79
XJ,XYTNL,XYTNL,43.34000,84.06000,0,70000000000.0,基岩,742.82
XJ,F005F,F005F,43.34000,83.96000,0,70000000000.0,地表,322.02
XJ,FX001,FX001,43.40000,83.94000,0,70000000000.0,地表,405.61
XJ,F005E,F005E,43.38000,83.88000,0,70000000000.0,地表,323.40
XJ,WQAWL,WQAWL,39.79000,74.47000,0,70000000000.0,基岩,842.94
XJ,P0061,P0061,39.82000,74.51000,0,70000000000.0,地表,623.93
XJ,PW011,PW011,39.82000,74.34000,0,70000000000.0,地表,464.39
XJ,P0063,P0063,39.84000,74.59000,0,70000000000.0,地表,462.99
XJ,PW010,PW010,39.68000,74.79000,0,70000000000.0,地表,806.24
XJ,P005A,P005A,39.80000,74.25000,0,70000000000.0,地表,783.56
XJ,P0060,P0060,39.86000,74.35000,0,70000000000.0,地表,416.35
XJ,P0069,P0069,39.39000,74.70000,0,70000000000.0,地表,688.63
XJ,P005B,P005B,39.74000,74.16000,0,70000000000.0,地表,348.90
XJ,P005D,P005D,39.77000,74.18000,0,70000000000.0,地表,761.99
XJ,P0056,P0056,39.90000,74.40000,0,70000000000.0,地表,371.21
XJ,P0062,P0062,39.81000,74.78000,0,70000000000.0,地表,541.97
XJ,P0058,P0058,39.89000,74.29000,0,70000000000.0,地表,429.29
XJ,P006C,P006C,39.79000,74.85000,0,70000000000.0,地表,392.87
XJ,P0057,P0057,39.98000,74.48000,0,70000000000.0,地表,619.61
XJ,PW006,PW006,39.82000,74.10000,0,70000000000.0,地表,786.03
XJ,P0059,P0059,39.98000,74.31000,0,70000000000.0,地表,429.47
XJ,P005E,P005E,39.87000,74.10000,0,70000000000.0,地表,750.56
XJ,P0055,P0055,40.02000,74.57000,0,70000000000.0,地表,772.73
XJ,P006A,P006A,39.48000,74.99000,0,70000000000.0,地表,415.10
XJ,P0075,P0075,39.66000,75.02000,0,70000000000.0,地表,515.43
XJ,PW007,PW007,39.73000,75.03000,0,70000000000.0,地表,486.05
XJ,WQAPE,WQAPE,39.53000,75.07000,0,70000000000.0,基岩,533.49
XJ,P0068,P0068,39.33000,74.96000,0,70000000000.0,地表,538.41
XJ,PW005,PW005,39.70000,75.19000,0,70000000000.0,地表,295.36
XJ,P0073,P0073,39.53000,75.20000,0,70000000000.0,地表,521.65
XJ,WUQ,乌恰台,39.74000,75.24000,0,70000000000.0,基岩,422.10
XJ,P0070,P0070,39.67000,75.35000,0,70000000000.0,地表,402.83
XJ,Q005F,Q005F,39.36000,75.41000,0,70000000000.0,地表,410.00
XJ,PW009,PW009,40.16000,75.32000,0,70000000000.0,地表,729.08
XJ,Q0004,Q0004,39.95000,78.44000,0,70000000000.0,地表,406.96
XJ,Q0010,Q0010,39.80000,78.42000,0,70000000000.0,地表,201.06
XJ,Q0011,Q0011,39.84000,78.53000,0,70000000000.0,地表,198.03
XJ,Q000F,Q000F,39.72000,78.41000,0,70000000000.0,地表,223.89
XJ,Q0017,Q0017,39.72000,78.50000,0,70000000000.0,地表,196.64
XJ,Q0007,Q0007,39.62000,78.36000,0,70000000000.0,地表,214.10
XJ,Q0012,Q0012,39.76000,78.65000,0,70000000000.0,地表,212.06
XJ,WSC,乌什城台,43.46000,87.69000,0,70000000000.0,基岩,576.54
XJ,A0034,A0034,43.51000,88.11000,0,70000000000.0,地表,439.16
XJ,A0007,A0007,43.67000,87.76000,0,70000000000.0,地表,441.75
XJ,TOKQM,TOKQM,43.02000,88.29000,0,70000000000.0,基岩,309.79
XJ,DBCCW,DBCCW,43.67000,87.99000,0,70000000000.0,基岩,585.95
XJ,AT004,AT004,43.73000,87.62000,0,70000000000.0,地表,391.04
XJ,DBCDG,DBCDG,43.35000,88.41000,0,70000000000.0,基岩,694.59
XJ,AT006,AT006,43.74000,87.64000,0,70000000000.0,地表,421.99
XJ,A0004,A0004,43.22000,88.45000,0,70000000000.0,地表,531.80
XJ,AY007,AY007,43.73000,87.50000,0,70000000000.0,地表,362.88
XJ,A000A,A000A,43.46000,88.37000,0,70000000000.0,地表,398.43
XJ,AT008,AT008,43.76000,87.61000,0,70000000000.0,地表,355.23
XJ,AY004,AY004,43.76000,87.58000,0,70000000000.0,地表,386.65
XJ,A0021,A0021,43.75000,87.47000,0,70000000000.0,地表,480.01
XJ,AT011,AT011,43.78000,87.65000,0,70000000000.0,地表,439.22
XJ,AT005,AT005,43.78000,87.61000,0,70000000000.0,地表,325.50
XJ,DBCHG,DBCHG,43.59000,88.31000,0,70000000000.0,基岩,510.47
XJ,AT002,AT002,43.79000,87.63000,0,70000000000.0,地表,341.82
XJ,AT009,AT009,43.80000,87.64000,0,70000000000.0,地表,371.04
XJ,K0004,K0004,43.11000,88.51000,0,70000000000.0,地表,460.97
XJ,AT007,AT007,43.80000,87.60000,0,70000000000.0,地表,328.81
XJ,AY009,AY009,43.80000,87.56000,0,70000000000.0,地表,396.61
XJ,WMQ,乌鲁木齐台,43.81000,87.70000,0,70000000000.0,基岩,453.67
XJ,A0022,A0022,43.80000,87.53000,0,70000000000.0,地表,400.24
XJ,AJ003,AJ003,43.79000,87.47000,0,70000000000.0,地表,410.32
XJ,AY008,AY008,43.80000,87.52000,0,70000000000.0,地表,375.90
XJ,AY006,AY006,43.81000,87.57000,0,70000000000.0,地表,350.19
XJ,AT003,AT003,43.82000,87.63000,0,70000000000.0,地表,348.43
XJ,AY001,AY001,43.82000,87.55000,0,70000000000.0,地表,361.99
XJ,AY002,AY002,43.83000,87.58000,0,70000000000.0,地表,310.26
XJ,AT001,AT001,43.84000,87.71000,0,70000000000.0,地表,328.52
XJ,A0023,A0023,43.83000,87.52000,0,70000000000.0,地表,449.06
XJ,A0026,A0026,43.79000,87.35000,0,70000000000.0,地表,401.45
XJ,B0009,B0009,43.74000,87.22000,0,70000000000.0,地表,427.67
XJ,AS005,AS005,43.85000,87.65000,0,70000000000.0,地表,446.07
XJ,A0020,A0020,43.84000,87.54000,0,70000000000.0,地表,399.52
XJ,A0001,A0001,43.54000,88.48000,0,70000000000.0,地表,522.39
XJ,AG006,AG006,43.86000,87.59000,0,70000000000.0,地表,324.29
XJ,A0027,A0027,43.87000,87.68000,0,70000000000.0,地表,388.64
XJ,AS001,AS001,43.88000,87.67000,0,70000000000.0,地表,404.54
XJ,GAZ,高崖子台,43.53000,88.58000,0,70000000000.0,基岩,554.46
XJ,A001C,A001C,43.93000,87.80000,0,70000000000.0,地表,458.09
XJ,A001D,A001D,43.95000,87.77000,0,70000000000.0,地表,392.38
XJ,B000C,B000C,43.71000,86.93000,0,70000000000.0,地表,572.16
XJ,A0011,A0011,43.95000,88.00000,0,70000000000.0,地表,531.46
XJ,B000E,B000E,43.96000,87.27000,0,70000000000.0,地表,326.34
XJ,B0007,B0007,43.95000,87.23000,0,70000000000.0,地表,322.72
XJ,BF002,BF002,44.01000,88.00000,0,70000000000.0,地表,460.45
XJ,A0035,A0035,44.02000,87.46000,0,70000000000.0,地表,266.83
XJ,B000A,B000A,44.08000,87.40000,0,70000000000.0,地表,244.74
XJ,A0010,A0010,44.13000,87.77000,0,70000000000.0,地表,256.11
XJ,BF001,BF001,44.17000,87.98000,0,70000000000.0,地表,280.82
XJ,B001B,B001B,44.15000,88.23000,0,70000000000.0,地表,362.29
XJ,B0018,B0018,44.05000,88.52000,0,70000000000.0,地表,460.93
XJ,B0013,B0013,44.09000,88.46000,0,70000000000.0,地表,467.21
XJ,B001A,B001A,44.19000,88.42000,0,70000000000.0,地表,287.12
XJ,Q0077,Q0077,37.42000,75.37000,0,70000000000.0,地表,399.58
XJ,TAG,塔什库尔干台,37.78000,75.17000,0,70000000000.0,基岩,733.83
XJ,QT001,QT001,37.78000,75.23000,0,70000000000.0,地表,387.95
XJ,Q0078,Q0078,37.70000,75.52000,0,70000000000.0,地表,417.71
XJ,Q007A,Q007A,38.02000,75.08000,0,70000000000.0,地表,420.66
XJ,Q0079,Q0079,38.14000,74.97000,0,70000000000.0,地表,691.93
XJ,P001C,P001C,38.04000,75.75000,0,70000000000.0,地表,782.30
HE,HQ001,HQ001,41.96000,117.21000,0,70000000000.0,地表,524.38
NM,H0007,H0007,42.72000,116.05000,0,70000000000.0,地表,222.48
NM,HQ001,HQ001,42.23000,116.00000,0,70000000000.0,地表,307.37
NM,D0009,D0009,42.93000,117.47000,0,70000000000.0,地表,763.99
NM,D0010,D0010,43.17000,117.17000,0,70000000000.0,地表,788.90
NM,DK001,DK001,43.37000,116.95000,0,70000000000.0,地表,725.80
HE,HN001,HN001,41.68000,116.09000,0,70000000000.0,地表,442.54
HE,HN004,HN004,41.49000,116.77000,0,70000000000.0,地表,612.23
HE,GUY,沽源台,41.66000,115.82000,0,70000000000.0,基岩,525.86
HE,WEC,围场台,38.85000,116.45000,0,70000000000.0,基岩,208.03
NM,HL001,HL001,42.18000,116.47000,0,70000000000.0,地表,254.34
NM,H0010,H0010,42.09000,116.66000,0,70000000000.0,地表,684.99
XJ,J000D,J000D,45.21000,85.07000,0,70000000000.0,地表,208.90
XJ,B0029,B0029,43.78000,86.58000,0,70000000000.0,地表,605.31
XJ,HTBQE,HTBQE,43.83000,86.33000,0,70000000000.0,基岩,365.97
XJ,STZ,石梯子台,43.71000,86.65000,0,70000000000.0,基岩,770.15
XJ,BH003,BH003,43.88000,86.48000,0,70000000000.0,地表,477.67
XJ,B004B,B004B,43.84000,86.10000,0,70000000000.0,地表,530.70
XJ,B0028,B0028,43.99000,86.52000,0,70000000000.0,地表,374.98
XJ,B004C,B004C,43.97000,86.07000,0,70000000000.0,地表,536.60
XJ,MASQS,MASQS,43.91000,85.96000,0,70000000000.0,基岩,585.73
XJ,B004E,B004E,44.08000,86.35000,0,70000000000.0,地表,653.81
XJ,BH004,BH004,43.99000,86.81000,0,70000000000.0,地表,349.98
XJ,HTB,呼图壁台,44.09000,86.58000,0,70000000000.0,基岩,703.48
XJ,MASBJ,MASBJ,44.12000,86.30000,0,70000000000.0,基岩,688.51
XJ,CJSAS,CJSAS,43.82000,87.01000,0,70000000000.0,基岩,604.06
XJ,BM006,BM006,44.09000,86.11000,0,70000000000.0,地表,368.41
XJ,G0012,G0012,43.91000,85.81000,0,70000000000.0,地表,511.09
XJ,BC002,BC002,43.92000,87.01000,0,70000000000.0,地表,370.06
XJ,B0023,B0023,44.17000,86.57000,0,70000000000.0,地表,295.17
XJ,BM004,BM004,44.20000,86.46000,0,70000000000.0,地表,282.71
XJ,B002B,B002B,44.18000,86.70000,0,70000000000.0,地表,317.34
XJ,B002D,B002D,44.12000,86.86000,0,70000000000.0,地表,343.65
XJ,B004A,B004A,44.23000,86.35000,0,70000000000.0,地表,343.08
XJ,BC006,BC006,44.00000,87.06000,0,70000000000.0,地表,330.28
XJ,GS006,GS006,44.07000,85.80000,0,70000000000.0,地表,356.10
XJ,B002C,B002C,44.19000,86.82000,0,70000000000.0,地表,325.52
XJ,B0027,B0027,44.18000,86.86000,0,70000000000.0,地表,334.71
XJ,B0044,B0044,44.26000,86.20000,0,70000000000.0,地表,330.29
XJ,B0043,B0043,44.28000,86.49000,0,70000000000.0,地表,264.33
XJ,B002A,B002A,44.26000,86.66000,0,70000000000.0,地表,240.71
XJ,B0010,B0010,44.09000,87.04000,0,70000000000.0,地表,300.99
XJ,BC005,BC005,43.93000,87.20000,0,70000000000.0,地表,303.87
XJ,B0048,B0048,44.30000,86.33000,0,70000000000.0,地表,243.65
XJ,BH001,BH001,44.20000,86.89000,0,70000000000.0,地表,304.89
XJ,B0024,B0024,44.17000,86.96000,0,70000000000.0,地表,290.26
XJ,B000F,B000F,44.04000,87.13000,0,70000000000.0,地表,292.48
XJ,B003F,B003F,44.31000,86.42000,0,70000000000.0,地表,244.43
XJ,BM001,BM001,44.30000,86.22000,0,70000000000.0,地表,291.58
XJ,B0046,B0046,44.30000,86.19000,0,70000000000.0,地表,318.56
XJ,C0009,C0009,44.29000,86.11000,0,70000000000.0,地表,295.56
XJ,B0045,B0045,44.31000,86.17000,0,70000000000.0,地表,305.24
XJ,G001A,G001A,44.25000,85.96000,0,70000000000.0,地表,335.82
XJ,C0004,C0004,44.30000,86.11000,0,70000000000.0,地表,311.90
XJ,C000A,C000A,44.28000,86.03000,0,70000000000.0,地表,329.36
XJ,G0011,G0011,44.16000,85.78000,0,70000000000.0,地表,386.42
XJ,C0005,C0005,44.29000,86.06000,0,70000000000.0,地表,314.68
XJ,SHZ,石河子台,44.21000,85.86000,0,70000000000.0,基岩,510.29
XJ,B0047,B0047,44.32000,86.18000,0,70000000000.0,地表,294.24
XJ,AJ001,AJ001,43.86000,87.30000,0,70000000000.0,地表,353.49
XJ,B0006,B0006,44.06000,87.17000,0,70000000000.0,地表,279.13
XJ,A002A,A002A,43.89000,87.29000,0,70000000000.0,地表,348.91
XJ,B0042,B0042,44.34000,86.26000,0,70000000000.0,地表,249.97
XJ,C000C,C000C,44.29000,86.01000,0,70000000000.0,地表,322.79
XJ,M0008,M0008,43.03000,86.06000,0,70000000000.0,地表,584.14
XJ,CS001,CS001,44.30000,86.02000,0,70000000000.0,地表,330.44
XJ,C000B,C000B,44.32000,86.07000,0,70000000000.0,地表,315.38
XJ,C0008,C0008,44.30000,86.00000,0,70000000000.0,地表,283.93
XJ,C0006,C0006,44.32000,86.05000,0,70000000000.0,地表,317.23
XJ,C0007,C0007,44.33000,86.07000,0,70000000000.0,地表,298.86
XJ,B0011,B0011,44.03000,87.25000,0,70000000000.0,地表,276.53
XJ,C0001,C0001,44.33000,86.02000,0,70000000000.0,地表,280.75
XJ,HJGAB,HJGAB,43.11000,85.79000,0,70000000000.0,基岩,518.50
XJ,B0002,B0002,44.00000,87.30000,0,70000000000.0,地表,294.85
XJ,AJ005,AJ005,43.87000,87.37000,0,70000000000.0,地表,410.02
XJ,G000C,G000C,44.28000,85.87000,0,70000000000.0,地表,283.49
XJ,AJ002,AJ002,43.94000,87.34000,0,70000000000.0,地表,348.42
XJ,BC001,BC001,44.02000,87.29000,0,70000000000.0,地表,285.09
XJ,A0029,A0029,43.97000,87.33000,0,70000000000.0,地表,343.46
XJ,B000D,B000D,44.03000,87.31000,0,70000000000.0,地表,279.30
XJ,A002B,A002B,43.91000,87.39000,0,70000000000.0,地表,357.33
XJ,BLT,巴仑台台,42.94000,86.66000,0,70000000000.0,基岩,561.99
XJ,B000B,B000B,44.03000,87.33000,0,70000000000.0,地表,276.99
XJ,AJ004,AJ004,43.87000,87.42000,0,70000000000.0,地表,403.76
XJ,B0049,B0049,44.43000,86.46000,0,70000000000.0,地表,230.34
XJ,BC003,BC003,44.11000,87.28000,0,70000000000.0,地表,264.99
XJ,HJGBG,HJGBG,42.92000,86.17000,0,70000000000.0,基岩,900.00
XJ,A0025,A0025,43.83000,87.45000,0,70000000000.0,地表,229.90
XJ,B0050,B0050,44.45000,86.36000,0,70000000000.0,地表,230.55
XJ,G001B,G001B,44.35000,85.86000,0,70000000000.0,地表,264.28
XJ,A003A,A003A,43.98000,87.41000,0,70000000000.0,地表,283.33
XJ,HTBYH,HTBYH,44.36000,86.94000,0,70000000000.0,基岩,266.38
XJ,A003B,A003B,43.87000,87.48000,0,70000000000.0,地表,396.67
XJ,M000B,M000B,42.87000,86.46000,0,70000000000.0,地表,697.31
XJ,BH005,BH005,44.40000,86.87000,0,70000000000.0,地表,247.66
XJ,C0002,C0002,44.44000,86.08000,0,70000000000.0,地表,222.28
XJ,A000D,A000D,43.84000,87.50000,0,70000000000.0,地表,430.93
XJ,B0005,B0005,44.13000,87.33000,0,70000000000.0,地表,248.32
XJ,B0003,B0003,44.10000,87.36000,0,70000000000.0,地表,245.48
XJ,B0025,B0025,44.44000,86.78000,0,70000000000.0,地表,231.38
XJ,B0058,B0058,44.25000,87.21000,0,70000000000.0,地表,234.92
XJ,AG003,AG003,43.88000,87.51000,0,70000000000.0,地表,360.26
XJ,A002C,A002C,43.94000,87.49000,0,70000000000.0,地表,321.51
XJ,A000E,A000E,43.85000,87.53000,0,70000000000.0,地表,380.58
XJ,C0003,C0003,44.45000,85.98000,0,70000000000.0,地表,260.14
XJ,AG010,AG010,43.85000,87.56000,0,70000000000.0,地表,324.44
XJ,AG004,AG004,43.87000,87.56000,0,70000000000.0,地表,333.12
XJ,G000D,G000D,44.43000,85.86000,0,70000000000.0,地表,236.82
XJ,AW003,AW003,43.99000,87.51000,0,70000000000.0,地表,302.64
XJ,AY005,AY005,43.82000,87.58000,0,70000000000.0,地表,326.87
XJ,B0041,B0041,44.53000,86.32000,0,70000000000.0,地表,212.92
XJ,B0051,B0051,44.52000,86.20000,0,70000000000.0,地表,210.63
XJ,AG005,AG005,43.89000,87.57000,0,70000000000.0,地表,352.34
XJ,AY003,AY003,43.81000,87.60000,0,70000000000.0,地表,376.91
XJ,A002D,A002D,43.98000,87.54000,0,70000000000.0,地表,302.47
XJ,SHZBQ,SHZBQ,44.50000,86.01000,0,70000000000.0,基岩,215.96
XJ,AS006,AS006,43.85000,87.60000,0,70000000000.0,地表,411.37
XJ,B0004,B0004,44.25000,87.34000,0,70000000000.0,地表,239.08
XJ,G0014,G0014,44.43000,85.77000,0,70000000000.0,地表,244.40
XJ,B0056,B0056,44.36000,87.19000,0,70000000000.0,地表,212.10
XJ,AS003,AS003,43.83000,87.62000,0,70000000000.0,地表,394.93
XJ,A0037,A0037,44.04000,87.54000,0,70000000000.0,地表,256.19
XJ,B0053,B0053,44.57000,86.47000,0,70000000000.0,地表,233.60
XJ,B0055,B0055,44.44000,87.06000,0,70000000000.0,地表,223.95
XJ,BH002,BH002,44.55000,86.73000,0,70000000000.0,地表,216.43
XJ,M0009,M0009,42.76000,86.32000,0,70000000000.0,地表,541.90
XJ,B005A,B005A,44.14000,87.50000,0,70000000000.0,地表,231.95
XJ,A0015,A0015,43.97000,87.63000,0,70000000000.0,地表,311.78
XJ,A001F,A001F,44.07000,87.59000,0,70000000000.0,地表,269.75
XJ,B0059,B0059,44.16000,87.53000,0,70000000000.0,地表,236.85
XJ,AM001,AM001,43.97000,87.65000,0,70000000000.0,地表,337.45
XJ,AM005,AM005,44.13000,87.56000,0,70000000000.0,地表,229.17
XJ,A0014,A0014,43.94000,87.67000,0,70000000000.0,地表,347.95
XJ,BC004,BC004,44.39000,87.28000,0,70000000000.0,地表,235.89
XJ,B0026,B0026,44.62000,86.58000,0,70000000000.0,地表,206.99
XJ,CS003,CS003,44.48000,85.68000,0,70000000000.0,地表,233.88
XJ,AM004,AM004,43.90000,87.71000,0,70000000000.0,地表,386.51
XJ,A0018,A0018,44.02000,87.66000,0,70000000000.0,地表,290.51
XJ,AM002,AM002,43.96000,87.69000,0,70000000000.0,地表,371.88
XJ,A001E,A001E,44.14000,87.59000,0,70000000000.0,地表,236.49
XJ,G0018,G0018,44.56000,85.85000,0,70000000000.0,地表,251.83
XJ,B0057,B0057,44.33000,87.41000,0,70000000000.0,地表,224.10
XJ,A0017,A0017,44.11000,87.62000,0,70000000000.0,地表,260.99
XJ,BM002,BM002,44.62000,86.07000,0,70000000000.0,地表,209.71
XJ,A0019,A0019,44.00000,87.69000,0,70000000000.0,地表,338.19
XJ,B005B,B005B,44.22000,87.56000,0,70000000000.0,地表,222.58
XJ,BM007,BM007,44.65000,86.13000,0,70000000000.0,地表,220.01
XJ,HJGBL,HJGBL,42.67000,86.32000,0,70000000000.0,基岩,900.00
XJ,B0040,B0040,44.67000,86.25000,0,70000000000.0,地表,223.35
XJ,A0028,A0028,43.82000,87.79000,0,70000000000.0,地表,560.10
XJ,B005D,B005D,44.26000,87.55000,0,70000000000.0,地表,230.50
XJ,A0036,A0036,43.87000,87.79000,0,70000000000.0,地表,538.98
XJ,G0015,G0015,44.63000,85.92000,0,70000000000.0,地表,230.81
XJ,A0013,A0013,44.11000,87.69000,0,70000000000.0,地表,277.79
XJ,M000A,M000A,42.65000,86.10000,0,70000000000.0,地表,763.83
XJ,B004F,B004F,44.72000,86.43000,0,70000000000.0,地表,202.35
XJ,GS004,GS004,44.64000,85.78000,0,70000000000.0,地表,224.18
XJ,B005C,B005C,44.26000,87.65000,0,70000000000.0,地表,215.65
XJ,BW001,BW001,44.40000,87.53000,0,70000000000.0,地表,216.99
XJ,B003B,B003B,44.76000,86.24000,0,70000000000.0,地表,197.91
XJ,G000A,G000A,44.56000,85.52000,0,70000000000.0,地表,236.25
XJ,CS002,CS002,44.76000,86.21000,0,70000000000.0,地表,211.63
XJ,BYH,BYH,43.98000,87.87000,0,70000000000.0,基岩,409.99
XJ,A0012,A0012,43.97000,87.88000,0,70000000000.0,地表,509.47
XJ,B0054,B0054,44.48000,87.48000,0,70000000000.0,地表,219.25
XJ,B001C,B001C,44.15000,87.81000,0,70000000000.0,地表,256.60
XJ,B0022,B0022,44.79000,86.56000,0,70000000000.0,地表,197.61
XJ,G0019,G0019,44.69000,85.71000,0,70000000000.0,地表,229.32
XJ,B001E,B001E,44.15000,87.86000,0,70000000000.0,地表,281.67
XJ,B0052,B0052,44.83000,86.43000,0,70000000000.0,地表,216.69
XJ,M0015,M0015,42.51000,86.26000,0,70000000000.0,地表,900.00
XJ,G0002,G0002,44.66000,85.54000,0,70000000000.0,地表,215.71
XJ,B001F,B001F,44.15000,87.89000,0,70000000000.0,地表,289.25
XJ,BM003,BM003,44.86000,86.31000,0,70000000000.0,地表,204.00
XJ,WJSYL,WJSYL,44.61000,87.43000,0,70000000000.0,基岩,203.26
XJ,XYD,下野地台,44.66000,85.46000,0,70000000000.0,基岩,215.23
XJ,B003C,B003C,44.87000,86.14000,0,70000000000.0,地表,204.89
XJ,HJGHE,HJGHE,42.44000,86.10000,0,70000000000.0,基岩,558.40
XJ,FKGEE,FKGEE,44.35000,87.89000,0,70000000000.0,基岩,213.59
XJ,B003D,B003D,44.95000,86.21000,0,70000000000.0,地表,191.40
XJ,G0005,G0005,44.67000,85.27000,0,70000000000.0,地表,226.33
XJ,G0001,G0001,44.82000,85.57000,0,70000000000.0,地表,215.78
XJ,MH001,MH001,42.32000,86.41000,0,70000000000.0,地表,326.76
XJ,G0004,G0004,44.69000,85.17000,0,70000000000.0,地表,228.99
XJ,B003E,B003E,45.01000,86.10000,0,70000000000.0,地表,203.59
XJ,M0016,M0016,42.31000,86.34000,0,70000000000.0,地表,282.81
XJ,M0013,M0013,42.30000,86.05000,0,70000000000.0,地表,254.14
XJ,MH002,MH002,42.25000,86.14000,0,70000000000.0,地表,262.38
XJ,M000D,M000D,42.24000,86.22000,0,70000000000.0,地表,225.04
XJ,M0017,M0017,42.23000,86.43000,0,70000000000.0,地表,216.59
XJ,M0018,M0018,42.21000,86.33000,0,70000000000.0,地表,228.80
XJ,G0003,G0003,44.80000,85.11000,0,70000000000.0,地表,214.74
XJ,G0007,G0007,44.91000,85.27000,0,70000000000.0,地表,214.88
XJ,SHZYW,SHZYW,45.13000,85.98000,0,70000000000.0,基岩,181.39
XJ,M000C,M000C,42.22000,85.82000,0,70000000000.0,地表,538.34
XJ,M0014,M0014,42.27000,85.62000,0,70000000000.0,地表,608.60
XJ,GS007,GS007,44.97000,85.25000,0,70000000000.0,地表,199.61
XJ,JK003,JK003,45.10000,85.20000,0,70000000000.0,地表,217.75
XJ,B004D,B004D,43.97000,86.30000,0,70000000000.0,地表,426.90
XJ,BM005,BM005,43.91000,86.06000,0,70000000000.0,地表,631.75
YN,M2309,M2309,24.44000,98.73000,0,70000000000.0,地表,543.61
YN,M2313,M2313,24.56000,98.77000,0,70000000000.0,地表,664.18
YN,M2310,M2310,24.72000,98.80000,0,70000000000.0,地表,527.01
YN,M2307,M2307,24.14000,98.73000,0,70000000000.0,地表,757.42
YN,N2306,N2306,24.77000,97.71000,0,70000000000.0,地表,389.06
YN,NY004,NY004,24.62000,97.65000,0,70000000000.0,地表,288.82
YN,N2303,N2303,24.71000,97.57000,0,70000000000.0,地表,558.79
YN,N2304,N2304,24.61000,97.89000,0,70000000000.0,地表,305.84
YN,NY003,NY003,24.77000,97.93000,0,70000000000.0,地表,250.03
YN,N2309,N2309,24.70000,97.95000,0,70000000000.0,地表,364.94
YN,N2302,N2302,24.90000,97.90000,0,70000000000.0,地表,402.58
YN,N2402,N2402,24.48000,97.91000,0,70000000000.0,地表,407.98
YN,N2301,N2301,25.02000,97.82000,0,70000000000.0,地表,653.90
YN,NY001,NY001,24.74000,98.08000,0,70000000000.0,地表,290.56
YN,N2409,N2409,24.54000,98.05000,0,70000000000.0,地表,900.00
YN,N2403,N2403,24.57000,98.10000,0,70000000000.0,地表,784.05
YN,N2307,N2307,24.85000,98.12000,0,70000000000.0,地表,386.38
YN,N2401,N2401,24.37000,97.97000,0,70000000000.0,地表,462.60
YN,N2310,N2310,24.71000,98.18000,0,70000000000.0,地表,878.23
YN,N2404,N2404,24.29000,97.86000,0,70000000000.0,地表,327.71
YN,N2305,N2305,25.11000,97.93000,0,70000000000.0,地表,471.51
YN,NY002,NY002,24.97000,98.12000,0,70000000000.0,地表,420.28
YN,N2406,N2406,24.44000,98.12000,0,70000000000.0,地表,900.00
YN,NL001,NL001,24.66000,98.22000,0,70000000000.0,地表,588.02
YN,N2407,N2407,24.20000,97.82000,0,70000000000.0,地表,382.93
YN,N2408,N2408,24.33000,98.11000,0,70000000000.0,地表,448.30
YN,N2201,N2201,24.57000,98.27000,0,70000000000.0,地表,288.90
YN,N2308,N2308,25.06000,98.15000,0,70000000000.0,地表,635.95
YN,N2405,N2405,24.25000,98.01000,0,70000000000.0,地表,750.97
YN,NL002,NL002,24.80000,98.32000,0,70000000000.0,地表,735.78
YN,NY005,NY005,25.15000,98.13000,0,70000000000.0,地表,650.75
YN,N0306,N0306,24.29000,98.19000,0,70000000000.0,地表,900.00
YN,N0305,N0305,24.43000,98.30000,0,70000000000.0,地表,559.62
YN,N2202,N2202,24.76000,98.38000,0,70000000000.0,地表,834.64
YN,M8116,M8116,25.02000,98.31000,0,70000000000.0,地表,809.11
YN,N0202,N0202,24.06000,97.76000,0,70000000000.0,地表,638.32
YN,M8118,M8118,24.77000,98.44000,0,70000000000.0,地表,567.24
YN,M2304,M2304,24.64000,98.46000,0,70000000000.0,地表,867.53
YN,NLH01,NLH01,24.84000,98.46000,0,70000000000.0,基岩,514.77
YN,N0307,N0307,24.45000,98.44000,0,70000000000.0,地表,419.45
YN,N0304,N0304,24.35000,98.40000,0,70000000000.0,地表,540.05
YN,M8117,M8117,25.08000,98.40000,0,70000000000.0,地表,589.20
YN,N0201,N0201,23.99000,97.85000,0,70000000000.0,地表,238.84
YN,NR001,NR001,23.96000,97.73000,0,70000000000.0,地表,440.84
YN,M8119,M8119,25.25000,98.30000,0,70000000000.0,地表,555.00
YN,M8111,M8111,24.72000,98.56000,0,70000000000.0,地表,499.23
YN,N0302,N0302,24.53000,98.54000,0,70000000000.0,地表,702.41
YN,M8114,M8114,25.06000,98.50000,0,70000000000.0,地表,508.88
YN,N0309,N0309,24.40000,98.52000,0,70000000000.0,地表,253.37
YN,M8105,M8105,25.33000,98.28000,0,70000000000.0,地表,444.77
YN,N0301,N0301,24.11000,98.32000,0,70000000000.0,地表,900.00
YN,N0203,N0203,23.87000,97.66000,0,70000000000.0,地表,204.65
YN,NMS02,NMS02,24.42000,98.59000,0,70000000000.0,基岩,381.06
YN,MT003,MT003,25.21000,98.49000,0,70000000000.0,地表,392.28
YN,M8115,M8115,24.86000,98.65000,0,70000000000.0,地表,709.36
YN,M2303,M2303,24.75000,98.67000,0,70000000000.0,地表,783.53
YN,ML001,ML001,24.59000,98.69000,0,70000000000.0,地表,529.38
YN,MT004,MT004,24.94000,98.67000,0,70000000000.0,地表,544.06
YN,M8101,M8101,25.12000,98.60000,0,70000000000.0,地表,346.24
YN,M8103,M8103,25.37000,98.50000,0,70000000000.0,地表,590.27
YN,M8113,M8113,25.22000,98.63000,0,70000000000.0,地表,451.80
YN,N0308,N0308,24.12000,98.58000,0,70000000000.0,地表,900.00
YN,MT001,MT001,25.45000,98.46000,0,70000000000.0,地表,474.14
YN,M8102,M8102,25.54000,98.39000,0,70000000000.0,地表,422.68
YN,M8107,M8107,25.44000,98.65000,0,70000000000.0,地表,469.64
YN,M8106,M8106,25.61000,98.66000,0,70000000000.0,地表,314.48
XJ,N0041,N0041,41.02000,82.31000,0,70000000000.0,地表,216.01
XJ,N0038,N0038,41.67000,82.58000,0,70000000000.0,地表,288.03
XJ,N0042,N0042,40.77000,82.22000,0,70000000000.0,地表,215.48
XJ,N0045,N0045,41.51000,82.24000,0,70000000000.0,地表,187.43
XJ,MK002,MK002,41.74000,85.89000,0,70000000000.0,地表,190.01
XJ,NB005,NB005,41.79000,82.21000,0,70000000000.0,地表,274.90
XJ,MK001,MK001,41.76000,86.12000,0,70000000000.0,地表,256.31
XJ,QMOTZ,QMOTZ,38.96000,83.56000,0,70000000000.0,基岩,354.37
XJ,NK002,NK002,41.96000,83.04000,0,70000000000.0,地表,452.20
XJ,KUC,库车台,41.85000,82.86000,0,70000000000.0,基岩,430.96
XJ,HJGCG,HJGCG,42.35000,85.55000,0,70000000000.0,基岩,573.61
GD,Q2105,Q2105,21.73000,111.71000,0,70000000000.0,地表,269.54
GD,Q2101,Q2101,21.82000,111.74000,0,70000000000.0,地表,277.47
GD,QY006,QY006,21.81000,111.71000,0,70000000000.0,地表,356.83
GD,Q0202,Q0202,21.79000,111.89000,0,70000000000.0,地表,365.41
GD,Q0201,Q0201,21.88000,111.78000,0,70000000000.0,地表,283.48
GD,Q2106,Q2106,21.74000,111.63000,0,70000000000.0,地表,224.82
GD,YGX,YGX,21.77000,111.61000,0,70000000000.0,基岩,332.21
GD,Q0205,Q0205,21.73000,111.93000,0,70000000000.0,地表,202.03
GD,Q0206,Q0206,21.64000,111.89000,0,70000000000.0,地表,600.00
GD,Q0411,Q0411,21.90000,111.87000,0,70000000000.0,地表,308.72
GD,QJ001,QJ001,21.57000,111.84000,0,70000000000.0,地表,900.00
GD,YGJ,YGJ,21.86000,111.96000,0,70000000000.0,基岩,324.51
GD,Q8109,Q8109,21.92000,111.62000,0,70000000000.0,地表,813.89
GD,Q8107,Q8107,21.97000,111.67000,0,70000000000.0,地表,568.40
GD,Q2104,Q2104,21.84000,111.52000,0,70000000000.0,地表,725.05
GD,Q0203,Q0203,21.90000,112.00000,0,70000000000.0,地表,356.91
GD,Q0405,Q0405,22.01000,111.89000,0,70000000000.0,地表,239.43
GD,Q0409,Q0409,22.01000,111.93000,0,70000000000.0,地表,386.71
GD,Q2103,Q2103,21.53000,111.55000,0,70000000000.0,地表,361.20
GD,Q8104,Q8104,22.07000,111.75000,0,70000000000.0,地表,900.00
GD,Q0403,Q0403,21.85000,112.11000,0,70000000000.0,地表,900.00
GD,QY004,QY004,21.93000,112.07000,0,70000000000.0,地表,350.42
GD,Q2102,Q2102,21.61000,111.44000,0,70000000000.0,地表,326.00
GD,K0414,K0414,21.70000,111.41000,0,70000000000.0,地表,392.04
GD,Q8114,Q8114,22.04000,111.57000,0,70000000000.0,地表,234.92
GD,QY005,QY005,22.07000,111.96000,0,70000000000.0,地表,352.48
GD,Q8102,Q8102,22.12000,111.71000,0,70000000000.0,地表,367.81
GD,K0405,K0405,21.80000,111.37000,0,70000000000.0,地表,332.86
GD,Q0402,Q0402,22.11000,111.93000,0,70000000000.0,地表,437.02
GD,Q0401,Q0401,22.07000,112.02000,0,70000000000.0,地表,900.00
GD,QY002,QY002,22.06000,111.50000,0,70000000000.0,地表,442.32
GD,KD002,KD002,21.58000,111.38000,0,70000000000.0,地表,323.55
GD,Q0404,Q0404,21.80000,112.20000,0,70000000000.0,地表,309.13
GD,K0404,K0404,21.58000,111.36000,0,70000000000.0,地表,727.01
GD,K0407,K0407,21.61000,111.34000,0,70000000000.0,地表,531.61
GD,Q8111,Q8111,22.17000,111.66000,0,70000000000.0,地表,415.15
GD,Q8115,Q8115,21.97000,111.37000,0,70000000000.0,地表,513.42
GD,Q8110,Q8110,22.13000,111.50000,0,70000000000.0,地表,398.47
GD,Q0408,Q0408,22.02000,112.19000,0,70000000000.0,地表,900.00
GD,Q0406,Q0406,21.89000,112.26000,0,70000000000.0,地表,900.00
GD,Q8108,Q8108,22.24000,111.77000,0,70000000000.0,地表,900.00
GD,Q0407,Q0407,22.06000,112.22000,0,70000000000.0,地表,312.01
GD,J8501,J8501,22.09000,112.22000,0,70000000000.0,地表,289.62
GD,K0411,K0411,22.09000,111.29000,0,70000000000.0,地表,887.63
GD,J8510,J8510,22.18000,112.16000,0,70000000000.0,地表,900.00
GD,J8507,J8507,22.12000,112.26000,0,70000000000.0,地表,238.51
GD,J8505,J8505,22.15000,112.26000,0,70000000000.0,地表,430.10
GD,K8111,K8111,22.22000,111.30000,0,70000000000.0,地表,900.00
XJ,N001B,N001B,41.11000,80.63000,0,70000000000.0,地表,242.98
XJ,TEKQT,TEKQT,42.90000,81.77000,0,70000000000.0,基岩,768.35
XJ,N0015,N0015,41.16000,79.97000,0,70000000000.0,地表,233.57
XJ,F0055,F0055,42.99000,81.95000,0,70000000000.0,地表,799.56
XJ,F0050,F0050,43.20000,82.05000,0,70000000000.0,地表,451.11
XJ,FZ003,FZ003,42.68000,80.59000,0,70000000000.0,地表,353.46
XJ,ZSXCH,ZSXCH,42.70000,80.81000,0,70000000000.0,基岩,900.00
XJ,ZSU,昭苏台,42.68000,80.37000,0,70000000000.0,基岩,419.14
XJ,F008F,F008F,42.73000,80.70000,0,70000000000.0,地表,291.21
XJ,F0092,F0092,42.74000,80.78000,0,70000000000.0,地表,392.77
XJ,F0095,F0095,42.81000,80.81000,0,70000000000.0,地表,291.11
XJ,WSUBZ,WSUBZ,41.56000,80.75000,0,70000000000.0,基岩,563.85
XJ,F0097,F0097,42.82000,81.18000,0,70000000000.0,地表,433.64
XJ,N0006,N0006,41.44000,80.92000,0,70000000000.0,地表,413.03
XJ,NE002,NE002,41.38000,80.78000,0,70000000000.0,地表,293.04
YN,KJH01,KJH01,22.02000,100.74000,0,70000000000.0,基岩,419.14
YN,K0103,K0103,22.04000,101.01000,0,70000000000.0,地表,524.04
YN,KM001,KM001,22.00000,100.63000,0,70000000000.0,地表,601.25
YN,KJH04,KJH04,21.60000,100.68000,0,70000000000.0,基岩,452.41
YN,KM007,KM007,21.70000,101.29000,0,70000000000.0,地表,501.04
YN,KM011,KM011,21.98000,101.47000,0,70000000000.0,地表,574.90
YN,KMH01,KMH01,21.59000,100.43000,0,70000000000.0,基岩,714.89
YN,K2306,K2306,21.65000,101.37000,0,70000000000.0,地表,780.11
YN,K2201,K2201,21.58000,100.21000,0,70000000000.0,地表,756.95
YN,J2604,J2604,22.81000,101.24000,0,70000000000.0,地表,572.95
YN,KM009,KM009,21.45000,101.31000,0,70000000000.0,地表,474.81
YN,J2806,J2806,22.34000,99.98000,0,70000000000.0,地表,667.87
YN,K2310,K2310,21.69000,101.58000,0,70000000000.0,地表,563.11
YN,K2302,K2302,21.57000,101.61000,0,70000000000.0,地表,696.80
YN,K2303,K2303,21.30000,101.30000,0,70000000000.0,地表,332.30
YN,K2312,K2312,21.50000,101.57000,0,70000000000.0,地表,371.58
YN,J2812,J2812,22.71000,99.99000,0,70000000000.0,地表,840.59
YN,K2307,K2307,21.26000,101.50000,0,70000000000.0,地表,482.45
YN,J2811,J2811,22.82000,99.92000,0,70000000000.0,地表,497.16
YN,JLC05,JLC05,23.02000,99.85000,0,70000000000.0,基岩,602.65
GS,TEWDG,TEWDG,34.06000,103.23000,0,70000000000.0,基岩,900.00
GS,P003D,P003D,34.02000,103.29000,0,70000000000.0,地表,463.97
GS,P0035,P0035,34.10000,103.17000,0,70000000000.0,地表,900.00
SC,U3204,U3204,34.10000,103.10000,0,70000000000.0,地表,608.90
SC,U3208,U3208,34.04000,103.09000,0,70000000000.0,地表,765.92
GS,P003E,P003E,34.24000,103.19000,0,70000000000.0,地表,900.00
SC,U3203,U3203,34.13000,103.04000,0,70000000000.0,地表,486.15
GS,P0036,P0036,33.87000,103.32000,0,70000000000.0,地表,900.00
GS,P0038,P0038,34.09000,103.58000,0,70000000000.0,地表,900.00
SC,REGA2,REGA2,33.93000,102.94000,0,70000000000.0,基岩,512.70
GS,P0037,P0037,33.95000,103.60000,0,70000000000.0,地表,596.32
SC,REGA1,REGA1,33.77000,103.03000,0,70000000000.0,基岩,442.21
SC,REGZW,REGZW,34.25000,102.87000,0,70000000000.0,基岩,742.72
SC,U3201,U3201,33.69000,103.21000,0,70000000000.0,地表,638.61
GS,TEWWZ,TEWWZ,34.01000,103.70000,0,70000000000.0,基岩,900.00
SC,U3205,U3205,34.16000,102.81000,0,70000000000.0,地表,518.42
SC,U3207,U3207,33.65000,103.35000,0,70000000000.0,地表,900.00
SC,UE002,UE002,34.10000,102.74000,0,70000000000.0,地表,516.96
GS,P0014,P0014,34.50000,103.13000,0,70000000000.0,地表,551.33
GS,JONDG,JONDG,34.51000,103.19000,0,70000000000.0,基岩,790.21
SC,REGBX,REGBX,33.60000,103.24000,0,70000000000.0,基岩,900.00
GS,P0015,P0015,34.45000,103.58000,0,70000000000.0,地表,550.75
GS,P0039,P0039,33.98000,103.84000,0,70000000000.0,地表,900.00
GS,P0003,P0003,34.09000,102.64000,0,70000000000.0,地表,584.87
SC,UE006,UE006,33.56000,103.11000,0,70000000000.0,地表,235.16
GS,P001E,P001E,34.50000,103.58000,0,70000000000.0,地表,900.00
GS,P003C,P003C,34.15000,103.88000,0,70000000000.0,地表,900.00
GS,P003B,P003B,34.06000,103.90000,0,70000000000.0,地表,900.00
GS,PZ002,PZ002,34.60000,103.35000,0,70000000000.0,地表,404.71
GS,PZ004,PZ004,34.57000,103.52000,0,70000000000.0,地表,542.02
GS,P003A,P003A,33.82000,103.87000,0,70000000000.0,地表,900.00
GS,P001B,P001B,34.61000,103.07000,0,70000000000.0,地表,569.51
GS,JONNL,JONNL,34.51000,103.70000,0,70000000000.0,基岩,715.12
SC,UE007,UE007,33.47000,103.18000,0,70000000000.0,地表,516.06
GS,P0002,P0002,34.18000,102.55000,0,70000000000.0,地表,273.64
GS,P0016,P0016,34.56000,103.64000,0,70000000000.0,地表,339.91
GS,P001F,P001F,34.57000,103.63000,0,70000000000.0,地表,576.79
GS,P001D,P001D,34.66000,103.19000,0,70000000000.0,地表,544.47
SC,U3206,U3206,33.87000,102.56000,0,70000000000.0,地表,386.59
GS,P0017,P0017,34.49000,103.77000,0,70000000000.0,地表,707.75
GS,P0025,P0025,34.62000,103.54000,0,70000000000.0,地表,310.39
SC,JZGDL,JZGDL,33.56000,103.67000,0,70000000000.0,基岩,900.00
GS,PD001,PD001,33.99000,103.98000,0,70000000000.0,地表,900.00
GS,LQUSC,LQUSC,34.50000,102.73000,0,70000000000.0,基岩,413.88
GS,LTNSB,LTNSB,34.67000,103.36000,0,70000000000.0,基岩,530.65
GS,P0024,P0024,34.65000,103.48000,0,70000000000.0,地表,522.46
GS,P0005,P0005,34.54000,102.77000,0,70000000000.0,地表,734.18
GS,PH002,PH002,34.67000,103.00000,0,70000000000.0,地表,400.83
GS,J0043,J0043,34.34000,103.95000,0,70000000000.0,地表,699.13
GS,JM002,JM002,34.49000,103.83000,0,70000000000.0,地表,766.74
GS,P0021,P0021,34.71000,103.31000,0,70000000000.0,地表,491.96
GS,J0041,J0041,34.48000,103.86000,0,70000000000.0,地表,875.73
GS,J0042,J0042,34.46000,103.88000,0,70000000000.0,地表,460.40
SC,REGMX,REGMX,34.02000,102.46000,0,70000000000.0,基岩,628.11
GS,P002A,P002A,34.63000,103.67000,0,70000000000.0,地表,579.81
GS,J003D,J003D,34.44000,103.92000,0,70000000000.0,地表,822.19
GS,P0029,P0029,34.59000,103.76000,0,70000000000.0,地表,558.51
GS,P0023,P0023,34.72000,103.44000,0,70000000000.0,地表,387.32
GS,P0006,P0006,34.52000,102.64000,0,70000000000.0,地表,662.46
GS,P002E,P002E,33.84000,104.03000,0,70000000000.0,地表,288.80
GS,HEZLX,HEZLX,34.73000,103.06000,0,70000000000.0,基岩,339.14
GS,P0022,P0022,34.74000,103.38000,0,70000000000.0,地表,523.01
SC,UE004,UE004,33.53000,102.72000,0,70000000000.0,地表,374.31
GS,P0041,P0041,34.74000,103.10000,0,70000000000.0,地表,495.28
GS,LQUXC,LQUXC,34.54000,102.65000,0,70000000000.0,基岩,793.12
GS,P0019,P0019,34.74000,103.43000,0,70000000000.0,地表,737.78
GS,J003B,J003B,34.37000,104.01000,0,70000000000.0,地表,498.36
GS,LTNXC,LTNXC,34.68000,103.67000,0,70000000000.0,基岩,560.63
SC,U2505,U2505,33.58000,103.89000,0,70000000000.0,地表,753.85
GS,P0012,P0012,34.78000,103.21000,0,70000000000.0,地表,681.23
GS,P0007,P0007,34.56000,102.61000,0,70000000000.0,地表,735.43
GS,MINMY,MINMY,34.43000,104.02000,0,70000000000.0,基岩,501.33
SC,REGBY,REGBY,33.32000,103.22000,0,70000000000.0,基岩,604.49
SC,UE003,UE003,33.73000,102.44000,0,70000000000.0,地表,450.87
GS,J003E,J003E,34.39000,104.07000,0,70000000000.0,地表,397.79
GS,P0026,P0026,34.72000,103.70000,0,70000000000.0,地表,684.09
GS,P002C,P002C,34.66000,103.81000,0,70000000000.0,地表,765.66
GS,P0001,P0001,34.25000,102.35000,0,70000000000.0,地表,514.20
GS,P0048,P0048,34.71000,102.73000,0,70000000000.0,地表,533.45
GS,J0040,J0040,34.56000,103.98000,0,70000000000.0,地表,504.38
GS,K006D,K006D,34.28000,104.16000,0,70000000000.0,地表,512.21
GS,PZ003,PZ003,34.84000,103.47000,0,70000000000.0,地表,617.53
GS,P002B,P002B,34.69000,103.85000,0,70000000000.0,地表,466.37
GS,J0034,J0034,34.52000,104.07000,0,70000000000.0,地表,509.82
GS,KT002,KT002,34.08000,104.24000,0,70000000000.0,地表,870.19
GS,P001C,P001C,34.73000,103.83000,0,70000000000.0,地表,900.00
GS,J0044,J0044,34.64000,103.96000,0,70000000000.0,地表,670.55
GS,J0039,J0039,34.54000,104.07000,0,70000000000.0,地表,532.37
SC,UZ002,UZ002,33.51000,104.01000,0,70000000000.0,地表,900.00
GS,P002F,P002F,33.70000,104.16000,0,70000000000.0,地表,900.00
GS,K007F,K007F,34.35000,104.20000,0,70000000000.0,地表,603.25
GS,P0028,P0028,34.83000,103.68000,0,70000000000.0,地表,511.45
GS,K0075,K0075,34.09000,104.27000,0,70000000000.0,地表,900.00
GS,K0081,K0081,34.15000,104.27000,0,70000000000.0,地表,826.67
GS,P0008,P0008,34.61000,102.46000,0,70000000000.0,地表,699.75
GS,K0070,K0070,34.28000,104.26000,0,70000000000.0,地表,575.21
GS,P0009,P0009,34.42000,102.29000,0,70000000000.0,地表,479.62
GS,PL001,PL001,34.44000,102.30000,0,70000000000.0,地表,349.83
SC,JZGZZ,JZGZZ,33.31000,103.80000,0,70000000000.0,基岩,473.52
GS,PX001,PX001,34.81000,102.69000,0,70000000000.0,地表,382.79
GS,K007E,K007E,34.31000,104.27000,0,70000000000.0,地表,628.95
GS,K007B,K007B,34.18000,104.31000,0,70000000000.0,地表,762.60
SC,REGTK,REGTK,33.40000,102.50000,0,70000000000.0,基岩,485.57
GS,J0035,J0035,34.47000,104.23000,0,70000000000.0,地表,755.12
GS,J0038,J0038,34.59000,104.15000,0,70000000000.0,地表,681.26
GS,K0074,K0074,34.24000,104.35000,0,70000000000.0,地表,180.00
GS,K0072,K0072,34.07000,104.37000,0,70000000000.0,地表,428.14
GS,P000E,P000E,33.86000,102.15000,0,70000000000.0,地表,216.41
GS,PH003,PH003,34.99000,103.05000,0,70000000000.0,地表,520.38
GS,P001A,P001A,34.97000,103.57000,0,70000000000.0,地表,801.98
GS,KT003,KT003,34.05000,104.39000,0,70000000000.0,地表,744.54
SC,U2502,U2502,33.30000,103.94000,0,70000000000.0,地表,844.84
GS,P0045,P0045,34.83000,102.57000,0,70000000000.0,地表,565.73
GS,PZ001,PZ001,34.87000,103.86000,0,70000000000.0,地表,501.78
GS,K007A,K007A,34.18000,104.39000,0,70000000000.0,地表,900.00
GS,PT001,PT001,34.96000,103.66000,0,70000000000.0,地表,423.40
GS,P0013,P0013,34.90000,103.84000,0,70000000000.0,地表,778.56
GS,P0043,P0043,34.99000,102.90000,0,70000000000.0,地表,373.02
GS,P0031,P0031,33.78000,104.37000,0,70000000000.0,地表,563.30
GS,ZQUCG,ZQUCG,33.80000,104.38000,0,70000000000.0,基岩,900.00
SC,UE005,UE005,33.28000,102.53000,0,70000000000.0,地表,400.48
GS,K0080,K0080,33.94000,104.43000,0,70000000000.0,地表,615.25
GS,HEZNW,HEZNW,35.01000,102.91000,0,70000000000.0,基岩,446.67
GS,MQUNM,MQUNM,34.02000,102.06000,0,70000000000.0,基岩,588.57
GS,P0044,P0044,35.03000,102.97000,0,70000000000.0,地表,390.90
GS,P0032,P0032,33.61000,104.32000,0,70000000000.0,地表,780.65
GS,P0042,P0042,35.06000,103.21000,0,70000000000.0,地表,324.81
GS,K0077,K0077,34.00000,104.45000,0,70000000000.0,地表,641.69
GS,J003C,J003C,34.41000,104.38000,0,70000000000.0,地表,475.84
GS,P0049,P0049,34.99000,102.78000,0,70000000000.0,地表,637.27
QH,DH027,DH027,34.48000,102.14000,0,70000000000.0,地表,471.76
GS,JONKD,JONKD,35.05000,103.51000,0,70000000000.0,基岩,630.33
GS,P003F,P003F,35.06000,103.04000,0,70000000000.0,地表,677.49
GS,KT001,KT001,34.10000,104.48000,0,70000000000.0,地表,607.24
SC,UZ003,UZ003,33.33000,104.11000,0,70000000000.0,地表,900.00
GS,XHNKC,XHNKC,34.63000,102.22000,0,70000000000.0,基岩,339.91
GS,N0037,N0037,35.00000,103.75000,0,70000000000.0,地表,900.00
GS,P0027,P0027,35.02000,103.70000,0,70000000000.0,地表,510.92
GS,P0040,P0040,35.06000,102.91000,0,70000000000.0,地表,564.69
SC,UY005,UY005,33.06000,102.91000,0,70000000000.0,地表,388.59
SC,UY006,UY006,33.10000,102.77000,0,70000000000.0,地表,511.50
GS,J0069,J0069,34.82000,104.11000,0,70000000000.0,地表,833.79
GS,P002D,P002D,33.72000,104.44000,0,70000000000.0,地表,670.10
GS,J006C,J006C,34.62000,104.32000,0,70000000000.0,地表,737.37
GS,K007D,K007D,33.97000,104.51000,0,70000000000.0,地表,900.00
GS,J0073,J0073,35.02000,103.80000,0,70000000000.0,地表,609.66
GS,P000F,P000F,33.64000,102.08000,0,70000000000.0,地表,369.87
SC,UY002,UY002,33.13000,102.63000,0,70000000000.0,地表,425.91
GS,P0011,P0011,33.41000,102.24000,0,70000000000.0,地表,289.85
GS,PM002,PM002,33.65000,102.07000,0,70000000000.0,地表,469.32
GS,P0030,P0030,33.64000,104.43000,0,70000000000.0,地表,900.00
SC,HYSD,HYSD,33.01000,102.98000,0,70000000000.0,基岩,374.01
GS,JM001,JM001,34.54000,104.41000,0,70000000000.0,地表,712.49
GS,J0061,J0061,35.03000,103.82000,0,70000000000.0,地表,323.69
GS,PH001,PH001,35.12000,103.00000,0,70000000000.0,地表,515.45
SC,UY007,UY007,33.00000,102.97000,0,70000000000.0,地表,644.68
GS,J003A,J003A,34.52000,104.44000,0,70000000000.0,地表,500.93
GS,K0073,K0073,33.70000,104.49000,0,70000000000.0,地表,900.00
GS,K006E,K006E,33.89000,104.55000,0,70000000000.0,地表,746.06
GS,K006F,K006F,33.82000,104.54000,0,70000000000.0,地表,900.00
SC,UY008,UY008,32.95000,103.13000,0,70000000000.0,地表,517.27
GS,K0079,K0079,34.08000,104.59000,0,70000000000.0,地表,777.90
GS,J0067,J0067,34.79000,104.27000,0,70000000000.0,地表,900.00
GS,N0036,N0036,35.12000,103.70000,0,70000000000.0,地表,610.41
GS,J0063,J0063,35.01000,103.99000,0,70000000000.0,地表,528.91
GS,J0036,J0036,34.30000,104.58000,0,70000000000.0,地表,331.91
GS,K007C,K007C,33.74000,104.56000,0,70000000000.0,地表,900.00
GS,J005A,J005A,35.10000,103.82000,0,70000000000.0,地表,571.51
GS,J006D,J006D,34.69000,104.40000,0,70000000000.0,地表,573.05
GS,J005F,J005F,35.09000,103.86000,0,70000000000.0,地表,446.28
GS,P004D,P004D,35.16000,102.84000,0,70000000000.0,地表,900.00
SC,JZG,九寨沟台,33.26000,104.24000,0,70000000000.0,基岩,900.00
GS,J0070,J0070,34.87000,104.24000,0,70000000000.0,地表,678.02
GS,ZGXYH,ZGXYH,34.81000,104.31000,0,70000000000.0,基岩,585.92
GS,ZQUBL,ZQUBL,33.60000,104.52000,0,70000000000.0,基岩,442.25
GS,J0060,J0060,35.06000,103.95000,0,70000000000.0,地表,473.80
GS,XHNSK,XHNSK,35.04000,102.49000,0,70000000000.0,基岩,746.57
GS,N0034,N0034,35.21000,103.60000,0,70000000000.0,地表,496.93
GS,LTONP,LTONP,35.17000,103.78000,0,70000000000.0,基岩,599.03
GS,N0033,N0033,35.22000,103.65000,0,70000000000.0,地表,459.53
GS,WIYWZ,WIYWZ,35.04000,104.10000,0,70000000000.0,基岩,446.76
GS,P0033,P0033,33.50000,104.53000,0,70000000000.0,地表,720.81
GS,J0066,J0066,34.61000,104.55000,0,70000000000.0,地表,620.63
GS,J006A,J006A,34.73000,104.47000,0,70000000000.0,地表,421.75
GS,K0076,K0076,33.74000,104.66000,0,70000000000.0,地表,549.96
SC,U2504,U2504,33.18000,104.26000,0,70000000000.0,地表,900.00
GS,J0062,J0062,34.98000,104.22000,0,70000000000.0,地表,495.41
GS,N0039,N0039,35.26000,103.53000,0,70000000000.0,地表,449.08
GS,J006B,J006B,34.87000,104.36000,0,70000000000.0,地表,633.89
GS,J0022,J0022,35.20000,103.81000,0,70000000000.0,地表,414.55
SC,U2503,U2503,33.08000,104.15000,0,70000000000.0,地表,383.16
GS,N0024,N0024,35.29000,103.41000,0,70000000000.0,地表,599.78
GS,PX002,PX002,35.20000,102.66000,0,70000000000.0,地表,362.58
GS,K0071,K0071,33.98000,104.74000,0,70000000000.0,地表,534.53
GS,P004A,P004A,34.89000,102.13000,0,70000000000.0,地表,430.30
GS,N0032,N0032,35.27000,103.61000,0,70000000000.0,地表,532.78
GS,J005B,J005B,35.12000,104.05000,0,70000000000.0,地表,548.66
GS,P004C,P004C,35.11000,102.43000,0,70000000000.0,地表,445.79
GS,J003F,J003F,34.41000,104.70000,0,70000000000.0,地表,785.17
SC,U3301,U3301,32.92000,102.62000,0,70000000000.0,地表,299.78
GS,K0078,K0078,33.64000,104.67000,0,70000000000.0,地表,566.99
GS,J0072,J0072,35.25000,103.74000,0,70000000000.0,地表,429.73
GS,J0058,J0058,35.18000,103.95000,0,70000000000.0,地表,684.44
GS,HZGMJ,HZGMJ,35.32000,103.17000,0,70000000000.0,基岩,383.27
GS,N0025,N0025,35.32000,103.35000,0,70000000000.0,地表,511.43
GS,NK002,NK002,35.31000,103.48000,0,70000000000.0,地表,392.92
GS,P0010,P0010,33.38000,101.97000,0,70000000000.0,地表,365.57
GS,N0023,N0023,35.33000,103.27000,0,70000000000.0,地表,387.90
GS,K001C,K001C,33.56000,104.65000,0,70000000000.0,地表,900.00
GS,P000C,P000C,34.08000,101.72000,0,70000000000.0,地表,350.01
GS,P004E,P004E,35.28000,102.79000,0,70000000000.0,地表,474.02
GS,N003B,N003B,35.28000,103.71000,0,70000000000.0,地表,567.59
GS,J005C,J005C,35.07000,104.21000,0,70000000000.0,地表,279.06
GS,XHNMD,XHNMD,35.30000,102.84000,0,70000000000.0,基岩,669.74
GS,K0098,K0098,34.01000,104.80000,0,70000000000.0,地表,619.37
GS,WSXML,WSXML,34.57000,104.68000,0,70000000000.0,基岩,900.00
GS,PX003,PX003,35.20000,102.51000,0,70000000000.0,地表,393.96
GS,N0022,N0022,35.35000,103.40000,0,70000000000.0,地表,585.73
GS,J0002,J0002,35.17000,104.06000,0,70000000000.0,地表,393.54
GS,N003A,N003A,35.33000,103.57000,0,70000000000.0,地表,547.63
SC,UZ001,UZ001,33.12000,104.32000,0,70000000000.0,地表,900.00
SC,JZGWJ,JZGWJ,33.04000,104.21000,0,70000000000.0,基岩,900.00
GS,PQ001,PQ001,33.43000,104.61000,0,70000000000.0,地表,515.51
GS,J0068,J0068,34.61000,104.67000,0,70000000000.0,地表,711.28
GS,J0065,J0065,35.02000,104.31000,0,70000000000.0,地表,443.98
GS,K010B,K010B,33.20000,104.42000,0,70000000000.0,地表,900.00
GS,J0024,J0024,35.27000,103.84000,0,70000000000.0,地表,522.37
GS,K0027,K0027,33.51000,104.67000,0,70000000000.0,地表,900.00
GS,K0099,K0099,33.98000,104.82000,0,70000000000.0,地表,430.20
GS,N001F,N001F,35.37000,103.25000,0,70000000000.0,地表,564.00
GS,LXKCZ,LXKCZ,34.99000,104.38000,0,70000000000.0,基岩,345.05
SC,ABQJM,ABQJM,33.45000,101.84000,0,70000000000.0,基岩,445.61
SC,ABJL,ABJL,33.05000,102.22000,0,70000000000.0,基岩,443.06
GS,N001D,N001D,35.39000,103.15000,0,70000000000.0,地表,393.38
GS,JZ001,JZ001,34.86000,104.54000,0,70000000000.0,地表,510.85
GS,K0015,K0015,33.64000,104.77000,0,70000000000.0,地表,445.78
GS,J006F,J006F,34.66000,104.69000,0,70000000000.0,地表,383.41
GS,J0018,J0018,35.24000,104.01000,0,70000000000.0,地表,571.35
GS,K0096,K0096,33.93000,104.85000,0,70000000000.0,地表,753.87
GS,P004B,P004B,35.37000,102.91000,0,70000000000.0,地表,900.00
GS,N0046,N0046,35.40000,103.10000,0,70000000000.0,地表,522.49
GS,E0052,E0052,34.64000,104.72000,0,70000000000.0,地表,526.77
GS,N001A,N001A,35.41000,103.31000,0,70000000000.0,地表,472.01
GS,J005E,J005E,35.22000,104.09000,0,70000000000.0,地表,528.47
GS,P0034,P0034,33.42000,104.68000,0,70000000000.0,地表,900.00
GS,K0083,K0083,33.85000,104.86000,0,70000000000.0,地表,900.00
GS,K0084,K0084,33.80000,104.85000,0,70000000000.0,地表,344.81
GS,N0014,N0014,35.41000,103.45000,0,70000000000.0,地表,396.10
GS,NK001,NK001,35.37000,103.71000,0,70000000000.0,地表,282.86
GS,E004C,E004C,34.54000,104.79000,0,70000000000.0,地表,900.00
GS,K002A,K002A,33.48000,104.73000,0,70000000000.0,地表,900.00
SC,ABJKH,ABJKH,33.09000,102.10000,0,70000000000.0,基岩,421.40
GS,E004D,E004D,34.74000,104.68000,0,70000000000.0,地表,502.85
GS,J005D,J005D,35.13000,104.28000,0,70000000000.0,地表,485.26
GS,J0059,J0059,35.11000,104.31000,0,70000000000.0,地表,475.20
GS,JL002,JL002,35.34000,103.86000,0,70000000000.0,地表,483.37
GS,ZQUQG,ZQUQG,33.36000,104.67000,0,70000000000.0,基岩,892.86
GS,N004F,N004F,35.43000,103.03000,0,70000000000.0,地表,448.37
GS,N0035,N0035,35.40000,103.68000,0,70000000000.0,地表,452.45
GS,N0021,N0021,35.45000,103.25000,0,70000000000.0,地表,436.82
GS,N0045,N0045,35.43000,102.96000,0,70000000000.0,地表,731.03
GS,K009A,K009A,34.19000,104.92000,0,70000000000.0,地表,560.71
GS,J0026,J0026,34.99000,104.51000,0,70000000000.0,地表,600.99
GS,N0015,N0015,35.45000,103.43000,0,70000000000.0,地表,589.48
GS,K0082,K0082,34.00000,104.93000,0,70000000000.0,地表,397.63
GS,KL001,KL001,33.97000,104.93000,0,70000000000.0,地表,399.66
GS,N0020,N0020,35.46000,103.37000,0,70000000000.0,地表,633.75
GS,K0028,K0028,33.53000,104.81000,0,70000000000.0,地表,900.00
GS,J0064,J0064,35.20000,104.25000,0,70000000000.0,地表,455.05
QH,DT025,DT025,35.20000,102.25000,0,70000000000.0,地表,533.88
GS,K0024,K0024,33.58000,104.84000,0,70000000000.0,地表,526.17
SC,U2501,U2501,33.02000,104.39000,0,70000000000.0,地表,900.00
GS,J001A,J001A,35.35000,103.95000,0,70000000000.0,地表,506.84
GS,J0023,J0023,35.31000,104.05000,0,70000000000.0,地表,807.30
GS,N001E,N001E,35.48000,103.19000,0,70000000000.0,地表,441.84
GS,N0038,N0038,35.44000,103.68000,0,70000000000.0,地表,369.00
GS,N004E,N004E,35.48000,103.05000,0,70000000000.0,地表,486.25
GS,N0051,N0051,35.49000,103.15000,0,70000000000.0,地表,595.84
GS,K0090,K0090,34.15000,104.97000,0,70000000000.0,地表,528.59
GS,J002F,J002F,35.11000,104.43000,0,70000000000.0,地表,634.72
GS,J002E,J002E,35.09000,104.46000,0,70000000000.0,地表,400.17
GS,WEGSJ,WEGSJ,33.04000,104.46000,0,70000000000.0,基岩,603.14
GS,K001E,K001E,33.43000,104.80000,0,70000000000.0,地表,900.00
GS,JW001,JW001,35.28000,104.18000,0,70000000000.0,地表,582.30
GS,N001B,N001B,35.50000,103.34000,0,70000000000.0,地表,400.37
GS,N001C,N001C,35.50000,103.37000,0,70000000000.0,地表,601.57
GS,NG001,NG001,35.48000,103.57000,0,70000000000.0,地表,400.85
GS,NL001,NL001,35.49000,102.99000,0,70000000000.0,地表,588.24
GS,J0037,J0037,34.41000,104.94000,0,70000000000.0,地表,560.39
GS,K0095,K0095,34.04000,104.99000,0,70000000000.0,地表,479.82
QH,D0009,D0009,35.22000,102.20000,0,70000000000.0,地表,295.83
GS,E0055,E0055,34.62000,104.87000,0,70000000000.0,地表,651.29
GS,J0016,J0016,35.43000,103.86000,0,70000000000.0,地表,370.46
GS,P000D,P000D,33.68000,101.56000,0,70000000000.0,地表,814.44
GS,N0040,N0040,35.52000,103.22000,0,70000000000.0,地表,487.13
GS,P0047,P0047,35.38000,102.49000,0,70000000000.0,地表,373.95
GS,J0001,J0001,35.05000,104.55000,0,70000000000.0,地表,665.43
GS,N004D,N004D,35.52000,103.09000,0,70000000000.0,地表,547.43
GS,N0019,N0019,35.47000,103.74000,0,70000000000.0,地表,304.45
GS,N0013,N0013,35.51000,103.52000,0,70000000000.0,地表,504.15
GS,E004E,E004E,34.84000,104.75000,0,70000000000.0,地表,650.60
GS,E0053,E0053,34.74000,104.82000,0,70000000000.0,地表,540.06
GS,LXGWB,LXGWB,33.77000,104.98000,0,70000000000.0,基岩,885.51
GS,E0050,E0050,34.60000,104.90000,0,70000000000.0,地表,653.42
GS,N0044,N0044,35.51000,102.94000,0,70000000000.0,地表,667.95
GS,K001D,K001D,33.39000,104.82000,0,70000000000.0,地表,900.00
GS,N003C,N003C,35.53000,103.13000,0,70000000000.0,地表,359.99
GS,N0043,N0043,35.54000,103.25000,0,70000000000.0,地表,584.07
GS,J002B,J002B,35.14000,104.48000,0,70000000000.0,地表,565.26
GS,JX001,JX001,35.03000,104.61000,0,70000000000.0,地表,397.75
GS,J0056,J0056,35.23000,104.36000,0,70000000000.0,地表,280.73
GS,WUDMJ,WUDMJ,33.54000,104.92000,0,70000000000.0,基岩,634.08
GS,P0046,P0046,35.44000,102.57000,0,70000000000.0,地表,900.00
GS,J0003,J0003,34.92000,104.72000,0,70000000000.0,地表,256.20
GS,N0047,N0047,35.55000,103.20000,0,70000000000.0,地表,515.54
GS,K008E,K008E,34.35000,105.01000,0,70000000000.0,地表,541.16
GS,K008B,K008B,34.31000,105.02000,0,70000000000.0,地表,550.34
GS,K008F,K008F,33.83000,105.02000,0,70000000000.0,地表,900.00
GS,N0004,N0004,35.55000,103.36000,0,70000000000.0,地表,443.47
GS,J001D,J001D,35.40000,104.05000,0,70000000000.0,地表,473.65
GS,K0108,K0108,33.24000,104.75000,0,70000000000.0,地表,900.00
GS,N000A,N000A,35.55000,103.45000,0,70000000000.0,地表,569.82
GS,J0031,J0031,34.96000,104.70000,0,70000000000.0,地表,382.50
GS,N0017,N0017,35.52000,103.67000,0,70000000000.0,地表,657.73
GS,N0001,N0001,35.56000,103.19000,0,70000000000.0,地表,410.91
QH,D0008,D0008,35.30000,102.22000,0,70000000000.0,地表,530.01
GS,JX002,JX002,35.18000,104.47000,0,70000000000.0,地表,647.15
GS,K009D,K009D,33.11000,104.65000,0,70000000000.0,地表,517.51
GS,N000B,N000B,35.55000,103.55000,0,70000000000.0,地表,526.62
GS,N003F,N003F,35.56000,103.03000,0,70000000000.0,地表,446.30
GS,N0016,N0016,35.49000,103.85000,0,70000000000.0,地表,406.95
GS,EW001,EW001,34.73000,104.89000,0,70000000000.0,地表,619.90
GS,K001A,K001A,33.46000,104.92000,0,70000000000.0,地表,493.94
GS,K008A,K008A,33.95000,105.07000,0,70000000000.0,地表,900.00
GS,K0088,K0088,33.86000,105.06000,0,70000000000.0,地表,669.14
GS,K0107,K0107,33.01000,104.57000,0,70000000000.0,地表,861.94
GS,E0056,E0056,34.53000,105.00000,0,70000000000.0,地表,572.60
GS,N0041,N0041,35.58000,103.07000,0,70000000000.0,地表,495.99
SC,U2405,U2405,32.69000,104.07000,0,70000000000.0,地表,900.00
GS,K0109,K0109,32.91000,104.46000,0,70000000000.0,地表,303.08
GS,J0021,J0021,35.52000,103.83000,0,70000000000.0,地表,295.73
GS,N0050,N0050,35.58000,102.97000,0,70000000000.0,地表,442.89
GS,K0086,K0086,34.02000,105.10000,0,70000000000.0,地表,764.55
GS,WIYQQ,WIYQQ,35.35000,104.27000,0,70000000000.0,基岩,394.83
GS,K008D,K008D,33.70000,105.05000,0,70000000000.0,地表,699.47
GS,K0023,K0023,33.46000,104.96000,0,70000000000.0,地表,443.02
GS,N0008,N0008,35.57000,103.67000,0,70000000000.0,地表,718.36
GS,N003D,N003D,35.61000,103.19000,0,70000000000.0,地表,308.97
GS,J0028,J0028,35.16000,104.58000,0,70000000000.0,地表,616.47
GS,N002E,N002E,35.59000,102.90000,0,70000000000.0,地表,586.80
GS,KW001,KW001,33.17000,104.78000,0,70000000000.0,地表,614.85
GS,K0016,K0016,33.41000,104.95000,0,70000000000.0,地表,900.00
GS,WUDYZ,WUDYZ,33.34000,104.91000,0,70000000000.0,基岩,900.00
GS,N0018,N0018,35.57000,103.75000,0,70000000000.0,地表,262.09
GS,K0105,K0105,33.05000,104.68000,0,70000000000.0,地表,900.00
GS,J0029,J0029,34.97000,104.79000,0,70000000000.0,地表,405.76
GS,E0054,E0054,34.63000,105.01000,0,70000000000.0,地表,487.16
GS,J0032,J0032,34.91000,104.84000,0,70000000000.0,地表,404.00
GS,J0027,J0027,35.25000,104.49000,0,70000000000.0,地表,600.16
GS,N002A,N002A,35.62000,103.03000,0,70000000000.0,地表,494.35
GS,N000F,N000F,35.62000,103.49000,0,70000000000.0,地表,498.32
GS,K009B,K009B,34.17000,105.14000,0,70000000000.0,地表,560.43
GS,E0058,E0058,34.86000,104.89000,0,70000000000.0,地表,315.09
GS,K0091,K0091,33.76000,105.11000,0,70000000000.0,地表,495.52
GS,N0007,N0007,35.62000,103.55000,0,70000000000.0,地表,437.59
GS,N0002,N0002,35.64000,103.31000,0,70000000000.0,地表,420.84
GS,K0013,K0013,33.51000,105.03000,0,70000000000.0,地表,500.54
GS,J0019,J0019,35.46000,104.15000,0,70000000000.0,地表,431.41
GS,K0089,K0089,34.05000,105.16000,0,70000000000.0,地表,501.47
GS,J001F,J001F,35.53000,103.99000,0,70000000000.0,地表,464.67
GS,N004A,N004A,35.65000,103.15000,0,70000000000.0,地表,578.80
GS,E0051,E0051,34.74000,104.99000,0,70000000000.0,地表,540.60
SC,PWBM,PWBM,32.74000,104.32000,0,70000000000.0,基岩,694.60
GS,N0030,N0030,35.63000,102.90000,0,70000000000.0,地表,463.42
QH,D0007,D0007,35.41000,102.21000,0,70000000000.0,地表,513.80
GS,KL002,KL002,34.20000,105.17000,0,70000000000.0,地表,796.04
GS,WSXWQ,WSXWQ,34.66000,105.05000,0,70000000000.0,基岩,674.41
GS,K0103,K0103,33.19000,104.87000,0,70000000000.0,地表,900.00
GS,N004C,N004C,35.67000,103.19000,0,70000000000.0,地表,293.39
GS,J001B,J001B,35.44000,104.26000,0,70000000000.0,地表,500.50
GS,J0057,J0057,35.34000,104.44000,0,70000000000.0,地表,443.53
GS,K0092,K0092,34.32000,105.17000,0,70000000000.0,地表,559.46
GS,N000E,N000E,35.66000,103.53000,0,70000000000.0,地表,593.61
QH,F0013,F0013,33.37000,101.50000,0,70000000000.0,地表,291.05
GS,KD001,KD001,33.35000,104.99000,0,70000000000.0,地表,900.00
GS,N002C,N002C,35.66000,102.95000,0,70000000000.0,地表,405.15
GS,N003E,N003E,35.68000,103.26000,0,70000000000.0,地表,422.62
GS,J0020,J0020,35.62000,103.78000,0,70000000000.0,地表,471.24
GS,J0033,J0033,35.13000,104.73000,0,70000000000.0,地表,657.99
GS,N002D,N002D,35.68000,103.07000,0,70000000000.0,地表,462.79
GS,E0057,E0057,34.92000,104.92000,0,70000000000.0,地表,424.85
GS,JL001,JL001,35.58000,103.96000,0,70000000000.0,地表,448.82
GS,J0071,J0071,35.30000,104.53000,0,70000000000.0,地表,400.24
GS,N004B,N004B,35.69000,103.20000,0,70000000000.0,地表,284.65
GS,K0020,K0020,33.39000,105.03000,0,70000000000.0,地表,571.40
GS,WEGCG,WEGCG,32.95000,104.68000,0,70000000000.0,基岩,744.83
GS,J0025,J0025,35.51000,104.16000,0,70000000000.0,地表,420.08
QH,DT047,DT047,35.49000,102.28000,0,70000000000.0,地表,572.68
GS,K0100,K0100,33.07000,104.82000,0,70000000000.0,地表,900.00
GS,K0041,K0041,34.06000,105.23000,0,70000000000.0,地表,413.24
GS,K0042,K0042,33.70000,105.18000,0,70000000000.0,地表,702.77
GS,N002F,N002F,35.68000,102.87000,0,70000000000.0,地表,497.86
GS,N0049,N0049,35.71000,103.14000,0,70000000000.0,地表,553.02
GS,K0035,K0035,33.94000,105.23000,0,70000000000.0,地表,434.93
GS,K0094,K0094,34.24000,105.23000,0,70000000000.0,地表,544.39
GS,K0039,K0039,33.84000,105.22000,0,70000000000.0,地表,443.26
GS,N0010,N0010,35.69000,103.61000,0,70000000000.0,地表,571.53
GS,K0025,K0025,33.25000,104.98000,0,70000000000.0,地表,529.28
GS,E004F,E004F,34.82000,105.03000,0,70000000000.0,地表,384.08
GS,N000C,N000C,35.71000,103.46000,0,70000000000.0,地表,427.42
GS,K0034,K0034,33.75000,105.21000,0,70000000000.0,地表,900.00
GS,K009E,K009E,32.88000,104.66000,0,70000000000.0,地表,900.00
GS,N0012,N0012,35.73000,103.34000,0,70000000000.0,地表,611.65
GS,K0021,K0021,33.60000,105.18000,0,70000000000.0,地表,506.76
GS,KL003,KL003,34.46000,105.21000,0,70000000000.0,地表,518.29
GS,ND001,ND001,35.74000,103.24000,0,70000000000.0,地表,631.79
GS,J0013,J0013,35.40000,104.48000,0,70000000000.0,地表,456.34
GS,J0009,J0009,35.47000,104.36000,0,70000000000.0,地表,518.72
GS,N0042,N0042,35.74000,103.11000,0,70000000000.0,地表,662.96
GS,J001C,J001C,35.62000,104.02000,0,70000000000.0,地表,482.00
GS,N0005,N0005,35.72000,103.61000,0,70000000000.0,地表,710.21
GS,N0011,N0011,35.75000,103.31000,0,70000000000.0,地表,557.77
GS,K0102,K0102,33.18000,104.98000,0,70000000000.0,地表,900.00
GS,E0005,E0005,34.59000,105.19000,0,70000000000.0,地表,541.82
GS,N0026,N0026,35.75000,103.02000,0,70000000000.0,地表,547.86
GS,J0030,J0030,35.27000,104.70000,0,70000000000.0,地表,562.38
SC,U3102,U3102,32.78000,101.91000,0,70000000000.0,地表,900.00
SC,UA002,UA002,32.91000,101.75000,0,70000000000.0,地表,466.30
GS,K002E,K002E,33.53000,105.19000,0,70000000000.0,地表,392.41
GS,E0009,E0009,34.72000,105.15000,0,70000000000.0,地表,662.41
GS,J002D,J002D,35.21000,104.78000,0,70000000000.0,地表,655.46
SC,UY001,UY001,32.49000,102.44000,0,70000000000.0,地表,452.66
SC,U3101,U3101,32.83000,101.83000,0,70000000000.0,地表,869.22
SC,U3103,U3103,32.95000,101.69000,0,70000000000.0,地表,493.80
GS,E0007,E0007,34.90000,105.06000,0,70000000000.0,地表,488.86
GS,N0029,N0029,35.76000,102.94000,0,70000000000.0,地表,590.40
GS,JL003,JL003,35.62000,104.13000,0,70000000000.0,地表,698.26
GS,J000C,J000C,35.49000,104.41000,0,70000000000.0,地表,316.37
GS,K0106,K0106,32.90000,104.77000,0,70000000000.0,地表,900.00
GS,WEGLJ,WEGLJ,33.07000,104.94000,0,70000000000.0,基岩,900.00
GS,K0018,K0018,33.44000,105.18000,0,70000000000.0,地表,530.19
GS,K002B,K002B,33.21000,105.05000,0,70000000000.0,地表,900.00
QH,D0010,D0010,35.50000,102.09000,0,70000000000.0,地表,473.48
GS,J002C,J002C,35.37000,104.62000,0,70000000000.0,地表,552.25
GS,K0019,K0019,33.37000,105.15000,0,70000000000.0,地表,742.33
QH,D0003,D0003,35.56000,102.20000,0,70000000000.0,地表,699.90
GS,N0031,N0031,35.77000,102.88000,0,70000000000.0,地表,458.21
GS,J0053,J0053,35.15000,104.89000,0,70000000000.0,地表,626.73
GS,E000C,E000C,34.81000,105.15000,0,70000000000.0,地表,569.02
SC,ABJED,ABJED,33.04000,101.56000,0,70000000000.0,基岩,543.62
SC,U3105,U3105,32.94000,101.65000,0,70000000000.0,地表,432.20
SC,U3104,U3104,32.99000,101.60000,0,70000000000.0,地表,388.96
QH,B0087,B0087,35.72000,102.58000,0,70000000000.0,地表,900.00
GS,K0104,K0104,32.91000,104.83000,0,70000000000.0,地表,900.00
GS,N000D,N000D,35.80000,103.53000,0,70000000000.0,地表,401.74
GS,A001E,A001E,35.62000,104.25000,0,70000000000.0,地表,485.86
GS,N005A,N005A,35.82000,103.08000,0,70000000000.0,地表,444.12
GS,J0008,J0008,35.57000,104.37000,0,70000000000.0,地表,550.98
QH,B0090,B0090,35.70000,102.44000,0,70000000000.0,地表,770.24
GS,N002B,N002B,35.80000,102.85000,0,70000000000.0,地表,484.13
GS,JL004,JL004,35.79000,103.74000,0,70000000000.0,地表,453.14
GS,NY001,NY001,35.84000,103.16000,0,70000000000.0,地表,633.99
GS,J002A,J002A,35.30000,104.80000,0,70000000000.0,地表,507.80
GS,K0101,K0101,32.95000,104.92000,0,70000000000.0,地表,888.49
GS,N0006,N0006,35.84000,103.46000,0,70000000000.0,地表,874.75
GS,N0009,N0009,35.85000,103.30000,0,70000000000.0,地表,792.35
GS,J0011,J0011,35.47000,104.60000,0,70000000000.0,地表,391.88
GS,J0051,J0051,35.08000,105.04000,0,70000000000.0,地表,483.69
GS,LXKTA,LXKTA,35.37000,104.75000,0,70000000000.0,基岩,615.57
GS,WEGSD,WEGSD,32.86000,104.86000,0,70000000000.0,基岩,900.00
GS,N0028,N0028,35.82000,102.76000,0,70000000000.0,地表,570.72
GS,J0017,J0017,35.85000,103.58000,0,70000000000.0,地表,430.74
GS,A0024,A0024,35.70000,104.19000,0,70000000000.0,地表,653.33
GS,J0052,J0052,35.24000,104.92000,0,70000000000.0,地表,550.07
GS,K002F,K002F,33.29000,105.22000,0,70000000000.0,地表,789.17
GS,K010C,K010C,32.79000,104.81000,0,70000000000.0,地表,892.13
GS,J0047,J0047,34.98000,105.16000,0,70000000000.0,地表,623.01
QH,D0001,D0001,35.62000,102.07000,0,70000000000.0,地表,539.70
GS,K0031,K0031,33.14000,105.16000,0,70000000000.0,地表,540.77
GS,A0018,A0018,35.70000,104.28000,0,70000000000.0,地表,407.45
GS,N0057,N0057,35.91000,103.27000,0,70000000000.0,地表,476.76
GS,JA002,JA002,35.55000,104.59000,0,70000000000.0,地表,541.37
GS,N0058,N0058,35.91000,103.00000,0,70000000000.0,地表,735.54
GS,J0006,J0006,35.67000,104.39000,0,70000000000.0,地表,409.76
GS,K0029,K0029,33.02000,105.10000,0,70000000000.0,地表,582.57
GS,J004A,J004A,35.03000,105.18000,0,70000000000.0,地表,361.87
GS,A0021,A0021,35.75000,104.22000,0,70000000000.0,地表,435.77
QH,B0040,B0040,35.88000,102.71000,0,70000000000.0,地表,785.20
SC,U3303,U3303,32.44000,102.12000,0,70000000000.0,地表,529.15
GS,AZ003,AZ003,35.79000,104.15000,0,70000000000.0,地表,476.59
GS,J0007,J0007,35.56000,104.64000,0,70000000000.0,地表,572.78
QH,D0006,D0006,35.60000,101.92000,0,70000000000.0,地表,752.82
GS,JA001,JA001,35.49000,104.76000,0,70000000000.0,地表,425.91
GS,N0052,N0052,35.95000,102.95000,0,70000000000.0,地表,520.31
GS,A0020,A0020,35.85000,104.08000,0,70000000000.0,地表,461.56
QH,B0030,B0030,35.94000,102.80000,0,70000000000.0,地表,612.11
GS,J0015,J0015,35.40000,104.91000,0,70000000000.0,地表,432.97
GS,J004D,J004D,35.31000,105.01000,0,70000000000.0,地表,358.24
GS,N0056,N0056,35.98000,103.38000,0,70000000000.0,地表,551.65
QH,B0091,B0091,35.79000,102.22000,0,70000000000.0,地表,617.91
GS,KW002,KW002,32.83000,105.02000,0,70000000000.0,地表,887.43
GS,N0053,N0053,35.99000,103.07000,0,70000000000.0,地表,612.09
GS,A001C,A001C,35.92000,103.92000,0,70000000000.0,地表,845.72
GS,N0059,N0059,35.99000,103.52000,0,70000000000.0,地表,622.22
GS,J0005,J0005,35.71000,104.50000,0,70000000000.0,地表,587.21
GS,J000D,J000D,35.46000,104.89000,0,70000000000.0,地表,548.56
GS,A0009,A0009,35.95000,103.82000,0,70000000000.0,地表,396.50
GS,A0017,A0017,35.81000,104.29000,0,70000000000.0,地表,711.18
GS,J0048,J0048,35.36000,105.01000,0,70000000000.0,地表,606.10
GS,AZ006,AZ006,35.84000,104.22000,0,70000000000.0,地表,579.04
GS,N0054,N0054,36.00000,103.56000,0,70000000000.0,地表,531.30
GS,A001D,A001D,35.91000,104.07000,0,70000000000.0,地表,450.25
GS,J000E,J000E,35.63000,104.71000,0,70000000000.0,地表,582.06
GS,A0007,A0007,35.99000,103.83000,0,70000000000.0,地表,847.13
GS,AQ003,AQ003,36.01000,103.76000,0,70000000000.0,地表,430.44
QH,B0038,B0038,36.04000,102.95000,0,70000000000.0,地表,630.38
GS,A001F,A001F,35.95000,104.08000,0,70000000000.0,地表,408.41
GS,A000C,A000C,36.04000,103.67000,0,70000000000.0,地表,536.09
GS,AZ005,AZ005,35.98000,103.98000,0,70000000000.0,地表,516.24
QH,BM043,BM043,36.05000,102.83000,0,70000000000.0,地表,465.85
GS,A0023,A0023,35.85000,104.41000,0,70000000000.0,地表,344.64
GS,J000F,J000F,35.58000,104.88000,0,70000000000.0,地表,529.06
GS,AC002,AC002,36.04000,103.82000,0,70000000000.0,地表,707.68
GS,A001A,A001A,35.95000,104.18000,0,70000000000.0,地表,418.67
QH,B0079,B0079,35.98000,102.41000,0,70000000000.0,地表,758.18
GS,J0012,J0012,35.65000,104.81000,0,70000000000.0,地表,547.78
GS,K009F,K009F,32.73000,105.12000,0,70000000000.0,地表,472.72
GS,K010A,K010A,32.78000,105.18000,0,70000000000.0,地表,900.00
GS,AC001,AC001,36.05000,103.93000,0,70000000000.0,地表,478.39
GS,J0045,J0045,35.35000,105.21000,0,70000000000.0,地表,490.20
SC,U0102,U0102,32.25000,102.04000,0,70000000000.0,地表,900.00
GS,AZ007,AZ007,36.02000,104.10000,0,70000000000.0,地表,508.65
GS,J000A,J000A,35.76000,104.71000,0,70000000000.0,地表,489.51
GS,D0020,D0020,35.46000,105.12000,0,70000000000.0,地表,425.31
GS,J000B,J000B,35.85000,104.58000,0,70000000000.0,地表,518.56
SC,QCQL,QCQL,32.49000,104.94000,0,70000000000.0,基岩,539.60
GS,D000C,D000C,35.61000,105.01000,0,70000000000.0,地表,452.23
GS,J0014,J0014,35.76000,104.80000,0,70000000000.0,地表,327.66
GS,D0011,D0011,35.49000,105.20000,0,70000000000.0,地表,444.39
SC,U3106,U3106,32.60000,101.36000,0,70000000000.0,地表,684.21
GS,A0027,A0027,36.01000,104.43000,0,70000000000.0,地表,493.49
GS,J0004,J0004,35.98000,104.51000,0,70000000000.0,地表,486.78
GS,J0010,J0010,35.89000,104.70000,0,70000000000.0,地表,437.37
QH,E0016,E0016,35.80000,101.61000,0,70000000000.0,地表,472.64
GS,HNIHS,HNIHS,35.69000,105.07000,0,70000000000.0,基岩,344.65
SC,H2203,H2203,32.52000,105.15000,0,70000000000.0,地表,636.47
SC,QCH,青川台,32.59000,105.23000,0,70000000000.0,基岩,737.94
GS,D001A,D001A,35.85000,104.89000,0,70000000000.0,地表,466.60
GS,D001F,D001F,35.62000,105.22000,0,70000000000.0,地表,533.01
SC,H2207,H2207,32.34000,105.04000,0,70000000000.0,地表,650.97
GS,D0009,D0009,35.77000,105.10000,0,70000000000.0,地表,399.47
GS,D001E,D001E,35.71000,105.18000,0,70000000000.0,地表,515.70
SC,HQ002,HQ002,32.39000,105.15000,0,70000000000.0,地表,873.88
GS,D0017,D0017,36.04000,104.72000,0,70000000000.0,地表,446.04
GS,D0010,D0010,35.94000,104.92000,0,70000000000.0,地表,605.01
GS,D000D,D000D,35.87000,105.06000,0,70000000000.0,地表,580.67
GS,D0005,D0005,35.80000,105.23000,0,70000000000.0,地表,436.44
GS,DH001,DH001,35.96000,105.02000,0,70000000000.0,地表,488.15
SC,B8105,B8105,32.18000,105.04000,0,70000000000.0,地表,671.08
GS,D000A,D000A,35.94000,105.19000,0,70000000000.0,地表,522.18
SC,B8104,B8104,32.14000,105.11000,0,70000000000.0,地表,653.54
YN,C2236,C2236,27.01000,103.40000,0,70000000000.0,地表,796.85
YN,C2113,C2113,27.05000,103.45000,0,70000000000.0,地表,508.63
YN,D2637,D2637,26.97000,103.46000,0,70000000000.0,地表,900.00
YN,C2222,C2222,26.97000,103.31000,0,70000000000.0,地表,501.59
YN,C2125,C2125,27.03000,103.53000,0,70000000000.0,地表,900.00
YN,CL003,CL003,27.12000,103.40000,0,70000000000.0,地表,708.13
YN,C2119,C2119,27.09000,103.55000,0,70000000000.0,地表,719.53
YN,C2221,C2221,26.85000,103.36000,0,70000000000.0,地表,610.03
YN,CQ002,CQ002,26.95000,103.23000,0,70000000000.0,地表,690.88
YN,C2114,C2114,27.04000,103.60000,0,70000000000.0,地表,900.00
YN,C2122,C2122,27.19000,103.49000,0,70000000000.0,地表,699.05
YN,C2219,C2219,27.03000,103.19000,0,70000000000.0,地表,515.55
YN,C2117,C2117,27.15000,103.58000,0,70000000000.0,地表,415.34
YN,D2628,D2628,26.90000,103.63000,0,70000000000.0,地表,359.31
YN,C2238,C2238,27.15000,103.20000,0,70000000000.0,地表,900.00
YN,DHZ03,DHZ03,26.80000,103.54000,0,70000000000.0,基岩,653.94
YN,D2636,D2636,26.76000,103.42000,0,70000000000.0,地表,502.74
YN,C0225,C0225,27.14000,103.65000,0,70000000000.0,地表,560.72
YN,C2243,C2243,26.96000,103.13000,0,70000000000.0,地表,732.06
YN,D2638,D2638,27.03000,103.70000,0,70000000000.0,地表,900.00
YN,C2231,C2231,26.83000,103.19000,0,70000000000.0,地表,733.14
YN,C2234,C2234,26.75000,103.33000,0,70000000000.0,地表,489.37
YN,C2227,C2227,26.77000,103.24000,0,70000000000.0,地表,498.24
YN,C2223,C2223,26.86000,103.13000,0,70000000000.0,地表,900.00
YN,CLD01,CLD01,27.31000,103.43000,0,70000000000.0,基岩,531.98
YN,C2232,C2232,27.16000,103.11000,0,70000000000.0,地表,447.14
YN,D2624,D2624,26.73000,103.57000,0,70000000000.0,地表,448.72
YN,C2241,C2241,27.00000,103.04000,0,70000000000.0,地表,900.00
YN,C2237,C2237,26.79000,103.12000,0,70000000000.0,地表,900.00
YN,CQ003,CQ003,27.09000,103.04000,0,70000000000.0,地表,900.00
YN,D2626,D2626,26.68000,103.51000,0,70000000000.0,地表,473.49
YN,C2229,C2229,26.91000,103.03000,0,70000000000.0,地表,900.00
YN,C2235,C2235,26.72000,103.14000,0,70000000000.0,地表,409.70
YN,C0227,C0227,27.28000,103.75000,0,70000000000.0,地表,272.28
YN,C2225,C2225,26.91000,102.96000,0,70000000000.0,地表,900.00
YN,C2240,C2240,27.08000,102.95000,0,70000000000.0,地表,900.00
YN,D2625,D2625,26.59000,103.46000,0,70000000000.0,地表,465.97
YN,C2226,C2226,26.65000,103.16000,0,70000000000.0,地表,590.23
YN,C2224,C2224,27.36000,103.14000,0,70000000000.0,地表,900.00
YN,CQJ03,CQJ03,27.31000,103.07000,0,70000000000.0,基岩,900.00
YN,CQJ01,CQJ01,26.91000,102.94000,0,70000000000.0,基岩,900.00
YN,C2233,C2233,27.17000,102.94000,0,70000000000.0,地表,900.00
YN,C2230,C2230,26.71000,103.03000,0,70000000000.0,地表,900.00
YN,C2242,C2242,27.01000,102.90000,0,70000000000.0,地表,900.00
YN,C0224,C0224,27.42000,103.18000,0,70000000000.0,地表,900.00
YN,D2646,D2646,26.54000,103.34000,0,70000000000.0,地表,554.99
SC,W3002,金阳春江台,27.43000,103.14000,0,70000000000.0,地表,652.14
SC,W2704,宁南葫芦台,27.06000,102.87000,0,70000000000.0,地表,900.00
YN,DH002,DH002,26.56000,103.62000,0,70000000000.0,地表,490.43
YN,CZY01,CZY01,27.45000,103.66000,0,70000000000.0,基岩,626.91
YN,D2633,D2633,26.54000,103.24000,0,70000000000.0,地表,387.83
YN,CZY02,CZY02,27.50000,103.49000,0,70000000000.0,基岩,549.33
SC,NNBHT,NNBHT,27.16000,102.88000,0,70000000000.0,基岩,900.00
YN,CQJ02,CQJ02,27.25000,102.92000,0,70000000000.0,基岩,900.00
YN,C2239,C2239,27.40000,103.06000,0,70000000000.0,地表,775.59
YN,CZY03,CZY03,27.33000,103.84000,0,70000000000.0,基岩,573.76
SC,W2610,会东文箐台,26.76000,102.92000,0,70000000000.0,地表,900.00
SC,W2706,宁南倮格台,27.13000,102.86000,0,70000000000.0,地表,900.00
YN,CZY04,CZY04,27.49000,103.21000,0,70000000000.0,基岩,900.00
SC,W3003,金阳对坪台,27.42000,103.06000,0,70000000000.0,地表,900.00
SC,WS003,WS003,26.98000,102.83000,0,70000000000.0,地表,831.91
YN,C0229,C0229,27.40000,103.80000,0,70000000000.0,地表,605.82
SC,JYDP,JYDP,27.45000,103.08000,0,70000000000.0,基岩,900.00
YN,C0219,C0219,27.53000,103.25000,0,70000000000.0,地表,900.00
YN,D2639,D2639,26.56000,103.76000,0,70000000000.0,地表,667.93
SC,W2711,宁南西瑶台,26.90000,102.81000,0,70000000000.0,地表,521.39
YN,C2244,C2244,27.33000,102.91000,0,70000000000.0,地表,900.00
YN,D2615,D2615,26.46000,103.46000,0,70000000000.0,地表,541.73
YN,CQ001,CQ001,26.56000,103.05000,0,70000000000.0,地表,900.00
YN,C0230,C0230,27.49000,103.72000,0,70000000000.0,地表,477.23
YN,D2629,D2629,26.53000,103.10000,0,70000000000.0,地表,900.00
YN,DHZ04,DHZ04,26.49000,103.64000,0,70000000000.0,基岩,559.03
SC,WJ001,WJ001,27.54000,103.20000,0,70000000000.0,地表,509.19
YN,C2228,C2228,27.40000,102.95000,0,70000000000.0,地表,485.94
SC,W3005,金阳芦稿台,27.54000,103.13000,0,70000000000.0,地表,900.00
YN,C2524,C2524,27.59000,103.52000,0,70000000000.0,地表,657.81
SC,W2709,宁南松林台,26.97000,102.75000,0,70000000000.0,地表,900.00
SC,WS001,WS001,27.07000,102.75000,0,70000000000.0,地表,703.12
YN,D2614,D2614,26.42000,103.31000,0,70000000000.0,地表,483.42
YN,D2645,D2645,26.46000,103.15000,0,70000000000.0,地表,900.00
SC,W2605,会东红果台,26.77000,102.79000,0,70000000000.0,地表,496.24
SC,W3007,金阳派来台,27.57000,103.15000,0,70000000000.0,地表,900.00
SC,W2905,布拖合井台,27.31000,102.82000,0,70000000000.0,地表,610.21
SC,W2702,宁南档案台,27.03000,102.73000,0,70000000000.0,地表,267.07
YN,D2640,D2640,26.43000,103.62000,0,70000000000.0,地表,431.94
SC,SMK,石门坎台,26.85000,102.75000,0,70000000000.0,基岩,664.65
SC,W2608,会东铅锌台,26.63000,102.87000,0,70000000000.0,地表,767.91
SC,WH003,WH003,26.68000,102.82000,0,70000000000.0,地表,790.76
YN,CY008,CY008,27.63000,103.58000,0,70000000000.0,地表,497.01
SC,W2606,会东老口台,26.57000,102.89000,0,70000000000.0,地表,790.69
YN,D2644,D2644,26.39000,103.18000,0,70000000000.0,地表,759.84
YN,DH001,DH001,26.37000,103.58000,0,70000000000.0,地表,742.49
SC,W2707,宁南杉树台,26.99000,102.67000,0,70000000000.0,地表,900.00
YN,C2842,C2842,27.39000,104.03000,0,70000000000.0,地表,811.86
SC,W2703,宁南稻谷台,27.04000,102.66000,0,70000000000.0,地表,716.24
SC,W2708,宁南石梨台,26.91000,102.66000,0,70000000000.0,地表,900.00
YN,D2647,D2647,26.33000,103.30000,0,70000000000.0,地表,579.33
SC,W2705,宁南老木台,27.16000,102.66000,0,70000000000.0,地表,683.02
SC,W2710,宁南松新台,27.23000,102.68000,0,70000000000.0,地表,701.16
YN,D2634,D2634,26.32000,103.42000,0,70000000000.0,地表,817.96
YN,D2641,D2641,26.31000,103.50000,0,70000000000.0,地表,604.71
SC,W3008,金阳天地坝台,27.70000,103.25000,0,70000000000.0,地表,900.00
YN,D2616,D2616,26.31000,103.23000,0,70000000000.0,地表,813.64
SC,W2603,会东堵格台,26.73000,102.67000,0,70000000000.0,地表,584.31
YN,D8117,D8117,26.38000,103.80000,0,70000000000.0,地表,807.19
YN,AD004,AD004,26.37000,103.04000,0,70000000000.0,地表,525.29
SC,NNDG,NNDG,27.11000,102.61000,0,70000000000.0,基岩,900.00
SC,W2604,会东发箐台,26.55000,102.78000,0,70000000000.0,地表,519.86
SC,W2804,普格辉隆台,27.32000,102.66000,0,70000000000.0,地表,900.00
SC,WT003,WT003,27.55000,102.84000,0,70000000000.0,地表,875.27
SC,WS002,WS002,27.22000,102.61000,0,70000000000.0,地表,641.93
SC,W2909,布拖拖觉台,27.59000,102.86000,0,70000000000.0,地表,434.91
SC,W2908,布拖乐安台,27.65000,102.94000,0,70000000000.0,地表,365.89
SC,WH002,WH002,26.58000,102.70000,0,70000000000.0,地表,625.68
SC,W2611,会东岩坝台,26.42000,102.86000,0,70000000000.0,地表,900.00
YN,DHZ02,DHZ02,26.24000,103.46000,0,70000000000.0,基岩,837.43
YN,D2627,D2627,26.26000,103.62000,0,70000000000.0,地表,785.69
YN,C2828,C2828,27.38000,104.17000,0,70000000000.0,地表,719.32
SC,W2902,布拖补尔台,27.62000,102.86000,0,70000000000.0,地表,702.82
YN,D2617,D2617,26.24000,103.25000,0,70000000000.0,地表,802.08
YN,DX002,DX002,26.27000,103.72000,0,70000000000.0,地表,594.15
YN,D2643,D2643,26.26000,103.13000,0,70000000000.0,地表,900.00
YN,D8108,D8108,26.41000,104.00000,0,70000000000.0,地表,533.45
SC,W2807,普格洛乌沟台,27.43000,102.64000,0,70000000000.0,地表,827.80
SC,W2801,普格白水台,27.31000,102.57000,0,70000000000.0,地表,598.32
YN,D2619,D2619,26.20000,103.40000,0,70000000000.0,地表,596.44
SC,W2906,布拖火烈台,27.72000,102.94000,0,70000000000.0,地表,587.50
SC,W3006,金阳南瓦台,27.81000,103.11000,0,70000000000.0,地表,900.00
YN,A1302,A1302,26.25000,103.00000,0,70000000000.0,地表,900.00
YN,D8118,D8118,26.25000,103.83000,0,70000000000.0,地表,636.24
SC,HDTT,HDTT,26.37000,102.77000,0,70000000000.0,基岩,780.11
SC,W2609,会东淌塘台,26.39000,102.74000,0,70000000000.0,地表,597.55
YN,D8120,D8120,26.62000,104.27000,0,70000000000.0,地表,647.07
YN,D2621,D2621,26.14000,103.34000,0,70000000000.0,地表,480.39
SC,W2812,普格雨水台,27.51000,102.61000,0,70000000000.0,地表,900.00
YN,AD003,AD003,26.19000,103.07000,0,70000000000.0,地表,900.00
YN,D2630,D2630,26.12000,103.57000,0,70000000000.0,地表,814.43
YN,D2620,D2620,26.10000,103.42000,0,70000000000.0,地表,521.51
SC,W2811,普格永安台,27.43000,102.50000,0,70000000000.0,地表,628.00
YN,A1301,A1301,26.24000,102.83000,0,70000000000.0,地表,900.00
SC,WL001,WL001,27.07000,102.36000,0,70000000000.0,地表,874.85
YN,CY009,CY009,27.94000,103.67000,0,70000000000.0,地表,607.61
YN,DXW02,DXW02,26.11000,103.80000,0,70000000000.0,基岩,405.38
SC,DCLN,DCLN,27.15000,102.32000,0,70000000000.0,基岩,682.69
SC,W2505,W2505,26.73000,102.35000,0,70000000000.0,地表,471.16
YN,A2807,A2807,26.19000,102.79000,0,70000000000.0,地表,900.00
YN,D8114,D8114,26.24000,104.11000,0,70000000000.0,地表,335.68
SC,W2809,普格荞窝台,27.54000,102.46000,0,70000000000.0,地表,900.00
SC,WD002,WD002,27.29000,102.33000,0,70000000000.0,地表,625.55
YN,A1303,A1303,26.03000,103.09000,0,70000000000.0,地表,898.90
SC,W2510,W2510,26.65000,102.34000,0,70000000000.0,地表,573.24
SC,W2803,普格哈力洛台,27.74000,102.59000,0,70000000000.0,地表,667.79
SC,W2405,W2405,27.17000,102.25000,0,70000000000.0,地表,757.96
SC,W2512,W2512,26.76000,102.26000,0,70000000000.0,地表,511.34
YN,D8112,D8112,25.97000,103.77000,0,70000000000.0,地表,507.52
YN,ALQ03,ALQ03,26.26000,102.53000,0,70000000000.0,基岩,534.07
SC,HLI,会理台,26.65000,102.25000,0,70000000000.0,基岩,370.73
SC,D2101,D2101,27.01000,102.18000,0,70000000000.0,地表,641.72
YN,A2808,A2808,26.13000,102.67000,0,70000000000.0,地表,374.92
SC,DM003,DM003,27.08000,102.16000,0,70000000000.0,地表,744.06
SC,W2403,W2403,27.30000,102.19000,0,70000000000.0,地表,584.24
YN,A2806,A2806,26.04000,102.76000,0,70000000000.0,地表,900.00
SC,WD003,WD003,27.38000,102.18000,0,70000000000.0,地表,397.43
SC,ZZZH,ZZZH,28.08000,102.90000,0,70000000000.0,基岩,615.58
SC,D2106,D2106,26.98000,102.09000,0,70000000000.0,地表,623.83
SC,W2401,德昌阿月台,27.50000,102.17000,0,70000000000.0,地表,664.61
SC,D2105,D2105,26.71000,102.10000,0,70000000000.0,地表,469.77
SC,W2501,W2501,26.62000,102.10000,0,70000000000.0,地表,527.11
SC,D2212,D2212,26.69000,101.97000,0,70000000000.0,地表,639.57
SC,D2205,D2205,26.49000,102.02000,0,70000000000.0,地表,551.77
SC,D2213,D2213,26.61000,101.96000,0,70000000000.0,地表,578.71
SC,W2511,W2511,26.26000,102.11000,0,70000000000.0,地表,496.63
SC,DY002,DY002,26.54000,101.93000,0,70000000000.0,地表,578.40
SC,W2504,W2504,26.29000,101.99000,0,70000000000.0,地表,461.97
SC,W3314,W3314,28.20000,101.98000,0,70000000000.0,地表,874.21
XJ,Q0076,Q0076,37.68000,76.21000,0,70000000000.0,地表,900.00
XJ,P001B,P001B,38.05000,76.16000,0,70000000000.0,地表,900.00
XJ,Q004F,Q004F,37.73000,76.50000,0,70000000000.0,地表,900.00
XJ,P001E,P001E,38.28000,75.99000,0,70000000000.0,地表,708.20
XJ,P0023,P0023,38.45000,75.73000,0,70000000000.0,地表,900.00
XJ,P0022,P0022,38.46000,75.96000,0,70000000000.0,地表,719.05
XJ,P0014,P0014,38.77000,75.19000,0,70000000000.0,地表,900.00
XJ,Q0081,Q0081,37.62000,76.81000,0,70000000000.0,地表,610.61
XJ,Q004E,Q004E,37.88000,76.66000,0,70000000000.0,地表,425.08
XJ,P0025,P0025,38.42000,76.18000,0,70000000000.0,地表,900.00
XJ,P002D,P002D,38.56000,76.27000,0,70000000000.0,地表,437.65
XJ,YJS,英吉沙台,38.52000,76.49000,0,70000000000.0,基岩,398.36
XJ,Q008E,Q008E,38.81000,76.11000,0,70000000000.0,地表,304.19
XJ,QI002,QI002,38.66000,76.46000,0,70000000000.0,地表,281.05
XJ,Q0088,Q0088,38.86000,76.26000,0,70000000000.0,地表,322.76
XJ,QI001,QI001,38.96000,76.15000,0,70000000000.0,地表,233.86
XJ,Q005B,Q005B,38.47000,76.88000,0,70000000000.0,地表,239.59
XJ,Q008D,Q008D,38.72000,76.58000,0,70000000000.0,地表,254.06
XJ,PW012,PW012,39.23000,75.55000,0,70000000000.0,地表,384.34
XJ,Q0092,Q0092,39.02000,76.16000,0,70000000000.0,地表,262.76
XJ,Q0089,Q0089,38.96000,76.34000,0,70000000000.0,地表,237.46
XJ,PA001,PA001,39.15000,75.94000,0,70000000000.0,地表,298.59
XJ,P0018,P0018,39.33000,73.67000,0,70000000000.0,地表,900.00
XJ,QS007,QS007,39.30000,75.54000,0,70000000000.0,地表,278.96
XJ,QS004,QS004,39.27000,75.81000,0,70000000000.0,地表,259.68
XJ,Q0073,Q0073,39.16000,76.12000,0,70000000000.0,地表,227.14
XJ,P002C,P002C,39.25000,75.92000,0,70000000000.0,地表,246.39
XJ,Q0066,Q0066,39.33000,75.69000,0,70000000000.0,地表,454.17
XJ,QS009,QS009,39.12000,76.26000,0,70000000000.0,地表,236.22
XJ,Q0062,Q0062,39.30000,75.84000,0,70000000000.0,地表,211.32
XJ,QS011,QS011,39.20000,76.17000,0,70000000000.0,地表,226.53
XJ,Q006A,Q006A,39.26000,76.07000,0,70000000000.0,地表,227.12
XJ,Q006C,Q006C,39.10000,76.41000,0,70000000000.0,地表,221.36
XJ,Q0071,Q0071,39.18000,76.27000,0,70000000000.0,地表,229.21
XJ,Q006E,Q006E,39.32000,76.01000,0,70000000000.0,地表,252.91
XJ,QS001,QS001,39.39000,75.87000,0,70000000000.0,地表,256.14
XJ,Q006B,Q006B,39.20000,76.36000,0,70000000000.0,地表,231.47
XJ,Q009A,Q009A,39.17000,76.44000,0,70000000000.0,地表,212.66
XJ,Q0069,Q0069,39.32000,76.18000,0,70000000000.0,地表,227.16
XJ,Q0068,Q0068,39.28000,76.30000,0,70000000000.0,地表,209.13
XJ,Q0099,Q0099,39.13000,76.60000,0,70000000000.0,地表,218.72
XJ,Q0075,Q0075,39.37000,76.14000,0,70000000000.0,地表,230.43
XJ,Q009E,Q009E,39.22000,76.49000,0,70000000000.0,地表,220.70
XJ,QS010,QS010,39.26000,76.42000,0,70000000000.0,地表,214.42
XJ,Q006D,Q006D,39.32000,76.34000,0,70000000000.0,地表,218.22
XJ,Q009B,Q009B,39.20000,76.65000,0,70000000000.0,地表,216.08
XJ,Q006F,Q006F,39.32000,76.44000,0,70000000000.0,地表,221.61
XJ,QS012,QS012,39.39000,76.35000,0,70000000000.0,地表,230.61
XJ,YPH,岳普湖台,39.21000,76.74000,0,70000000000.0,基岩,208.47
XJ,Q0028,Q0028,39.38000,76.48000,0,70000000000.0,地表,229.17
XJ,Q0033,Q0033,39.34000,76.56000,0,70000000000.0,地表,227.79
XJ,Q0096,Q0096,39.14000,76.95000,0,70000000000.0,地表,217.51
XJ,Q001D,Q001D,39.31000,76.71000,0,70000000000.0,地表,219.38
YN,C2841,C2841,27.48000,104.21000,0,70000000000.0,地表,642.64
GZ,WEN01,WEN01,26.91000,104.30000,0,70000000000.0,基岩,583.72
YN,C2845,C2845,27.53000,104.14000,0,70000000000.0,地表,900.00
YN,D2622,D2622,26.81000,103.65000,0,70000000000.0,地表,373.10
YN,D8113,D8113,26.62000,104.42000,0,70000000000.0,地表,729.20
YN,D8115,D8115,26.48000,104.21000,0,70000000000.0,地表,658.32
YN,D8104,D8104,26.30000,104.15000,0,70000000000.0,地表,377.82
XJ,P001D,P001D,38.21000,76.27000,0,70000000000.0,地表,671.18
XJ,AKTKE,AKTKE,38.56000,76.09000,0,70000000000.0,基岩,479.14
XJ,M000F,M000F,43.12000,85.51000,0,70000000000.0,地表,471.49
XJ,MK004,MK004,41.84000,86.26000,0,70000000000.0,地表,370.52
XJ,M001A,M001A,42.13000,86.43000,0,70000000000.0,地表,191.05
XJ,M0021,M0021,42.01000,86.43000,0,70000000000.0,地表,219.32
XJ,F0061,F0061,43.65000,84.36000,0,70000000000.0,地表,883.36
XJ,XYTAR,XYTAR,43.46000,83.76000,0,70000000000.0,基岩,900.00
XJ,F0046,F0046,43.68000,84.26000,0,70000000000.0,地表,900.00
XJ,F0003,F0003,43.70000,84.13000,0,70000000000.0,地表,604.64
XJ,F0058,F0058,43.42000,83.50000,0,70000000000.0,地表,433.89
XJ,F0059,F0059,43.50000,83.61000,0,70000000000.0,地表,715.03
XJ,NILAK,NILAK,43.73000,84.04000,0,70000000000.0,基岩,735.40
XJ,FX002,FX002,43.52000,83.48000,0,70000000000.0,地表,658.99
NM,HX001,HX001,44.57000,117.60000,0,70000000000.0,地表,612.74
FJ,PTAQ,平潭澳前台,25.46000,119.85000,0,70000000000.0,基岩,492.16
FJ,KP001,KP001,25.50000,119.77000,0,70000000000.0,地表,791.45
FJ,PTTC,PTTC,25.50000,119.77000,0,70000000000.0,基岩,565.85
FJ,K0001,K0001,25.47000,119.74000,0,70000000000.0,地表,480.99
FJ,K0004,K0004,25.38000,119.70000,0,70000000000.0,地表,600.00
FJ,K0003,K0003,25.56000,119.75000,0,70000000000.0,地表,228.34
FJ,K0002,K0002,25.62000,119.71000,0,70000000000.0,地表,600.00
FJ,A0037,A0037,25.45000,119.61000,0,70000000000.0,地表,601.68
FJ,B4411,秀屿区南日镇台,25.20000,119.52000,0,70000000000.0,地表,600.00
FJ,A0022,A0022,25.49000,119.59000,0,70000000000.0,地表,600.00
FJ,A0032,A0032,25.38000,119.52000,0,70000000000.0,地表,373.14
FJ,PTNR,莆田南日台,25.22000,119.47000,0,70000000000.0,基岩,521.46
FJ,A0031,A0031,25.53000,119.54000,0,70000000000.0,地表,280.98
FJ,K0005,K0005,25.65000,119.59000,0,70000000000.0,地表,662.51
FJ,A5010,A5010,25.76000,119.60000,0,70000000000.0,地表,539.21
FJ,A0021,A0021,25.54000,119.47000,0,70000000000.0,地表,341.60
FJ,A0020,A0020,25.72000,119.54000,0,70000000000.0,地表,896.36
FJ,CLJT,CLJT,25.77000,119.56000,0,70000000000.0,基岩,896.35
FJ,A5008,A5008,26.01000,119.68000,0,70000000000.0,地表,899.34
FJ,A5004,A5004,25.95000,119.64000,0,70000000000.0,地表,316.41
FJ,A5005,A5005,25.84000,119.57000,0,70000000000.0,地表,414.57
FJ,A0029,A0029,25.60000,119.45000,0,70000000000.0,地表,253.84
FJ,A5014,A5014,25.92000,119.61000,0,70000000000.0,地表,238.31
FJ,A0025,A0025,25.56000,119.43000,0,70000000000.0,地表,278.47
FJ,A5012,A5012,26.00000,119.66000,0,70000000000.0,地表,496.39
FJ,J1004,J1004,26.70000,120.34000,0,70000000000.0,地表,665.77
FJ,A7010,A7010,26.35000,119.92000,0,70000000000.0,地表,900.00
FJ,A5013,A5013,25.90000,119.58000,0,70000000000.0,地表,221.80
FJ,A7015,A7015,26.33000,119.89000,0,70000000000.0,地表,900.00
FJ,A0030,A0030,25.76000,119.49000,0,70000000000.0,地表,898.46
FJ,A5006,A5006,25.99000,119.61000,0,70000000000.0,地表,220.79
FJ,A0023,A0023,25.71000,119.45000,0,70000000000.0,地表,380.27
FJ,J1005,J1005,26.51000,120.04000,0,70000000000.0,地表,879.90
FJ,A5015,A5015,25.86000,119.52000,0,70000000000.0,地表,774.27
FJ,B4403,秀屿区平海山星台,25.21000,119.27000,0,70000000000.0,地表,405.56
FJ,B4404,秀屿区埭头石塔台,25.26000,119.28000,0,70000000000.0,地表,894.48
FJ,PTDT,莆田埭头台,25.26000,119.27000,0,70000000000.0,基岩,896.89
FJ,A5002,A5002,25.96000,119.56000,0,70000000000.0,地表,899.95
FJ,A5011,A5011,26.03000,119.60000,0,70000000000.0,地表,235.09
FJ,A0026,A0026,25.47000,119.31000,0,70000000000.0,地表,631.72
FJ,A5007,A5007,25.85000,119.47000,0,70000000000.0,地表,899.67
FJ,A3001,A3001,26.09000,119.61000,0,70000000000.0,地表,900.00
FJ,A0028,A0028,25.67000,119.37000,0,70000000000.0,地表,899.07
FJ,AL001,AL001,25.96000,119.52000,0,70000000000.0,地表,900.00
FJ,A0034,A0034,25.76000,119.41000,0,70000000000.0,地表,899.50
FJ,AQ001,AQ001,25.74000,119.38000,0,70000000000.0,地表,500.00
FJ,A5016,A5016,25.88000,119.45000,0,70000000000.0,地表,562.46
FJ,A7005,A7005,26.34000,119.77000,0,70000000000.0,地表,900.00
FJ,FZLQ,福州琅岐台,26.10000,119.58000,0,70000000000.0,基岩,900.00
FJ,A5009,A5009,25.93000,119.47000,0,70000000000.0,地表,222.32
FJ,B4402,秀屿区东峤汀塘台,25.25000,119.20000,0,70000000000.0,地表,483.60
FJ,A5003,A5003,26.05000,119.54000,0,70000000000.0,地表,900.00
FJ,B4301,荔城区北高渡岭台,25.31000,119.21000,0,70000000000.0,地表,521.19
FJ,A5001,A5001,25.98000,119.49000,0,70000000000.0,地表,772.05
FJ,A0039,A0039,25.63000,119.31000,0,70000000000.0,地表,547.84
FJ,A7012,A7012,26.22000,119.65000,0,70000000000.0,地表,900.00
FJ,A7016,A7016,26.41000,119.81000,0,70000000000.0,地表,900.00
FJ,A0036,A0036,25.58000,119.28000,0,70000000000.0,地表,820.75
FJ,A0024,A0024,25.68000,119.32000,0,70000000000.0,地表,899.84
FJ,A0033,A0033,25.51000,119.25000,0,70000000000.0,地表,634.62
FJ,A7003,A7003,26.14000,119.56000,0,70000000000.0,地表,900.00
FJ,PTMZ,莆田湄洲台,25.04000,119.12000,0,70000000000.0,基岩,587.42
FJ,B4410,秀屿区湄洲镇台,25.08000,119.12000,0,70000000000.0,地表,313.86
FJ,A3003,A3003,26.07000,119.49000,0,70000000000.0,地表,900.00
FJ,B4408,秀屿区山亭台,25.16000,119.12000,0,70000000000.0,地表,375.81
FJ,LJDD,LJDD,26.22000,119.59000,0,70000000000.0,基岩,900.00
FJ,A7017,A7017,26.32000,119.66000,0,70000000000.0,地表,356.92
FJ,A7009,A7009,26.25000,119.60000,0,70000000000.0,地表,555.50
FJ,BL001,BL001,25.35000,119.15000,0,70000000000.0,地表,402.71
FJ,B1011,B1011,25.52000,119.20000,0,70000000000.0,地表,899.88
FJ,XPCC,XPCC,26.71000,120.04000,0,70000000000.0,基岩,405.95
FJ,A6006,A6006,25.89000,119.36000,0,70000000000.0,地表,253.50
FJ,A7004,A7004,26.18000,119.54000,0,70000000000.0,地表,900.00
FJ,B4406,秀屿区月塘东潘台,25.23000,119.11000,0,70000000000.0,地表,522.00
FJ,A6007,A6007,25.93000,119.37000,0,70000000000.0,地表,381.63
FJ,B1012,B1012,25.50000,119.18000,0,70000000000.0,地表,876.06
FJ,A0027,A0027,25.82000,119.31000,0,70000000000.0,地表,900.00
FJ,J1014,J1014,26.75000,120.06000,0,70000000000.0,地表,900.00
FJ,AL101,AL101,26.20000,119.53000,0,70000000000.0,地表,299.50
FJ,B4407,秀屿区忠门台,25.19000,119.08000,0,70000000000.0,地表,600.00
FJ,B4405,秀屿区笏石四新台,25.29000,119.10000,0,70000000000.0,地表,468.11
FJ,AM001,AM001,26.02000,119.40000,0,70000000000.0,地表,642.15
FJ,B1010,B1010,25.44000,119.14000,0,70000000000.0,地表,295.23
FJ,A7007,A7007,26.39000,119.65000,0,70000000000.0,地表,900.00
FJ,A8007,A8007,26.47000,119.71000,0,70000000000.0,地表,900.00
FJ,B4303,荔城区黄石定庄台,25.36000,119.09000,0,70000000000.0,地表,318.20
FJ,BH001,BH001,25.45000,119.11000,0,70000000000.0,地表,324.71
FJ,A2001,A2001,26.00000,119.35000,0,70000000000.0,地表,600.00
FJ,A0038,A0038,25.69000,119.19000,0,70000000000.0,地表,900.00
FJ,A7014,A7014,26.33000,119.57000,0,70000000000.0,地表,900.00
FJ,LYJJ,罗源鉴江台,26.55000,119.76000,0,70000000000.0,基岩,600.00
FJ,A8003,A8003,26.53000,119.74000,0,70000000000.0,地表,900.00
FJ,A7018,A7018,26.26000,119.51000,0,70000000000.0,地表,900.00
FJ,B1001,B1001,25.53000,119.11000,0,70000000000.0,地表,900.00
FJ,A8006,A8006,26.43000,119.63000,0,70000000000.0,地表,900.00
FJ,A0035,A0035,25.77000,119.20000,0,70000000000.0,地表,900.00
FJ,B1008,B1008,25.49000,119.09000,0,70000000000.0,地表,377.82
FJ,A6004,A6004,25.91000,119.26000,0,70000000000.0,地表,822.25
FJ,B1009,B1009,25.46000,119.07000,0,70000000000.0,地表,214.01
FJ,J1007,J1007,26.75000,119.93000,0,70000000000.0,地表,600.00
FJ,A7008,A7008,26.25000,119.45000,0,70000000000.0,地表,900.00
FJ,B1002,B1002,25.58000,119.09000,0,70000000000.0,地表,900.00
FJ,B1003,B1003,25.67000,119.12000,0,70000000000.0,地表,880.19
FJ,A4001,A4001,26.15000,119.37000,0,70000000000.0,地表,900.00
FJ,AG002,AG002,26.08000,119.32000,0,70000000000.0,地表,232.57
FJ,A7002,A7002,26.33000,119.49000,0,70000000000.0,地表,900.00
FJ,AS001,AS001,26.02000,119.28000,0,70000000000.0,地表,600.00
FJ,J1010,J1010,26.73000,119.86000,0,70000000000.0,地表,900.00
FJ,AJ001,AJ001,26.12000,119.33000,0,70000000000.0,地表,889.35
FJ,J8010,J8010,27.15000,120.43000,0,70000000000.0,地表,600.00
FJ,A6005,A6005,25.96000,119.22000,0,70000000000.0,地表,230.65
FJ,JX001,JX001,26.89000,120.02000,0,70000000000.0,地表,447.34
FJ,A4005,A4005,26.12000,119.31000,0,70000000000.0,地表,334.89
FJ,AG001,AG001,26.12000,119.31000,0,70000000000.0,地表,334.89
FJ,FZCM,福州城门台,26.09000,119.28000,0,70000000000.0,基岩,234.17
FJ,FZGL,FZGL,26.09000,119.28000,0,70000000000.0,基岩,234.17
FJ,A2002,A2002,26.03000,119.24000,0,70000000000.0,地表,600.00
FJ,A0008,A0008,25.88000,119.16000,0,70000000000.0,地表,874.23
FJ,J0010,J0010,26.66000,119.72000,0,70000000000.0,地表,381.02
FJ,LYSS,LYSS,26.47000,119.54000,0,70000000000.0,基岩,900.00
FJ,J1012,J1012,27.01000,120.14000,0,70000000000.0,地表,900.00
FJ,AL201,AL201,26.49000,119.54000,0,70000000000.0,地表,567.33
FJ,A8004,A8004,26.51000,119.54000,0,70000000000.0,地表,471.57
FJ,A7006,A7006,26.37000,119.42000,0,70000000000.0,地表,900.00
FJ,J8004,J8004,27.16000,120.33000,0,70000000000.0,地表,900.00
FJ,YTGL,永泰葛岭台,25.84000,119.09000,0,70000000000.0,基岩,900.00
FJ,A4003,A4003,26.17000,119.27000,0,70000000000.0,地表,900.00
FJ,A8001,A8001,26.45000,119.47000,0,70000000000.0,地表,900.00
FJ,J8011,J8011,27.11000,120.22000,0,70000000000.0,地表,900.00
FJ,A0004,A0004,25.87000,119.08000,0,70000000000.0,地表,900.00
FJ,J1003,J1003,26.94000,119.93000,0,70000000000.0,地表,900.00
FJ,A8002,A8002,26.52000,119.48000,0,70000000000.0,地表,323.11
FJ,A8008,A8008,26.47000,119.43000,0,70000000000.0,地表,900.00
FJ,J7014,J7014,26.84000,119.79000,0,70000000000.0,地表,600.00
FJ,A6010,A6010,26.07000,119.15000,0,70000000000.0,地表,900.00
FJ,J1008,J1008,27.04000,120.01000,0,70000000000.0,地表,458.94
FJ,AM201,AM201,26.15000,119.17000,0,70000000000.0,地表,900.00
FJ,J0002,J0002,26.64000,119.53000,0,70000000000.0,地表,900.00
FJ,J7011,J7011,26.82000,119.71000,0,70000000000.0,地表,900.00
FJ,A6013,A6013,26.22000,119.19000,0,70000000000.0,地表,900.00
FJ,FZRX,福州日溪台,26.36000,119.28000,0,70000000000.0,基岩,900.00
FJ,J8001,J8001,27.20000,120.20000,0,70000000000.0,地表,900.00
FJ,A7011,A7011,26.42000,119.32000,0,70000000000.0,地表,900.00
FJ,A6002,A6002,26.16000,119.12000,0,70000000000.0,地表,900.00
FJ,J8002,J8002,27.15000,120.08000,0,70000000000.0,地表,900.00
FJ,A4002,A4002,26.33000,119.22000,0,70000000000.0,地表,900.00
FJ,A8005,A8005,26.59000,119.42000,0,70000000000.0,地表,900.00
FJ,J7015,J7015,26.84000,119.66000,0,70000000000.0,地表,843.78
FJ,J8009,J8009,27.31000,120.32000,0,70000000000.0,地表,900.00
FJ,J7009,J7009,26.96000,119.79000,0,70000000000.0,地表,897.12
FJ,J0009,J0009,26.74000,119.53000,0,70000000000.0,地表,900.00
FJ,A8009,A8009,26.48000,119.29000,0,70000000000.0,地表,900.00
FJ,J1001,J1001,27.06000,119.87000,0,70000000000.0,地表,820.07
FJ,A8010,A8010,26.44000,119.24000,0,70000000000.0,地表,900.00
FJ,A6012,A6012,26.24000,119.10000,0,70000000000.0,地表,900.00
FJ,J0001,J0001,26.82000,119.57000,0,70000000000.0,地表,900.00
FJ,J7012,J7012,27.01000,119.78000,0,70000000000.0,地表,900.00
FJ,J0011,J0011,26.70000,119.42000,0,70000000000.0,地表,900.00
FJ,J6008,J6008,27.12000,119.87000,0,70000000000.0,地表,900.00
FJ,J7006,J7006,26.98000,119.68000,0,70000000000.0,地表,799.63
FJ,J0012,J0012,26.70000,119.37000,0,70000000000.0,地表,760.83
FJ,J0008,J0008,26.81000,119.47000,0,70000000000.0,地表,900.00
FJ,A6001,A6001,26.38000,119.10000,0,70000000000.0,地表,900.00
FJ,J6007,J6007,27.24000,119.98000,0,70000000000.0,地表,900.00
FJ,J2003,J2003,26.65000,119.29000,0,70000000000.0,地表,900.00
FJ,J6005,J6005,27.23000,119.92000,0,70000000000.0,地表,900.00
FJ,J7013,J7013,27.00000,119.61000,0,70000000000.0,地表,446.76
FJ,J0007,J0007,26.80000,119.38000,0,70000000000.0,地表,900.00
FJ,J8006,J8006,27.32000,120.00000,0,70000000000.0,地表,900.00
FJ,FACY,福安城阳台,27.10000,119.68000,0,70000000000.0,基岩,900.00
FJ,J0003,J0003,26.95000,119.50000,0,70000000000.0,地表,900.00
FJ,J6001,J6001,27.24000,119.82000,0,70000000000.0,地表,900.00
FJ,J2012,J2012,26.67000,119.20000,0,70000000000.0,地表,900.00
FJ,J0006,J0006,26.76000,119.27000,0,70000000000.0,地表,900.00
FJ,J7001,J7001,27.12000,119.64000,0,70000000000.0,地表,900.00
FJ,J7005,J7005,27.04000,119.53000,0,70000000000.0,地表,500.98
FJ,A6014,A6014,26.54000,119.06000,0,70000000000.0,地表,900.00
FJ,J7007,J7007,27.24000,119.75000,0,70000000000.0,地表,900.00
FJ,J6006,J6006,27.28000,119.80000,0,70000000000.0,地表,900.00
FJ,J5009,J5009,26.93000,119.37000,0,70000000000.0,地表,900.00
FJ,J0005,J0005,26.88000,119.32000,0,70000000000.0,地表,900.00
FJ,J7010,J7010,27.19000,119.66000,0,70000000000.0,地表,528.05
FJ,J2007,J2007,26.65000,119.11000,0,70000000000.0,地表,605.99
FJ,J5004,J5004,27.02000,119.43000,0,70000000000.0,地表,900.00
FJ,J7003,J7003,27.31000,119.74000,0,70000000000.0,地表,900.00
FJ,J7008,J7008,27.20000,119.57000,0,70000000000.0,地表,900.00
FJ,J5006,J5006,27.05000,119.38000,0,70000000000.0,地表,900.00
FJ,J3001,J3001,26.80000,119.11000,0,70000000000.0,地表,900.00
FJ,J4010,J4010,27.24000,119.56000,0,70000000000.0,地表,900.00
FJ,J7016,J7016,27.15000,119.43000,0,70000000000.0,地表,900.00
FJ,J5003,J5003,27.05000,119.29000,0,70000000000.0,地表,900.00
FJ,JZ001,JZ001,27.11000,119.34000,0,70000000000.0,地表,831.06
FJ,J3006,J3006,26.95000,119.15000,0,70000000000.0,地表,900.00
FJ,J4014,J4014,27.34000,119.58000,0,70000000000.0,地表,900.00
FJ,J4003,J4003,27.26000,119.46000,0,70000000000.0,地表,900.00
FJ,J5005,J5005,27.17000,119.35000,0,70000000000.0,地表,351.64
FJ,J4013,J4013,27.33000,119.54000,0,70000000000.0,地表,900.00
FJ,J5007,J5007,27.12000,119.29000,0,70000000000.0,地表,533.20
FJ,J5002,J5002,27.01000,119.17000,0,70000000000.0,地表,900.00
FJ,J4011,J4011,27.42000,119.63000,0,70000000000.0,地表,900.00
FJ,J4005,J4005,27.41000,119.58000,0,70000000000.0,地表,806.64
FJ,J4008,J4008,27.38000,119.51000,0,70000000000.0,地表,830.45
FJ,J5008,J5008,27.17000,119.23000,0,70000000000.0,地表,900.00
FJ,J4001,J4001,27.44000,119.55000,0,70000000000.0,地表,900.00
FJ,J5001,J5001,27.27000,119.27000,0,70000000000.0,地表,900.00
FJ,J4007,J4007,27.38000,119.39000,0,70000000000.0,地表,900.00
FJ,J4006,J4006,27.34000,119.33000,0,70000000000.0,地表,900.00
FJ,J4002,J4002,27.51000,119.52000,0,70000000000.0,地表,432.44
FJ,H6009,H6009,27.19000,119.13000,0,70000000000.0,地表,726.58
FJ,J4012,J4012,27.41000,119.31000,0,70000000000.0,地表,900.00
FJ,J4004,J4004,27.61000,119.55000,0,70000000000.0,地表,900.00
ZJ,QYX01,QYX01,27.62000,119.08000,0,70000000000.0,基岩,774.86
FJ,B4101,城厢区东海支局台,25.27000,118.91000,0,70000000000.0,地表,600.00
FJ,B4102,城厢区灵川青山台,25.30000,119.02000,0,70000000000.0,地表,532.94
FJ,C5202,泉港区南埔口台,25.19000,118.91000,0,70000000000.0,地表,315.43
FJ,C5204,泉港区涂岭松园台,25.15000,118.82000,0,70000000000.0,地表,900.00
FJ,C5701,石狮市蚶江台,24.79000,118.69000,0,70000000000.0,地表,382.08
FJ,CQ001,CQ001,25.12000,118.92000,0,70000000000.0,地表,339.27
YN,K2308,K2308,21.24000,101.73000,0,70000000000.0,地表,570.10
YN,KML01,KML01,21.43000,101.53000,0,70000000000.0,基岩,396.29
YN,K2304,K2304,21.54000,101.44000,0,70000000000.0,地表,764.23
HE,F0058,F0058,39.40000,114.91000,0,70000000000.0,地表,501.94
HE,F0029,F0029,38.82000,114.46000,0,70000000000.0,地表,413.51
SX,B0076,B0076,39.32000,114.34000,0,70000000000.0,地表,756.33
HE,F0057,F0057,39.32000,114.52000,0,70000000000.0,地表,784.92
SX,B0078,B0078,39.44000,114.32000,0,70000000000.0,地表,356.39
HE,F0133,F0133,39.24000,114.57000,0,70000000000.0,地表,606.64
SX,B0048,B0048,39.29000,114.18000,0,70000000000.0,地表,423.40
SX,B0077,B0077,39.49000,114.33000,0,70000000000.0,地表,529.20
SX,BL001,BL001,39.45000,114.20000,0,70000000000.0,地表,382.14
SX,B0049,B0049,39.19000,114.18000,0,70000000000.0,地表,264.85
SX,B0079,B0079,39.54000,114.36000,0,70000000000.0,地表,521.99
HE,ZMY,ZMY,39.13000,114.54000,0,70000000000.0,基岩,581.60
HE,F0132,F0132,39.27000,114.67000,0,70000000000.0,地表,769.02
HE,FP001,FP001,39.36000,114.68000,0,70000000000.0,地表,338.72
HE,F0056,F0056,39.09000,114.42000,0,70000000000.0,地表,778.07
SX,B0081,B0081,39.12000,114.16000,0,70000000000.0,地表,328.50
HE,F0055,F0055,39.48000,114.67000,0,70000000000.0,地表,705.75
SX,B0080,B0080,39.52000,114.15000,0,70000000000.0,地表,507.33
HE,F0027,F0027,39.04000,114.34000,0,70000000000.0,地表,728.43
HE,G0016,蔚县宋家庄镇台,39.59000,114.57000,0,70000000000.0,地表,574.80
SX,B0051,B0051,39.46000,114.04000,0,70000000000.0,地表,368.80
SX,B0046,B0046,39.24000,114.01000,0,70000000000.0,地表,584.89
SX,GLJYX,GLJYX,39.62000,114.25000,0,70000000000.0,基岩,464.61
SX,B0047,B0047,39.36000,113.97000,0,70000000000.0,地表,479.12
HE,FP002,FP002,39.53000,114.77000,0,70000000000.0,地表,565.37
HE,G0020,蔚县七井寺村台,39.68000,114.46000,0,70000000000.0,地表,808.47
HE,F0061,F0061,39.13000,114.79000,0,70000000000.0,地表,503.34
HE,F0099,F0099,38.98000,114.56000,0,70000000000.0,地表,406.03
HE,F0060,F0060,39.32000,114.87000,0,70000000000.0,地表,662.25
SX,B0050,B0050,39.60000,114.07000,0,70000000000.0,地表,517.03
HE,F0059,F0059,39.48000,114.85000,0,70000000000.0,地表,445.05
HE,F0094,F0094,39.04000,114.75000,0,70000000000.0,地表,698.94
SX,B0043,B0043,39.44000,113.90000,0,70000000000.0,地表,403.80
SX,B0036,B0036,39.71000,114.28000,0,70000000000.0,地表,311.78
HE,F0031,F0031,38.93000,114.28000,0,70000000000.0,地表,553.42
HE,F0034,F0034,39.06000,114.00000,0,70000000000.0,地表,599.26
HE,FK001,FK001,38.92000,114.47000,0,70000000000.0,地表,517.29
HE,G0034,蔚县宋家庄乡台,39.67000,114.66000,0,70000000000.0,地表,555.48
SX,H0008,H0008,39.12000,113.92000,0,70000000000.0,地表,574.18
SX,B0030,B0030,39.75000,114.36000,0,70000000000.0,地表,258.57
HE,G0027,蔚县草沟堡乡台,39.66000,114.75000,0,70000000000.0,地表,511.47
HE,G0033,蔚县浮图村台,39.75000,114.52000,0,70000000000.0,地表,567.25
SX,B0033,B0033,39.70000,114.09000,0,70000000000.0,地表,550.04
HE,F0095,F0095,38.94000,114.70000,0,70000000000.0,地表,376.00
HE,YUX,蔚县台,39.74000,114.62000,0,70000000000.0,基岩,520.53
HE,F0054,F0054,39.58000,114.88000,0,70000000000.0,地表,545.13
HE,F0033,F0033,38.86000,114.35000,0,70000000000.0,地表,496.13
SX,B0034,B0034,39.76000,114.10000,0,70000000000.0,地表,288.88
HE,F0097,F0097,38.87000,114.70000,0,70000000000.0,地表,502.58
HE,F0098,F0098,38.93000,114.85000,0,70000000000.0,地表,413.89
HE,F0032,F0032,38.90000,113.96000,0,70000000000.0,地表,512.89
SX,B0032,B0032,39.82000,114.10000,0,70000000000.0,地表,468.58
XJ,N004B,N004B,41.21000,79.27000,0,70000000000.0,地表,307.86
XJ,N0058,N0058,41.28000,79.33000,0,70000000000.0,地表,264.71
XJ,N005A,N005A,41.30000,79.48000,0,70000000000.0,地表,258.85
XJ,NU003,NU003,41.41000,79.47000,0,70000000000.0,地表,222.18
XJ,N005C,N005C,41.40000,79.55000,0,70000000000.0,地表,238.33
XJ,N000D,N000D,41.61000,79.58000,0,70000000000.0,地表,480.67
XJ,NU001,NU001,41.21000,79.70000,0,70000000000.0,地表,310.84
XJ,N000C,N000C,41.53000,79.81000,0,70000000000.0,地表,483.91
XJ,N0063,N0063,40.55000,79.40000,0,70000000000.0,地表,313.81
XJ,N005B,N005B,41.07000,78.92000,0,70000000000.0,地表,812.18
XJ,N0061,N0061,41.14000,79.04000,0,70000000000.0,地表,291.14
XJ,N0048,N0048,41.25000,79.14000,0,70000000000.0,地表,404.49
XJ,NU002,NU002,41.18000,79.14000,0,70000000000.0,地表,283.72
XJ,N0056,N0056,41.33000,79.17000,0,70000000000.0,地表,429.75
XJ,N004E,N004E,41.55000,79.17000,0,70000000000.0,地表,452.00
XJ,N0049,N0049,41.49000,79.27000,0,70000000000.0,地表,474.62
XZ,E0008,E0008,32.38000,89.15000,0,70000000000.0,地表,332.67
XJ,AHQ,阿合奇台,40.93000,78.46000,0,70000000000.0,基岩,746.64
XJ,P000A,P000A,40.96000,78.58000,0,70000000000.0,地表,399.88
XJ,PH002,PH002,40.98000,78.70000,0,70000000000.0,地表,577.03
XJ,P0002,P0002,40.90000,78.16000,0,70000000000.0,地表,421.54
XJ,PH001,PH001,40.85000,77.97000,0,70000000000.0,地表,297.46
XJ,P0001,P0001,40.89000,77.88000,0,70000000000.0,地表,719.16
XJ,P000B,P000B,40.66000,78.36000,0,70000000000.0,地表,552.11
XJ,WUS,乌什台,41.20000,79.22000,0,70000000000.0,基岩,296.81
XJ,N004A,N004A,40.52000,78.79000,0,70000000000.0,地表,409.82
XJ,AKQHL,AKQHL,40.83000,77.58000,0,70000000000.0,基岩,538.68
XJ,KEP,KEP,40.55000,78.94000,0,70000000000.0,基岩,584.39
XJ,P000D,P000D,40.55000,77.82000,0,70000000000.0,地表,530.71
XJ,P0004,P0004,40.76000,77.52000,0,70000000000.0,地表,434.75
XJ,NP001,NP001,40.51000,79.00000,0,70000000000.0,地表,312.94
XJ,P000E,P000E,40.67000,77.57000,0,70000000000.0,地表,719.64
XJ,P000C,P000C,40.62000,77.60000,0,70000000000.0,地表,532.53
XJ,N0068,N0068,40.43000,78.90000,0,70000000000.0,地表,193.18
XJ,P0005,P0005,40.76000,77.43000,0,70000000000.0,地表,595.66
XJ,P0003,P0003,40.81000,77.37000,0,70000000000.0,地表,601.90
XJ,N0057,N0057,40.50000,79.21000,0,70000000000.0,地表,389.71
XJ,P002E,P002E,40.53000,77.48000,0,70000000000.0,地表,495.85
XJ,P0006,P0006,40.84000,77.24000,0,70000000000.0,地表,606.70
XJ,N0055,N0055,40.32000,79.07000,0,70000000000.0,地表,375.85
XJ,P0046,P0046,40.37000,77.62000,0,70000000000.0,地表,664.80
XJ,P0049,P0049,40.51000,77.37000,0,70000000000.0,地表,470.22
XJ,P0007,P0007,40.85000,77.11000,0,70000000000.0,地表,479.55
XJ,N0062,N0062,40.55000,79.51000,0,70000000000.0,地表,361.08
XJ,N004F,N004F,41.14000,79.79000,0,70000000000.0,地表,284.70
XJ,P0040,P0040,40.35000,77.47000,0,70000000000.0,地表,399.01
XJ,N004C,N004C,40.80000,79.73000,0,70000000000.0,地表,441.45
XJ,P0009,P0009,40.93000,76.98000,0,70000000000.0,地表,745.54
XJ,P0048,P0048,40.43000,77.29000,0,70000000000.0,地表,866.52
XJ,N0050,N0050,41.41000,79.81000,0,70000000000.0,地表,309.75
XJ,Q0001,Q0001,40.04000,78.64000,0,70000000000.0,地表,333.78
XJ,P0008,P0008,40.84000,76.98000,0,70000000000.0,地表,691.02
XJ,NP002,NP002,40.62000,79.71000,0,70000000000.0,地表,364.08
XJ,SMY,神木园台,41.64000,79.73000,0,70000000000.0,基岩,512.85
XJ,N0012,N0012,41.24000,79.89000,0,70000000000.0,地表,259.73
XJ,P003F,P003F,40.29000,77.34000,0,70000000000.0,地表,326.11
XJ,N0014,N0014,41.47000,79.92000,0,70000000000.0,地表,303.17
XJ,N0016,N0016,41.33000,79.97000,0,70000000000.0,地表,267.59
XJ,Q0005,Q0005,39.96000,78.85000,0,70000000000.0,地表,187.44
XJ,P0041,P0041,40.25000,77.26000,0,70000000000.0,地表,286.65
XJ,Q00A3,Q00A3,39.98000,79.04000,0,70000000000.0,地表,188.79
XJ,N0069,N0069,40.71000,79.96000,0,70000000000.0,地表,200.21
XJ,N0010,N0010,41.40000,80.03000,0,70000000000.0,地表,328.47
XJ,N000B,N000B,40.84000,80.02000,0,70000000000.0,地表,255.18
XJ,Q00AF,Q00AF,40.01000,79.17000,0,70000000000.0,地表,205.08
XJ,N005D,N005D,40.65000,79.95000,0,70000000000.0,地表,180.00
XJ,N0060,N0060,40.44000,79.81000,0,70000000000.0,地表,212.35
XJ,Q00A9,Q00A9,40.03000,79.29000,0,70000000000.0,地表,199.51
XJ,AKS,阿克苏台,41.14000,80.11000,0,70000000000.0,基岩,412.17
XJ,Q00A6,Q00A6,39.92000,79.00000,0,70000000000.0,地表,204.10
XJ,Q00A7,Q00A7,40.08000,79.45000,0,70000000000.0,地表,200.43
XJ,N0017,N0017,41.26000,80.14000,0,70000000000.0,地表,250.85
XJ,P0042,P0042,40.23000,77.13000,0,70000000000.0,地表,446.46
XJ,N0009,N0009,41.00000,80.14000,0,70000000000.0,地表,263.46
XJ,Q000C,Q000C,39.84000,78.80000,0,70000000000.0,地表,219.28
XJ,Q0006,Q0006,39.82000,78.67000,0,70000000000.0,地表,206.02
XJ,N0011,N0011,41.34000,80.15000,0,70000000000.0,地表,413.70
XJ,QK002,QK002,40.03000,79.41000,0,70000000000.0,地表,180.00
XJ,P0047,P0047,40.36000,76.95000,0,70000000000.0,地表,457.80
XJ,N0020,N0020,40.91000,80.16000,0,70000000000.0,地表,213.57
XJ,QK001,QK001,39.87000,79.08000,0,70000000000.0,地表,185.56
XJ,BCH,巴楚台,39.79000,78.78000,0,70000000000.0,基岩,479.97
XJ,Q00A5,Q00A5,39.94000,79.30000,0,70000000000.0,地表,206.37
XJ,NE001,NE001,41.28000,80.23000,0,70000000000.0,地表,426.72
XJ,NA001,NA001,41.19000,80.26000,0,70000000000.0,地表,299.25
XJ,P0043,P0043,40.21000,76.99000,0,70000000000.0,地表,322.79
XJ,N000E,N000E,41.56000,80.20000,0,70000000000.0,地表,265.99
XJ,N0067,N0067,40.68000,80.18000,0,70000000000.0,地表,196.45
XJ,Q00A2,Q00A2,40.00000,79.54000,0,70000000000.0,地表,210.64
XJ,Q00AA,Q00AA,39.76000,78.97000,0,70000000000.0,地表,208.15
XJ,N000F,N000F,41.35000,80.29000,0,70000000000.0,地表,308.18
XJ,WSUKK,WSUKK,41.49000,80.27000,0,70000000000.0,基岩,747.47
XJ,N001E,N001E,41.03000,80.33000,0,70000000000.0,地表,238.13
XJ,Q00AD,Q00AD,39.82000,79.26000,0,70000000000.0,地表,203.39
XJ,NW002,NW002,40.36000,80.04000,0,70000000000.0,地表,191.63
XJ,N0019,N0019,41.24000,80.36000,0,70000000000.0,地表,263.36
XJ,Q00AC,Q00AC,39.66000,78.79000,0,70000000000.0,地表,392.93
XJ,Q00AB,Q00AB,39.73000,79.19000,0,70000000000.0,地表,216.21
XJ,N0018,N0018,41.35000,80.40000,0,70000000000.0,地表,282.14
XJ,P0044,P0044,40.17000,76.84000,0,70000000000.0,地表,292.90
XJ,P0045,P0045,40.28000,76.73000,0,70000000000.0,地表,607.24
XJ,Q0008,Q0008,39.60000,78.44000,0,70000000000.0,地表,198.56
XJ,N0065,N0065,40.53000,80.26000,0,70000000000.0,地表,180.00
XJ,N001C,N001C,41.13000,80.43000,0,70000000000.0,地表,237.96
XJ,Q00A4,Q00A4,39.87000,79.55000,0,70000000000.0,地表,199.19
XJ,N0064,N0064,40.41000,80.19000,0,70000000000.0,地表,217.44
XJ,Q00AE,Q00AE,39.65000,78.98000,0,70000000000.0,地表,225.59
XJ,Q00A8,Q00A8,39.63000,78.91000,0,70000000000.0,地表,205.36
XJ,N0051,N0051,40.73000,80.38000,0,70000000000.0,地表,204.52
XJ,NE003,NE003,40.95000,80.47000,0,70000000000.0,地表,213.23
XJ,PT004,PT004,40.15000,76.77000,0,70000000000.0,地表,294.38
XJ,NW001,NW001,40.64000,80.39000,0,70000000000.0,地表,184.87
XJ,N0013,N0013,41.49000,80.48000,0,70000000000.0,地表,438.57
XJ,N0022,N0022,41.15000,80.54000,0,70000000000.0,地表,236.40
XJ,Q002F,Q002F,39.76000,77.27000,0,70000000000.0,地表,201.67
XJ,Q0015,Q0015,39.51000,78.28000,0,70000000000.0,地表,214.93
XJ,N0053,N0053,40.24000,80.19000,0,70000000000.0,地表,187.49
XJ,Q0019,Q0019,39.52000,77.99000,0,70000000000.0,地表,180.00
XJ,Q0036,Q0036,39.83000,77.09000,0,70000000000.0,地表,746.51
XJ,QB001,QB001,39.49000,78.20000,0,70000000000.0,地表,211.57
XJ,N0066,N0066,40.48000,80.42000,0,70000000000.0,地表,214.16
XJ,P0034,P0034,40.07000,76.71000,0,70000000000.0,地表,387.32
XJ,QJ004,QJ004,39.69000,77.28000,0,70000000000.0,地表,192.46
XJ,N001A,N001A,41.23000,80.62000,0,70000000000.0,地表,257.01
XJ,N001F,N001F,40.97000,80.61000,0,70000000000.0,地表,220.71
XJ,N000A,N000A,41.38000,80.62000,0,70000000000.0,地表,295.35
XJ,N0021,N0021,40.70000,80.56000,0,70000000000.0,地表,190.81
XJ,BCXXH,BCXXH,39.73000,79.67000,0,70000000000.0,基岩,290.89
XJ,N0052,N0052,40.28000,80.34000,0,70000000000.0,地表,194.48
XJ,N005E,N005E,40.34000,80.39000,0,70000000000.0,地表,181.25
XJ,N0059,N0059,40.54000,80.51000,0,70000000000.0,地表,208.04
XJ,Q001C,Q001C,39.72000,77.12000,0,70000000000.0,地表,216.03
XJ,P004A,P004A,40.33000,76.40000,0,70000000000.0,地表,390.84
XJ,BPM,八盘水磨台,39.88000,76.84000,0,70000000000.0,基岩,544.52
XJ,Q0014,Q0014,39.42000,78.07000,0,70000000000.0,地表,209.05
XJ,P0035,P0035,40.01000,76.65000,0,70000000000.0,地表,348.31
XJ,QJ003,QJ003,39.76000,76.98000,0,70000000000.0,地表,217.90
XJ,Q002A,Q002A,39.79000,76.92000,0,70000000000.0,地表,221.67
XJ,Q001B,Q001B,39.66000,77.13000,0,70000000000.0,地表,215.14
XJ,Q003D,Q003D,39.37000,78.19000,0,70000000000.0,地表,222.95
XJ,N004D,N004D,40.23000,80.40000,0,70000000000.0,地表,213.89
XJ,Q0013,Q0013,39.37000,77.91000,0,70000000000.0,地表,208.45
XJ,Q000E,Q000E,39.38000,77.78000,0,70000000000.0,地表,221.71
XJ,P0032,P0032,39.83000,76.73000,0,70000000000.0,地表,234.81
XJ,N0008,N0008,41.46000,80.79000,0,70000000000.0,地表,319.69
XJ,P0033,P0033,39.90000,76.61000,0,70000000000.0,地表,406.76
XJ,Q001F,Q001F,39.69000,76.88000,0,70000000000.0,地表,180.00
XJ,Q002D,Q002D,39.74000,76.80000,0,70000000000.0,地表,206.18
XJ,N0070,N0070,40.56000,80.72000,0,70000000000.0,地表,196.22
XJ,Q0049,Q0049,39.30000,78.00000,0,70000000000.0,地表,180.00
XJ,Q0035,Q0035,39.64000,76.93000,0,70000000000.0,地表,192.09
XJ,QB003,QB003,39.30000,77.81000,0,70000000000.0,地表,195.42
XJ,Q002B,Q002B,39.57000,76.99000,0,70000000000.0,地表,214.19
XJ,Q000D,Q000D,39.33000,77.61000,0,70000000000.0,地表,208.83
XJ,P0036,P0036,40.09000,76.31000,0,70000000000.0,地表,228.00
XJ,PT003,PT003,39.78000,76.63000,0,70000000000.0,地表,211.19
XJ,Q003B,Q003B,39.22000,78.10000,0,70000000000.0,地表,205.84
XJ,Q004A,Q004A,39.22000,77.93000,0,70000000000.0,地表,197.09
XJ,NA002,NA002,40.59000,80.86000,0,70000000000.0,地表,220.60
XJ,QB002,QB002,39.27000,77.65000,0,70000000000.0,地表,207.47
XJ,Q0021,Q0021,39.59000,76.83000,0,70000000000.0,地表,210.49
XJ,N005F,N005F,40.37000,80.78000,0,70000000000.0,地表,206.04
XJ,Q0029,Q0029,39.65000,76.68000,0,70000000000.0,地表,201.20
XJ,P004B,P004B,40.22000,76.07000,0,70000000000.0,地表,715.79
XJ,PT005,PT005,39.80000,76.43000,0,70000000000.0,地表,688.69
XJ,Q000A,Q000A,39.24000,77.51000,0,70000000000.0,地表,191.61
XJ,Q0042,Q0042,39.14000,78.03000,0,70000000000.0,地表,184.02
XJ,P004D,P004D,39.73000,76.51000,0,70000000000.0,地表,216.18
XJ,Q0027,Q0027,39.58000,76.72000,0,70000000000.0,地表,195.13
XJ,Q0041,Q0041,39.15000,77.86000,0,70000000000.0,地表,194.29
XJ,Q0009,Q0009,39.18000,77.69000,0,70000000000.0,地表,195.40
XJ,P004C,P004C,40.19000,76.03000,0,70000000000.0,地表,377.16
XJ,Q0020,Q0020,39.46000,76.87000,0,70000000000.0,地表,214.12
XJ,P003A,P003A,40.01000,76.15000,0,70000000000.0,地表,337.90
XJ,Q0043,Q0043,39.13000,77.74000,0,70000000000.0,地表,219.72
XJ,QJ002,QJ002,39.50000,76.74000,0,70000000000.0,地表,225.60
XJ,Q000B,Q000B,39.16000,77.55000,0,70000000000.0,地表,189.24
XJ,Q0046,Q0046,39.07000,78.02000,0,70000000000.0,地表,187.65
XJ,P0039,P0039,39.97000,76.10000,0,70000000000.0,地表,540.20
XJ,QY003,QY003,39.19000,77.33000,0,70000000000.0,地表,209.94
XJ,Q0034,Q0034,39.54000,76.58000,0,70000000000.0,地表,217.02
XJ,QB004,QB004,39.11000,77.58000,0,70000000000.0,地表,194.12
XJ,Q0044,Q0044,39.05000,77.89000,0,70000000000.0,地表,210.44
XJ,P002F,P002F,39.83000,76.21000,0,70000000000.0,地表,501.02
XJ,QJ006,QJ006,39.47000,76.61000,0,70000000000.0,地表,222.45
XJ,Q004C,Q004C,39.03000,77.75000,0,70000000000.0,地表,211.38
XJ,Q001E,Q001E,39.38000,76.75000,0,70000000000.0,地表,210.01
XJ,P0051,P0051,39.70000,76.27000,0,70000000000.0,地表,231.12
XJ,P003B,P003B,39.92000,76.03000,0,70000000000.0,地表,433.19
XJ,Q009D,Q009D,39.16000,77.19000,0,70000000000.0,地表,219.59
XJ,P003C,P003C,39.88000,76.04000,0,70000000000.0,地表,463.14
XJ,Q002E,Q002E,39.40000,76.64000,0,70000000000.0,地表,220.99
XJ,Q0048,Q0048,38.97000,77.82000,0,70000000000.0,地表,207.90
XJ,P0030,P0030,39.76000,76.12000,0,70000000000.0,地表,433.47
XJ,PT001,PT001,39.72000,76.16000,0,70000000000.0,地表,379.33
XJ,QY002,QY002,39.16000,77.07000,0,70000000000.0,地表,207.51
XJ,P0050,P0050,39.64000,76.25000,0,70000000000.0,地表,272.35
XJ,Q002C,Q002C,39.29000,76.77000,0,70000000000.0,地表,213.84
XJ,QS002,QS002,39.52000,76.39000,0,70000000000.0,地表,223.38
XJ,Q004D,Q004D,38.98000,77.63000,0,70000000000.0,地表,203.58
XJ,Q0045,Q0045,39.02000,77.46000,0,70000000000.0,地表,204.51
XJ,Q0070,Q0070,39.44000,76.45000,0,70000000000.0,地表,228.48
XJ,QY001,QY001,39.23000,76.77000,0,70000000000.0,地表,226.20
XJ,Q0094,Q0094,39.19000,76.83000,0,70000000000.0,地表,197.35
XJ,Q0097,Q0097,39.03000,77.20000,0,70000000000.0,地表,188.21
XJ,Q0095,Q0095,39.10000,77.01000,0,70000000000.0,地表,222.08
XJ,QM001,QM001,38.91000,77.64000,0,70000000000.0,地表,217.97
XJ,P004F,P004F,39.64000,76.11000,0,70000000000.0,地表,351.84
XJ,P0031,P0031,39.67000,76.06000,0,70000000000.0,地表,354.30
XJ,Q003C,Q003C,38.86000,77.80000,0,70000000000.0,地表,202.19
XJ,QY004,QY004,39.27000,76.59000,0,70000000000.0,地表,229.83
XJ,Q0039,Q0039,39.47000,76.28000,0,70000000000.0,地表,238.91
XJ,Q009C,Q009C,39.10000,76.88000,0,70000000000.0,地表,180.00
XJ,Q0037,Q0037,39.50000,76.20000,0,70000000000.0,地表,233.98
XJ,QS003,QS003,39.56000,76.12000,0,70000000000.0,地表,271.83
XJ,Q0093,Q0093,39.00000,77.10000,0,70000000000.0,地表,191.76
XJ,P004E,P004E,39.64000,75.98000,0,70000000000.0,地表,344.13
XJ,Q0098,Q0098,39.14000,76.70000,0,70000000000.0,地表,195.70
XJ,Q0072,Q0072,39.40000,76.23000,0,70000000000.0,地表,219.37
XJ,Q005A,Q005A,38.87000,77.31000,0,70000000000.0,地表,200.06
XJ,KSZ,喀什中继台,39.59000,75.94000,0,70000000000.0,基岩,503.72
XJ,Q0047,Q0047,38.75000,77.67000,0,70000000000.0,地表,206.92
XJ,Q004B,Q004B,38.77000,77.56000,0,70000000000.0,地表,202.51
XJ,MGT,麦盖提台,38.70000,77.75000,0,70000000000.0,基岩,193.11
XJ,Q0058,Q0058,38.76000,77.41000,0,70000000000.0,地表,230.55
XJ,QA001,QA001,39.47000,75.97000,0,70000000000.0,地表,278.22
XJ,QS008,QS008,39.40000,76.05000,0,70000000000.0,地表,219.36
XJ,Q0074,Q0074,39.05000,76.57000,0,70000000000.0,地表,219.34
XJ,Q0040,Q0040,38.65000,77.72000,0,70000000000.0,地表,211.28
XJ,Q003F,Q003F,38.66000,77.62000,0,70000000000.0,地表,218.09
XJ,Q0067,Q0067,39.40000,75.95000,0,70000000000.0,地表,261.89
XJ,QC002,QC002,38.68000,77.31000,0,70000000000.0,地表,253.64
XJ,Q0090,Q0090,38.86000,76.05000,0,70000000000.0,地表,297.01
XZ,E0019,E0019,31.71000,92.45000,0,70000000000.0,地表,497.72
XZ,E0011,E0011,31.40000,92.84000,0,70000000000.0,地表,611.52
XZ,EB001,EB001,31.48000,93.67000,0,70000000000.0,基岩,532.82
XZ,ES002,ES002,31.89000,93.78000,0,70000000000.0,地表,366.96
XJ,B0037,B0037,43.76000,89.13000,0,70000000000.0,地表,442.34
XJ,B002F,B002F,43.87000,89.07000,0,70000000000.0,地表,445.21
XZ,D0004,D0004,28.37000,87.78000,0,70000000000.0,地表,231.01
XZ,D0007,D0007,29.09000,87.63000,0,70000000000.0,地表,394.32
XJ,MY003,MY003,40.64000,87.69000,0,70000000000.0,地表,192.03
SC,V3414,V3414,29.06000,100.69000,0,70000000000.0,地表,676.66
SC,V3402,V3402,29.33000,100.74000,0,70000000000.0,地表,540.68
YN,R0112,R0112,28.07000,99.49000,0,70000000000.0,地表,900.00
SC,V3419,V3419,29.58000,100.69000,0,70000000000.0,地表,755.45
XZ,BM001,BM001,29.65000,98.60000,0,70000000000.0,基岩,515.87
YN,R2203,R2203,28.08000,99.20000,0,70000000000.0,地表,790.44
YN,R2204,R2204,28.02000,99.23000,0,70000000000.0,地表,900.00
YN,RX003,RX003,27.83000,99.71000,0,70000000000.0,地表,221.75
YN,R0115,R0115,27.76000,99.43000,0,70000000000.0,地表,900.00
SC,V2502,V2502,29.72000,101.07000,0,70000000000.0,地表,458.08
YN,R0109,R0109,27.70000,100.02000,0,70000000000.0,地表,792.89
YN,Q2403,Q2403,27.60000,98.78000,0,70000000000.0,地表,900.00
SC,SGXJ,沙贡乡基准站,29.14000,99.92000,0,70000000000.0,基岩,900.00
SC,V3602,V3602,29.15000,99.93000,0,70000000000.0,地表,900.00
SC,V3601,V3601,28.82000,99.86000,0,70000000000.0,地表,706.30
SC,VX001,VX001,28.74000,99.87000,0,70000000000.0,地表,591.03
SC,YRGX,亚日贡乡基准站,29.41000,99.36000,0,70000000000.0,基岩,791.21
SC,VA001,VA001,29.19000,100.11000,0,70000000000.0,地表,513.93
SC,V3710,V3710,29.30000,100.08000,0,70000000000.0,地表,546.85
SC,V3501,V3501,29.45000,99.36000,0,70000000000.0,地表,726.55
SC,V3703,V3703,29.48000,99.95000,0,70000000000.0,地表,467.39
SC,SMZJ,松麦镇基准站,28.71000,99.28000,0,70000000000.0,基岩,900.00
YN,RX001,RX001,28.58000,99.68000,0,70000000000.0,地表,900.00
SC,V3701,V3701,29.05000,100.22000,0,70000000000.0,地表,331.41
YN,RD005,RD005,28.94000,99.02000,0,70000000000.0,地表,900.00
SC,V3707,V3707,29.04000,100.30000,0,70000000000.0,地表,418.17
SC,V3801,V3801,28.59000,99.29000,0,70000000000.0,地表,900.00
SC,VA002,VA002,28.74000,100.21000,0,70000000000.0,地表,614.85
YN,R0105,R0105,28.47000,99.81000,0,70000000000.0,地表,900.00
YN,R2206,R2206,28.58000,99.17000,0,70000000000.0,地表,711.18
SC,V3421,V3421,29.75000,99.80000,0,70000000000.0,地表,874.22
SC,V3711,V3711,29.04000,100.44000,0,70000000000.0,地表,877.49
SC,V3474,V3474台,29.52000,100.27000,0,70000000000.0,地表,564.11
SC,VR001,VR001,28.43000,99.26000,0,70000000000.0,地表,598.60
SC,V3407,V3407,29.36000,100.45000,0,70000000000.0,地表,336.49
YN,R0119,R0119,28.34000,99.46000,0,70000000000.0,地表,900.00
YN,R0101,R0101,28.31000,99.75000,0,70000000000.0,地表,538.23
YN,R0104,R0104,28.30000,99.63000,0,70000000000.0,地表,900.00
SC,V3413,V3413,29.85000,99.84000,0,70000000000.0,地表,582.31
SC,V3412,V3412,29.16000,100.57000,0,70000000000.0,地表,849.59
YN,R2202,R2202,28.62000,98.89000,0,70000000000.0,地表,595.21
YN,R2201,R2201,28.40000,99.14000,0,70000000000.0,地表,801.29
YN,R0102,R0102,28.24000,99.75000,0,70000000000.0,地表,826.23
SC,V3802,V3802,28.30000,99.27000,0,70000000000.0,地表,850.02
SC,VT001,VT001,29.69000,100.39000,0,70000000000.0,地表,311.04
SC,VB001,VB001,29.78000,99.02000,0,70000000000.0,地表,719.29
YN,R0103,R0103,28.27000,100.09000,0,70000000000.0,地表,822.56
YN,R0117,R0117,28.18000,99.62000,0,70000000000.0,地表,900.00
YN,RD001,RD001,28.22000,99.31000,0,70000000000.0,地表,661.48
YN,RD002,RD002,28.72000,98.68000,0,70000000000.0,地表,900.00
SC,V3409,V3409,29.75000,100.39000,0,70000000000.0,地表,333.62
SC,V3401,V3401,29.85000,100.35000,0,70000000000.0,地表,517.52
SC,V3422,V3422,29.62000,100.64000,0,70000000000.0,地表,594.05
YN,RD006,RD006,28.30000,98.87000,0,70000000000.0,地表,900.00
HL,C0001,C0001,44.55000,129.65000,0,70000000000.0,地表,644.49
HL,C0002,C0002,44.58000,129.67000,0,70000000000.0,地表,582.66
HL,C0003,C0003,44.48000,129.54000,0,70000000000.0,地表,307.91
HL,C0004,C0004,44.59000,129.55000,0,70000000000.0,地表,547.82
HL,CD001,CD001,44.09000,131.11000,0,70000000000.0,地表,469.22
HL,CH001,CH001,44.59000,129.41000,0,70000000000.0,地表,678.33
HL,CM001,CM001,44.91000,130.53000,0,70000000000.0,地表,404.45
HL,CN001,CN001,44.34000,129.43000,0,70000000000.0,地表,652.08
HL,DNIZZ,DNIZZ,44.06000,131.09000,0,70000000000.0,基岩,475.59
HL,MDJAM,MDJAM,44.62000,129.59000,0,70000000000.0,基岩,525.82
HL,SFHZZ,SFHZZ,44.42000,131.19000,0,70000000000.0,基岩,337.82
JL,H0001,H0001,42.88000,129.50000,0,70000000000.0,地表,387.88
JL,H0003,H0003,43.31000,129.74000,0,70000000000.0,地表,421.62
JL,H0004,H0004,42.86000,130.36000,0,70000000000.0,地表,234.58
JL,HCT,HCT,42.64000,130.47000,0,70000000000.0,基岩,608.08
JL,HL001,HL001,42.76000,129.42000,0,70000000000.0,地表,449.87
JL,HT001,HT001,42.90000,129.83000,0,70000000000.0,地表,684.25
JL,WQT,WQT,43.69000,129.71000,0,70000000000.0,基岩,552.56
JL,YNB,延边台,43.00000,129.49000,0,70000000000.0,基岩,485.31
SC,BXFYZ,BXFYZ,30.53000,102.93000,0,70000000000.0,基岩,660.72
SC,TB003,TB003,30.54000,102.91000,0,70000000000.0,地表,900.00
SC,LSLM,LSLM,30.26000,103.01000,0,70000000000.0,基岩,900.00
SC,BAX,宝兴台,30.37000,102.81000,0,70000000000.0,基岩,688.23
SC,A2907,A2907,30.54000,103.43000,0,70000000000.0,地表,266.97
SC,BXQQ,BXQQ,30.70000,102.73000,0,70000000000.0,基岩,900.00
SC,TL001,TL001,30.03000,102.89000,0,70000000000.0,地表,567.84
SC,XJSGL,XJSGL,31.00000,102.80000,0,70000000000.0,基岩,900.00
SC,UJ003,UJ003,30.97000,102.64000,0,70000000000.0,地表,674.11
SC,V0106,V0106,30.43000,102.29000,0,70000000000.0,地表,900.00
SC,U2704,U2704,31.03000,102.49000,0,70000000000.0,地表,558.32
SC,U2702,U2702,30.95000,102.38000,0,70000000000.0,地表,751.45
SC,U2701,U2701,31.10000,102.54000,0,70000000000.0,地表,900.00
SC,T2204,T2204,29.76000,102.63000,0,70000000000.0,地表,564.58
SC,U2703,U2703,30.76000,102.16000,0,70000000000.0,地表,780.04
SC,U2705,U2705,31.06000,102.32000,0,70000000000.0,地表,900.00
SC,U2706,U2706,31.02000,102.23000,0,70000000000.0,地表,900.00
SC,U2771,U2771台,31.30000,102.49000,0,70000000000.0,地表,566.48
SC,T2302,汉源清溪台,29.58000,102.62000,0,70000000000.0,地表,736.40
SC,HYYD,HYYD,29.65000,102.46000,0,70000000000.0,基岩,858.38
SC,T2301,汉源九襄台,29.60000,102.55000,0,70000000000.0,地表,900.00
SC,TH001,TH001,29.50000,102.63000,0,70000000000.0,地表,707.88
YN,D2618,D2618,26.69000,103.33000,0,70000000000.0,地表,414.88
YN,D8121,D8121,26.30000,104.05000,0,70000000000.0,地表,504.82
SC,V2909,V2909,30.81000,100.06000,0,70000000000.0,地表,900.00
SC,V3173,V3173台,30.89000,99.63000,0,70000000000.0,地表,767.93
SC,V2907,V2907,30.82000,100.16000,0,70000000000.0,地表,619.70
SC,V2913,V2913,30.88000,100.19000,0,70000000000.0,地表,900.00
SC,V2910,V2910,30.92000,100.20000,0,70000000000.0,地表,900.00
SC,VI001,VI001,30.72000,100.19000,0,70000000000.0,地表,900.00
SC,V3171,V3171台,31.04000,99.58000,0,70000000000.0,地表,297.58
SC,V2972,V2972台,30.68000,100.20000,0,70000000000.0,地表,900.00
SC,V2914,V2914,30.60000,100.18000,0,70000000000.0,地表,900.00
SC,MQXJ,麻邛乡基准站,31.14000,99.59000,0,70000000000.0,基岩,648.13
SC,V2603,V2603,30.93000,100.31000,0,70000000000.0,地表,900.00
SC,V2906,V2906,30.69000,100.30000,0,70000000000.0,地表,900.00
SC,RLZJ,茹龙镇基准站,30.97000,100.32000,0,70000000000.0,基岩,900.00
SC,VI002,VI002,30.95000,100.33000,0,70000000000.0,地表,538.02
SC,V3410,V3410,30.45000,100.09000,0,70000000000.0,地表,817.81
SC,V3416,V3416,30.38000,99.83000,0,70000000000.0,地表,502.15
SC,V2908,V2908,31.09000,100.31000,0,70000000000.0,地表,618.81
SC,HPXJ,和平乡基准站,30.58000,100.31000,0,70000000000.0,基岩,900.00
SC,V2902,V2902,30.57000,100.32000,0,70000000000.0,地表,619.97
SC,V2905,V2905,31.19000,100.30000,0,70000000000.0,地表,563.08
SC,VU001,VU001,31.04000,99.27000,0,70000000000.0,地表,694.02
SC,V2911,V2911,31.39000,99.89000,0,70000000000.0,地表,515.04
SC,V3411,V3411,30.43000,100.31000,0,70000000000.0,地表,523.72
SC,V2901,V2901,31.31000,100.24000,0,70000000000.0,地表,900.00
SC,DGXJ,大盖乡基准站,31.31000,100.25000,0,70000000000.0,基岩,900.00
SC,HNXJ,禾尼乡基准站,30.23000,99.82000,0,70000000000.0,基岩,690.38
SC,V2912,V2912,30.49000,100.45000,0,70000000000.0,地表,900.00
SC,V3472,V3472台,30.35000,100.30000,0,70000000000.0,地表,900.00
SC,V3420,V3420,31.43000,100.15000,0,70000000000.0,地表,900.00
SC,V3408,V3408,30.43000,100.44000,0,70000000000.0,地表,624.49
SC,CLZJ,措拉镇基准站,30.33000,99.35000,0,70000000000.0,基岩,292.38
SC,V3417,V3417,30.43000,100.52000,0,70000000000.0,地表,597.69
SC,GYXJ,盖玉乡基准站,30.77000,99.03000,0,70000000000.0,基岩,900.00
SC,V3473,V3473台,30.20000,100.28000,0,70000000000.0,地表,560.71
SC,V2872,V2872台,31.56000,100.14000,0,70000000000.0,地表,900.00
SC,VU002,VU002,31.12000,99.02000,0,70000000000.0,地表,449.77
SC,VG001,VG001,31.62000,99.87000,0,70000000000.0,地表,476.79
SC,GZI,甘孜台,31.61000,100.02000,0,70000000000.0,基岩,534.90
SC,V3406,V3406,30.04000,100.12000,0,70000000000.0,地表,520.30
SC,VU003,VU003,31.38000,99.11000,0,70000000000.0,地表,673.82
SC,YDXJ,雅德乡基准站,31.48000,100.52000,0,70000000000.0,基岩,785.36
SC,VB002,VB002,30.19000,99.21000,0,70000000000.0,地表,900.00
SC,V2702,V2702,31.63000,100.26000,0,70000000000.0,地表,689.33
SC,LMZJ,来马镇基准站,31.69000,99.66000,0,70000000000.0,基岩,564.23
SC,VH001,VH001,31.56000,100.43000,0,70000000000.0,地表,530.54
SC,VH004,VH004,31.47000,100.56000,0,70000000000.0,地表,900.00
SC,V2704,V2704,31.41000,100.63000,0,70000000000.0,地表,662.47
SC,V2701,V2701,31.62000,100.33000,0,70000000000.0,地表,774.83
SC,VH005,VH005,31.63000,100.31000,0,70000000000.0,地表,900.00
SC,V2708,V2708,31.38000,100.69000,0,70000000000.0,地表,661.25
SC,V2706,V2706,31.32000,100.74000,0,70000000000.0,地表,466.50
SC,XDZJ,新都镇基准站,31.40000,100.68000,0,70000000000.0,基岩,635.51
SC,V2508,V2508,30.08000,100.42000,0,70000000000.0,地表,532.55
SC,V3403,V3403,29.99000,100.21000,0,70000000000.0,地表,415.71
SC,V2709,V2709,31.28000,100.78000,0,70000000000.0,地表,422.53
SC,V3471,V3471台,30.05000,100.38000,0,70000000000.0,地表,703.67
SC,LTA,理塘台,30.00000,100.27000,0,70000000000.0,基岩,712.06
SC,VY001,VY001,30.12000,100.52000,0,70000000000.0,地表,551.57
SC,V3405,V3405,30.85000,100.93000,0,70000000000.0,地表,900.00
SC,VH002,VH002,31.21000,100.85000,0,70000000000.0,地表,864.58
SC,V2876,V2876台,31.75000,100.21000,0,70000000000.0,地表,697.68
SC,V2903,V2903,30.15000,100.65000,0,70000000000.0,地表,612.91
SC,V3172,V3172台,31.37000,98.91000,0,70000000000.0,地表,900.00
SC,V2878,V2878台,31.78000,99.55000,0,70000000000.0,地表,665.85
SC,V2705,V2705,31.52000,100.70000,0,70000000000.0,地表,900.00
SC,V2605,V2605,31.12000,100.97000,0,70000000000.0,地表,900.00
SC,V2703,V2703,31.74000,100.40000,0,70000000000.0,地表,621.14
SC,V2771,V2771台,31.58000,100.72000,0,70000000000.0,地表,874.14
SC,VF002,VF002,30.64000,101.06000,0,70000000000.0,地表,900.00
SC,VH003,VH003,31.59000,100.76000,0,70000000000.0,地表,900.00
SC,V2671,V2671台,30.86000,101.11000,0,70000000000.0,地表,597.65
SC,V2610,V2610,30.54000,101.08000,0,70000000000.0,地表,900.00
SC,V2606,V2606,31.06000,101.11000,0,70000000000.0,地表,725.46
SC,V2513,V2513,30.01000,100.72000,0,70000000000.0,地表,861.18
SC,V2607,V2607,30.76000,101.15000,0,70000000000.0,地表,477.65
SC,V2707,V2707,31.54000,100.90000,0,70000000000.0,地表,820.68
SC,V2874,V2874台,31.95000,100.29000,0,70000000000.0,地表,597.06
SC,V3705,V3705,30.88000,101.23000,0,70000000000.0,地表,900.00
SC,WDZJ,翁达镇基准站,31.87000,100.71000,0,70000000000.0,基岩,900.00
SC,V2504,V2504,29.78000,100.66000,0,70000000000.0,地表,900.00
SC,VF001,VF001,30.68000,101.39000,0,70000000000.0,地表,562.41
SC,V3371,V3371台,31.90000,100.85000,0,70000000000.0,地表,352.59
SC,V2609,V2609,30.53000,101.43000,0,70000000000.0,地表,557.65
SC,BMZJ,八美镇基准站,30.49000,101.47000,0,70000000000.0,基岩,659.37
SC,U3002,U3002,32.02000,100.98000,0,70000000000.0,地表,284.81
YN,S0206,S0206,24.01000,99.95000,0,70000000000.0,地表,900.00
YN,J2309,J2309,24.29000,100.55000,0,70000000000.0,地表,819.30
YN,S2502,S2502,23.63000,99.87000,0,70000000000.0,地表,393.46
YN,SY002,SY002,24.36000,100.45000,0,70000000000.0,地表,900.00
YN,J2306,J2306,24.35000,100.61000,0,70000000000.0,地表,665.34
YN,J2305,J2305,24.37000,100.76000,0,70000000000.0,地表,900.00
YN,S2604,S2604,23.58000,99.59000,0,70000000000.0,地表,613.64
YN,S2303,S2303,23.93000,99.59000,0,70000000000.0,地表,888.39
YN,S2606,S2606,23.43000,99.61000,0,70000000000.0,地表,671.80
YN,S2105,S2105,24.43000,99.86000,0,70000000000.0,地表,283.81
YN,S2109,S2109,24.70000,100.18000,0,70000000000.0,地表,642.82
YN,S2101,S2101,24.69000,99.88000,0,70000000000.0,地表,678.62
YN,MC002,MC002,24.47000,99.51000,0,70000000000.0,地表,587.24
YN,E0103,E0103,24.72000,101.40000,0,70000000000.0,地表,900.00
YN,SLX02,SLX02,23.84000,100.29000,0,70000000000.0,基岩,900.00
YN,SL001,SL001,23.63000,100.10000,0,70000000000.0,地表,701.60
YN,J2301,J2301,24.16000,100.59000,0,70000000000.0,地表,900.00
GS,J006E,J006E,34.68000,104.58000,0,70000000000.0,地表,498.21
GS,GGUAY,GGUAY,34.95000,105.25000,0,70000000000.0,基岩,607.86
GS,E0001,E0001,34.87000,105.29000,0,70000000000.0,地表,538.12
GS,J004F,J004F,35.05000,105.26000,0,70000000000.0,地表,560.31
GS,E000A,E000A,34.67000,105.26000,0,70000000000.0,地表,627.05
GS,E000D,E000D,34.77000,105.32000,0,70000000000.0,地表,319.88
GS,E0004,E0004,34.99000,105.33000,0,70000000000.0,地表,454.73
GS,E0003,E0003,34.71000,105.32000,0,70000000000.0,地表,461.89
GS,J0054,J0054,35.20000,105.25000,0,70000000000.0,地表,299.00
GS,E0002,E0002,34.86000,105.37000,0,70000000000.0,地表,507.31
GS,E002D,E002D,34.64000,105.35000,0,70000000000.0,地表,552.55
GS,E0008,E0008,34.69000,105.39000,0,70000000000.0,地表,548.65
GS,J0046,J0046,35.14000,105.38000,0,70000000000.0,地表,534.18
GS,E0006,E0006,34.82000,105.44000,0,70000000000.0,地表,417.94
GS,E000B,E000B,34.88000,105.45000,0,70000000000.0,地表,590.54
GS,E0024,E0024,35.05000,105.43000,0,70000000000.0,地表,323.43
GS,J004C,J004C,35.27000,105.32000,0,70000000000.0,地表,305.08
GS,E0011,E0011,34.72000,105.45000,0,70000000000.0,地表,600.86
GS,K0085,K0085,34.40000,105.28000,0,70000000000.0,地表,408.50
GS,E001B,E001B,34.68000,105.45000,0,70000000000.0,地表,426.55
GS,E002F,E002F,34.56000,105.42000,0,70000000000.0,地表,485.31
GS,J0049,J0049,35.15000,105.46000,0,70000000000.0,地表,390.65
GS,E0036,E0036,34.48000,105.40000,0,70000000000.0,地表,479.56
GS,J004E,J004E,35.39000,105.30000,0,70000000000.0,地表,585.31
GS,JT001,JT001,35.26000,105.41000,0,70000000000.0,地表,456.92
GS,J0055,J0055,35.44000,105.25000,0,70000000000.0,地表,569.70
GS,E0034,E0034,34.45000,105.42000,0,70000000000.0,地表,427.93
GS,J004B,J004B,35.32000,105.44000,0,70000000000.0,地表,485.23
GS,K0093,K0093,34.24000,105.27000,0,70000000000.0,地表,753.31
GS,E0030,E0030,34.46000,105.51000,0,70000000000.0,地表,380.43
GS,K008C,K008C,34.31000,105.41000,0,70000000000.0,地表,590.11
GS,D000B,D000B,35.51000,105.33000,0,70000000000.0,地表,502.09
GS,K003F,K003F,34.15000,105.32000,0,70000000000.0,地表,477.28
GS,L0027,L0027,35.46000,105.48000,0,70000000000.0,地表,509.17
GS,K003E,K003E,34.09000,105.28000,0,70000000000.0,地表,591.11
GS,K0044,K0044,34.06000,105.31000,0,70000000000.0,地表,400.12
GS,D0016,D0016,35.68000,105.32000,0,70000000000.0,地表,294.52
GS,K0087,K0087,34.21000,105.52000,0,70000000000.0,地表,275.74
GS,K003C,K003C,34.07000,105.38000,0,70000000000.0,地表,589.14
GS,K0038,K0038,34.01000,105.32000,0,70000000000.0,地表,372.33
GS,L001D,L001D,35.60000,105.53000,0,70000000000.0,地表,482.35
GS,D0012,D0012,35.76000,105.33000,0,70000000000.0,地表,471.66
GS,K003D,K003D,33.96000,105.29000,0,70000000000.0,地表,467.90
GS,L0023,L0023,35.67000,105.53000,0,70000000000.0,地表,421.54
GS,K0037,K0037,33.96000,105.42000,0,70000000000.0,地表,421.64
GS,D0014,D0014,35.85000,105.34000,0,70000000000.0,地表,437.74
GS,K003B,K003B,34.00000,105.54000,0,70000000000.0,地表,769.26
NX,DX005,DX005,35.87000,105.51000,0,70000000000.0,地表,536.41
GS,E0039,E0039,34.59000,105.61000,0,70000000000.0,地表,749.88
GS,L001E,L001E,35.55000,105.64000,0,70000000000.0,地表,712.61
GS,L002C,L002C,35.70000,105.64000,0,70000000000.0,地表,503.44
GS,E0023,E0023,34.80000,105.56000,0,70000000000.0,地表,550.02
GS,E001F,E001F,34.95000,105.57000,0,70000000000.0,地表,614.84
GS,E0025,E0025,34.89000,105.58000,0,70000000000.0,地表,658.03
GS,E001D,E001D,34.94000,105.61000,0,70000000000.0,地表,568.01
GS,J0050,J0050,35.20000,105.57000,0,70000000000.0,地表,397.43
GS,E0027,E0027,35.14000,105.60000,0,70000000000.0,地表,663.62
GS,L0024,L0024,35.27000,105.60000,0,70000000000.0,地表,463.59
GS,L002A,L002A,35.31000,105.60000,0,70000000000.0,地表,431.92
GS,E0018,E0018,34.29000,105.56000,0,70000000000.0,地表,605.54
GS,L0019,L0019,35.40000,105.61000,0,70000000000.0,地表,357.32
NX,D002A,D002A,35.74000,105.61000,0,70000000000.0,地表,465.22
GS,L0006,L0006,35.30000,106.59000,0,70000000000.0,地表,380.26
SN,CE001,CE001,34.09000,106.58000,0,70000000000.0,地表,863.70
GS,M0015,M0015,36.38000,106.59000,0,70000000000.0,地表,357.27
GS,TWEMY,TWEMY,35.24000,105.06000,0,70000000000.0,基岩,422.85
GS,TCHBL,TCHBL,34.33000,104.40000,0,70000000000.0,基岩,640.97
GS,TWEYG,TWEYG,35.42000,105.14000,0,70000000000.0,基岩,478.21
GS,HNIDJ,HNIDJ,35.52000,104.98000,0,70000000000.0,基岩,592.96
GS,E004B,E004B,34.50000,105.31000,0,70000000000.0,地表,586.44
GS,MJIWL,MJIWL,34.73000,105.54000,0,70000000000.0,基岩,553.24
GS,LXGTP,LXGTP,34.10000,104.87000,0,70000000000.0,基岩,525.84
GS,QNAAF,QNAAF,35.02000,105.60000,0,70000000000.0,基岩,710.33
GS,K0097,K0097,34.40000,105.41000,0,70000000000.0,地表,430.96
GS,EQ002,EQ002,34.56000,105.56000,0,70000000000.0,地表,329.39
GS,E001E,E001E,34.83000,105.65000,0,70000000000.0,地表,769.12
GS,E0059,E0059,35.00000,105.65000,0,70000000000.0,地表,607.39
GS,LXGHH,LXGHH,34.38000,105.44000,0,70000000000.0,基岩,385.13
GS,EA001,EA001,34.88000,105.66000,0,70000000000.0,地表,474.09
GS,E001A,E001A,34.75000,105.67000,0,70000000000.0,地表,544.78
GS,D001D,D001D,35.61000,105.33000,0,70000000000.0,地表,422.29
GS,K0045,K0045,34.21000,105.33000,0,70000000000.0,地表,536.06
GS,E0021,E0021,34.90000,105.72000,0,70000000000.0,地表,422.36
GS,E0019,E0019,34.67000,105.69000,0,70000000000.0,地表,430.74
GS,L001C,L001C,35.13000,105.72000,0,70000000000.0,地表,594.41
GS,E002E,E002E,34.36000,105.54000,0,70000000000.0,地表,574.60
GS,E002C,E002C,34.99000,105.75000,0,70000000000.0,地表,395.44
GS,L0020,L0020,35.23000,105.69000,0,70000000000.0,地表,567.78
GS,K009C,K009C,34.27000,105.46000,0,70000000000.0,地表,546.10
GS,E0026,E0026,34.80000,105.75000,0,70000000000.0,地表,469.89
GS,L002B,L002B,35.19000,105.73000,0,70000000000.0,地表,528.30
GS,E003A,E003A,34.67000,105.76000,0,70000000000.0,地表,564.08
GS,L0022,L0022,35.14000,105.77000,0,70000000000.0,地表,572.14
GS,E002A,E002A,34.78000,105.79000,0,70000000000.0,地表,458.02
GS,E0028,E0028,34.86000,105.81000,0,70000000000.0,地表,444.83
GS,L0025,L0025,35.34000,105.71000,0,70000000000.0,地表,446.77
GS,E0038,E0038,34.46000,105.70000,0,70000000000.0,地表,765.08
GS,E0020,E0020,35.05000,105.82000,0,70000000000.0,地表,398.34
GS,YZXWY,YZXWY,35.93000,104.40000,0,70000000000.0,基岩,492.75
GS,E0041,E0041,34.71000,105.82000,0,70000000000.0,地表,636.72
GS,XHEJX,XHEJX,33.99000,105.19000,0,70000000000.0,基岩,480.99
GS,L001F,L001F,35.29000,105.78000,0,70000000000.0,地表,234.77
GS,HNIHJ,HNIHJ,35.96000,104.78000,0,70000000000.0,基岩,646.47
GS,AZ004,AZ004,35.87000,104.02000,0,70000000000.0,地表,778.04
GS,L0029,L0029,35.49000,105.67000,0,70000000000.0,地表,532.96
GS,E0032,E0032,34.35000,105.68000,0,70000000000.0,地表,457.90
GS,L0052,L0052,35.09000,105.86000,0,70000000000.0,地表,573.07
GS,L0028,L0028,35.36000,105.76000,0,70000000000.0,地表,354.65
GS,E002B,E002B,34.95000,105.88000,0,70000000000.0,地表,555.76
GS,K0033,K0033,34.01000,105.29000,0,70000000000.0,地表,454.19
GS,E0012,E0012,34.57000,105.82000,0,70000000000.0,地表,512.08
GS,E0047,E0047,34.77000,105.88000,0,70000000000.0,地表,525.69
GS,L0018,L0018,35.48000,105.70000,0,70000000000.0,地表,325.89
GS,DH002,DH002,35.75000,105.42000,0,70000000000.0,地表,451.99
GS,E0035,E0035,34.22000,105.60000,0,70000000000.0,地表,526.62
GS,L004A,L004A,35.15000,105.88000,0,70000000000.0,地表,550.02
GS,L001B,L001B,35.32000,105.82000,0,70000000000.0,地表,504.91
GS,E0044,E0044,34.65000,105.88000,0,70000000000.0,地表,371.85
GS,P0020,P0020,34.62000,103.28000,0,70000000000.0,地表,573.63
GS,L0016,L0016,35.54000,105.70000,0,70000000000.0,地表,549.48
GS,E0033,E0033,34.38000,105.77000,0,70000000000.0,地表,547.85
GS,L0053,L0053,35.23000,105.89000,0,70000000000.0,地表,697.24
GS,E0048,E0048,34.88000,105.95000,0,70000000000.0,地表,433.37
GS,EM002,EM002,34.55000,105.88000,0,70000000000.0,地表,457.95
GS,K003A,K003A,34.07000,105.51000,0,70000000000.0,地表,472.41
GS,E0043,E0043,34.69000,105.94000,0,70000000000.0,地表,652.48
GS,L0059,L0059,35.12000,105.95000,0,70000000000.0,地表,578.25
GS,L0026,L0026,35.50000,105.78000,0,70000000000.0,地表,534.04
GS,L0021,L0021,35.62000,105.69000,0,70000000000.0,地表,469.85
GS,E005E,E005E,35.07000,105.97000,0,70000000000.0,地表,544.29
GS,E003D,E003D,34.84000,105.98000,0,70000000000.0,地表,563.12
GS,JNICG,JNICG,35.53000,105.77000,0,70000000000.0,基岩,297.58
GS,A0026,A0026,36.06000,104.39000,0,70000000000.0,地表,435.07
GS,EQ001,EQ001,34.32000,105.79000,0,70000000000.0,地表,355.70
GS,L0050,L0050,35.20000,105.96000,0,70000000000.0,地表,557.83
GS,EM003,EM003,34.48000,105.90000,0,70000000000.0,地表,521.81
GS,HNIHP,HNIHP,36.04000,104.96000,0,70000000000.0,基岩,515.16
GS,L001A,L001A,35.44000,105.86000,0,70000000000.0,地表,505.28
GS,E0022,E0022,34.94000,106.01000,0,70000000000.0,地表,541.41
GS,A000A,A000A,35.89000,103.78000,0,70000000000.0,地表,524.84
GS,E0029,E0029,34.97000,106.03000,0,70000000000.0,地表,432.63
GS,E0061,E0061,35.05000,106.03000,0,70000000000.0,地表,574.93
GS,AZ001,AZ001,36.11000,104.47000,0,70000000000.0,地表,289.03
GS,L004E,L004E,35.27000,105.98000,0,70000000000.0,地表,561.05
GS,E0017,E0017,34.56000,105.98000,0,70000000000.0,地表,712.74
GS,L0057,L0057,35.35000,105.95000,0,70000000000.0,地表,519.60
GS,E0040,E0040,34.62000,106.01000,0,70000000000.0,地表,450.59
GS,E0046,E0046,34.93000,106.06000,0,70000000000.0,地表,323.23
GS,J001E,J001E,35.90000,103.71000,0,70000000000.0,地表,597.23
GS,E003F,E003F,34.62000,106.02000,0,70000000000.0,地表,605.63
GS,E005A,E005A,34.97000,106.07000,0,70000000000.0,地表,509.28
GS,D0015,D0015,36.06000,105.13000,0,70000000000.0,地表,556.21
NX,D000B,D000B,35.57000,105.86000,0,70000000000.0,地表,586.85
GS,LZ001,LZ001,35.19000,106.05000,0,70000000000.0,地表,419.20
GS,A0019,A0019,36.14000,104.35000,0,70000000000.0,地表,464.97
GS,E0037,E0037,34.18000,105.80000,0,70000000000.0,地表,346.49
NX,D002E,D002E,35.89000,105.52000,0,70000000000.0,地表,413.18
NX,D0030,D0030,35.75000,105.71000,0,70000000000.0,地表,335.38
GS,D000F,D000F,36.15000,104.84000,0,70000000000.0,地表,244.89
GS,E005D,E005D,35.06000,106.10000,0,70000000000.0,地表,704.54
NX,D000F,D000F,35.46000,105.97000,0,70000000000.0,地表,377.12
GS,L0054,L0054,35.35000,106.03000,0,70000000000.0,地表,523.79
GS,E0031,E0031,34.26000,105.90000,0,70000000000.0,地表,565.96
GS,L0056,L0056,35.40000,106.01000,0,70000000000.0,地表,439.99
GS,A0008,A0008,35.93000,103.65000,0,70000000000.0,地表,532.34
GS,E0063,E0063,35.03000,106.12000,0,70000000000.0,地表,490.86
NX,D002F,D002F,35.99000,105.41000,0,70000000000.0,地表,520.97
GS,K0036,K0036,33.84000,105.42000,0,70000000000.0,地表,831.28
NX,D0035,D0035,35.84000,105.65000,0,70000000000.0,地表,348.62
GS,E0014,E0014,34.23000,105.89000,0,70000000000.0,地表,713.49
NX,D0027,D0027,35.95000,105.49000,0,70000000000.0,地表,604.61
NX,D0010,D0010,35.58000,105.91000,0,70000000000.0,地表,607.15
NX,D0034,D0034,35.71000,105.80000,0,70000000000.0,地表,377.63
GS,E000E,E000E,34.54000,106.07000,0,70000000000.0,地表,506.57
GS,K0040,K0040,33.80000,105.36000,0,70000000000.0,地表,540.32
GS,E005C,E005C,34.92000,106.14000,0,70000000000.0,地表,532.04
GS,D001C,D001C,36.19000,104.74000,0,70000000000.0,地表,477.92
GS,L004F,L004F,35.15000,106.12000,0,70000000000.0,地表,540.66
NX,XJTP,XJTP,36.01000,105.41000,0,70000000000.0,基岩,502.36
GS,L004D,L004D,35.28000,106.09000,0,70000000000.0,地表,625.32
GS,E0042,E0042,34.84000,106.15000,0,70000000000.0,地表,623.32
GS,A0022,A0022,36.20000,104.40000,0,70000000000.0,地表,477.08
GS,CHGHZ,CHGHZ,33.99000,105.69000,0,70000000000.0,基岩,553.37
NX,D001F,D001F,35.78000,105.76000,0,70000000000.0,地表,345.66
NX,DX001,DX001,35.80000,105.74000,0,70000000000.0,地表,540.19
GS,E003E,E003E,34.75000,106.15000,0,70000000000.0,地表,383.72
GS,A001B,A001B,36.20000,104.33000,0,70000000000.0,地表,541.33
GS,QSGYQ,QSGYQ,34.68000,106.14000,0,70000000000.0,基岩,534.76
NX,D000A,D000A,35.55000,105.97000,0,70000000000.0,地表,446.20
GS,K0058,K0058,34.04000,105.76000,0,70000000000.0,地表,815.36
GS,L0017,L0017,35.49000,106.01000,0,70000000000.0,地表,313.35
GS,P0018,P0018,34.46000,103.09000,0,70000000000.0,地表,726.84
GS,D0008,D0008,36.15000,105.13000,0,70000000000.0,地表,494.72
GS,AG006,AG006,36.15000,104.00000,0,70000000000.0,地表,375.11
GS,E0015,E0015,34.46000,106.10000,0,70000000000.0,地表,462.09
GS,K0032,K0032,33.73000,105.33000,0,70000000000.0,地表,900.00
GS,ZJCZM,ZJCZM,35.13000,106.18000,0,70000000000.0,基岩,392.74
GS,D0006,D0006,36.20000,105.00000,0,70000000000.0,地表,284.07
GS,E001C,E001C,34.52000,106.13000,0,70000000000.0,地表,420.89
GS,L0051,L0051,35.35000,106.12000,0,70000000000.0,地表,399.48
GS,D000E,D000E,36.23000,104.90000,0,70000000000.0,地表,461.81
NX,D0009,D0009,35.46000,106.08000,0,70000000000.0,地表,461.23
GS,DY003,DY003,36.26000,104.58000,0,70000000000.0,地表,411.84
NX,D0020,D0020,35.91000,105.69000,0,70000000000.0,地表,467.11
GS,EZ001,EZ001,34.99000,106.22000,0,70000000000.0,地表,511.16
NX,D000C,D000C,35.60000,106.00000,0,70000000000.0,地表,569.95
GS,K0043,K0043,33.73000,105.39000,0,70000000000.0,地表,398.76
GS,K005F,K005F,33.84000,105.60000,0,70000000000.0,地表,424.49
GS,E005F,E005F,35.05000,106.23000,0,70000000000.0,地表,610.94
GS,L0055,L0055,35.32000,106.17000,0,70000000000.0,地表,535.47
GS,AQ001,AQ001,36.08000,103.71000,0,70000000000.0,地表,211.94
GS,E004A,E004A,34.64000,106.21000,0,70000000000.0,地表,591.50
GS,K0051,K0051,34.12000,105.94000,0,70000000000.0,地表,607.72
NX,D0026,D0026,35.82000,105.84000,0,70000000000.0,地表,337.61
GS,L004B,L004B,35.23000,106.21000,0,70000000000.0,地表,608.44
GS,D001B,D001B,36.14000,105.34000,0,70000000000.0,地表,469.76
GS,E0065,E0065,35.15000,106.24000,0,70000000000.0,地表,607.28
NX,D0024,D0024,36.08000,105.49000,0,70000000000.0,地表,395.75
GS,K005A,K005A,33.94000,105.79000,0,70000000000.0,地表,797.51
GS,K0066,K0066,33.73000,105.48000,0,70000000000.0,地表,564.09
GS,A0025,A0025,36.30000,104.41000,0,70000000000.0,地表,463.50
GS,AA001,AA001,36.11000,103.70000,0,70000000000.0,地表,402.86
GS,K001F,K001F,33.62000,105.25000,0,70000000000.0,地表,651.27
GS,E000F,E000F,34.35000,106.14000,0,70000000000.0,地表,661.66
GS,K0065,K0065,33.84000,105.68000,0,70000000000.0,地表,743.87
NX,D000E,D000E,35.51000,106.13000,0,70000000000.0,地表,556.54
NX,DX002,DX002,35.97000,105.72000,0,70000000000.0,地表,256.17
GS,E0049,E0049,34.82000,106.29000,0,70000000000.0,地表,567.02
NX,D0029,D0029,35.79000,105.93000,0,70000000000.0,地表,530.17
NX,D0031,D0031,35.93000,105.78000,0,70000000000.0,地表,367.87
GS,E003C,E003C,34.70000,106.28000,0,70000000000.0,地表,472.58
NX,D0008,D0008,35.62000,106.08000,0,70000000000.0,地表,557.54
GS,L004C,L004C,35.19000,106.28000,0,70000000000.0,地表,553.30
NX,D0028,D0028,35.80000,105.94000,0,70000000000.0,地表,518.30
GS,K0062,K0062,33.67000,105.43000,0,70000000000.0,地表,613.84
NX,D0033,D0033,36.07000,105.60000,0,70000000000.0,地表,546.62
GS,K006A,K006A,33.74000,105.57000,0,70000000000.0,地表,736.50
NX,D002D,D002D,35.74000,106.00000,0,70000000000.0,地表,439.31
GS,D0035,D0035,36.34000,104.67000,0,70000000000.0,地表,660.54
GS,P0004,P0004,34.62000,102.88000,0,70000000000.0,地表,591.55
GS,L0058,L0058,35.26000,106.27000,0,70000000000.0,地表,525.95
GS,E0060,E0060,34.95000,106.32000,0,70000000000.0,地表,564.88
NX,D0032,D0032,35.89000,105.86000,0,70000000000.0,地表,460.38
GS,NY202,NY202,36.09000,103.57000,0,70000000000.0,地表,616.96
NX,DL001,DL001,35.61000,106.12000,0,70000000000.0,地表,450.78
NX,D000D,D000D,35.52000,106.18000,0,70000000000.0,地表,631.85
GS,A000D,A000D,36.11000,103.58000,0,70000000000.0,地表,604.29
GS,D002D,D002D,36.36000,104.77000,0,70000000000.0,地表,363.22
GS,K005E,K005E,33.77000,105.68000,0,70000000000.0,地表,370.49
GS,NY003,NY003,36.05000,103.46000,0,70000000000.0,地表,480.57
GS,K0059,K0059,33.86000,105.81000,0,70000000000.0,地表,775.61
GS,AG005,AG005,36.23000,103.80000,0,70000000000.0,地表,422.09
GS,A0003,A0003,36.29000,103.97000,0,70000000000.0,地表,409.34
GS,EM001,EM001,34.24000,106.16000,0,70000000000.0,地表,558.43
GS,K0055,K0055,33.89000,105.86000,0,70000000000.0,地表,459.75
GS,E0064,E0064,34.91000,106.37000,0,70000000000.0,地表,583.85
GS,D0013,D0013,36.26000,105.31000,0,70000000000.0,地表,348.03
GS,E003B,E003B,34.82000,106.37000,0,70000000000.0,地表,626.67
GS,K006C,K006C,33.67000,105.55000,0,70000000000.0,地表,609.87
GS,K000C,K000C,33.62000,105.45000,0,70000000000.0,地表,900.00
GS,E0045,E0045,34.69000,106.36000,0,70000000000.0,地表,577.67
NX,DX003,DX003,36.15000,105.58000,0,70000000000.0,地表,387.26
GS,K0069,K0069,33.72000,105.66000,0,70000000000.0,地表,449.75
GS,NY004,NY004,35.97000,103.30000,0,70000000000.0,基岩,603.12
GS,A0004,A0004,36.29000,103.87000,0,70000000000.0,地表,384.16
NX,LDGZ,LDGZ,35.69000,106.14000,0,70000000000.0,基岩,502.39
GS,K006B,K006B,33.64000,105.54000,0,70000000000.0,地表,461.78
NX,D0025,D0025,36.08000,105.73000,0,70000000000.0,地表,513.71
GS,D0002,D0002,36.39000,104.24000,0,70000000000.0,地表,410.29
GS,A0001,A0001,36.18000,103.59000,0,70000000000.0,地表,293.91
GS,D0007,D0007,36.31000,105.26000,0,70000000000.0,地表,515.20
NX,D0023,D0023,36.03000,105.82000,0,70000000000.0,地表,495.96
GS,K005C,K005C,33.96000,106.00000,0,70000000000.0,地表,345.36
GS,D0034,D0034,36.42000,104.40000,0,70000000000.0,地表,475.79
NX,XJI,西吉台,36.09000,105.76000,0,70000000000.0,基岩,651.22
GS,K000B,K000B,33.55000,105.41000,0,70000000000.0,地表,900.00
NX,D0047,D0047,35.82000,106.08000,0,70000000000.0,地表,382.67
GS,D0018,D0018,36.36000,105.19000,0,70000000000.0,地表,517.18
GS,AX001,AX001,36.14000,103.46000,0,70000000000.0,地表,519.28
GS,AG004,AG004,36.35000,103.92000,0,70000000000.0,地表,366.42
GS,KC001,KC001,33.66000,105.66000,0,70000000000.0,地表,518.37
GS,E005B,E005B,34.92000,106.45000,0,70000000000.0,地表,573.99
NX,D0005,D0005,35.40000,106.36000,0,70000000000.0,地表,472.40
SN,C0012,C0012,34.52000,106.39000,0,70000000000.0,地表,647.89
NX,D0006,D0006,35.56000,106.29000,0,70000000000.0,地表,480.26
NX,DJ002,DJ002,35.42000,106.36000,0,70000000000.0,地表,456.05
GS,K0067,K0067,33.75000,105.82000,0,70000000000.0,地表,677.05
GS,K0007,K0007,33.57000,105.52000,0,70000000000.0,地表,624.08
NX,DX004,DX004,35.97000,105.97000,0,70000000000.0,地表,329.23
GS,E0016,E0016,34.51000,106.40000,0,70000000000.0,地表,647.35
NX,JYU,泾源台,35.49000,106.34000,0,70000000000.0,基岩,472.17
GS,AG002,AG002,36.26000,103.63000,0,70000000000.0,地表,340.36
GS,D0031,D0031,36.42000,105.05000,0,70000000000.0,地表,355.03
GS,NY203,NY203,36.11000,103.36000,0,70000000000.0,地表,472.88
GS,A0014,A0014,36.25000,103.60000,0,70000000000.0,地表,448.98
GS,D002E,D002E,36.47000,104.71000,0,70000000000.0,地表,608.88
NX,DJ001,DJ001,35.62000,106.28000,0,70000000000.0,地表,373.85
NX,E000E,E000E,36.18000,105.70000,0,70000000000.0,地表,411.94
GS,NY205,NY205,36.11000,103.35000,0,70000000000.0,地表,472.88
GS,NY204,NY204,36.11000,103.35000,0,70000000000.0,地表,472.88
GS,NY206,NY206,36.11000,103.35000,0,70000000000.0,地表,472.88
GS,AX002,AX002,36.15000,103.40000,0,70000000000.0,地表,447.28
GS,NY002,NY002,36.07000,103.28000,0,70000000000.0,地表,537.81
GS,L000B,L000B,35.23000,106.46000,0,70000000000.0,地表,637.49
GS,KH001,KH001,33.83000,105.97000,0,70000000000.0,地表,562.70
NX,D0003,D0003,35.43000,106.40000,0,70000000000.0,地表,474.46
NX,D0007,D0007,35.32000,106.44000,0,70000000000.0,地表,471.74
GS,K0060,K0060,33.60000,105.65000,0,70000000000.0,地表,797.45
NX,D0002,D0002,35.50000,106.37000,0,70000000000.0,地表,394.27
GS,E0062,E0062,34.84000,106.50000,0,70000000000.0,地表,752.83
GS,A000B,A000B,36.14000,103.35000,0,70000000000.0,地表,549.20
GS,D0038,D0038,36.48000,104.88000,0,70000000000.0,地表,466.31
GS,MJILQ,MJILQ,34.33000,106.37000,0,70000000000.0,基岩,548.89
GS,K0068,K0068,33.75000,105.89000,0,70000000000.0,地表,488.17
GS,WUDFY,WUDFY,33.43000,105.28000,0,70000000000.0,基岩,860.99
NX,D0004,D0004,35.66000,106.29000,0,70000000000.0,地表,432.33
GS,D002C,D002C,36.50000,104.53000,0,70000000000.0,地表,300.61
GS,L0008,L0008,35.30000,106.46000,0,70000000000.0,地表,391.46
NX,D0022,D0022,36.06000,105.93000,0,70000000000.0,地表,416.35
GS,K0048,K0048,34.19000,106.31000,0,70000000000.0,地表,614.01
NX,D0001,D0001,35.77000,106.23000,0,70000000000.0,地表,480.30
GS,K0056,K0056,33.77000,105.94000,0,70000000000.0,地表,475.51
NX,EH001,EH001,36.26000,105.64000,0,70000000000.0,地表,465.20
GS,K000F,K000F,33.45000,105.39000,0,70000000000.0,地表,612.65
GS,DY004,DY004,36.53000,104.64000,0,70000000000.0,地表,452.24
GS,N0027,N0027,35.70000,102.85000,0,70000000000.0,地表,536.44
GS,D003D,D003D,36.41000,105.35000,0,70000000000.0,地表,503.55
GS,HTISG,HTISG,35.12000,106.55000,0,70000000000.0,基岩,526.95
GS,K0063,K0063,33.54000,105.66000,0,70000000000.0,地表,621.07
GS,K0047,K0047,34.07000,106.28000,0,70000000000.0,地表,624.32
NX,D003A,D003A,35.83000,106.24000,0,70000000000.0,地表,457.13
GS,A000F,A000F,36.17000,103.29000,0,70000000000.0,地表,560.76
GS,K005B,K005B,33.79000,106.03000,0,70000000000.0,地表,533.74
GS,N0003,N0003,35.73000,102.84000,0,70000000000.0,地表,553.27
GS,K0064,K0064,33.58000,105.75000,0,70000000000.0,地表,565.26
GS,KH002,KH002,33.94000,106.19000,0,70000000000.0,地表,787.51
GS,D0001,D0001,36.53000,104.19000,0,70000000000.0,地表,338.13
NX,E0007,E0007,36.39000,105.48000,0,70000000000.0,地表,466.16
GS,K0003,K0003,33.47000,105.56000,0,70000000000.0,地表,674.93
SN,C0013,C0013,34.50000,106.53000,0,70000000000.0,地表,900.00
GS,YDGSP,YDGSP,36.34000,103.54000,0,70000000000.0,基岩,435.00
NX,E000D,E000D,36.26000,105.78000,0,70000000000.0,地表,491.62
GS,E0013,E0013,34.24000,106.43000,0,70000000000.0,地表,898.08
NX,GYU,固原台,35.96000,106.17000,0,70000000000.0,基岩,532.77
GS,L0007,L0007,35.33000,106.55000,0,70000000000.0,地表,312.15
GS,D0003,D0003,36.57000,104.32000,0,70000000000.0,地表,338.70
NX,D002B,D002B,36.19000,105.90000,0,70000000000.0,地表,476.68
GS,NY201,NY201,36.16000,103.21000,0,70000000000.0,地表,424.40
GS,K0012,K0012,33.40000,105.47000,0,70000000000.0,地表,693.55
QH,B0088,B0088,35.60000,102.71000,0,70000000000.0,地表,900.00
GS,K0014,K0014,33.28000,105.10000,0,70000000000.0,地表,488.26
GS,K0057,K0057,33.87000,106.19000,0,70000000000.0,地表,595.24
NX,D002C,D002C,36.18000,105.95000,0,70000000000.0,地表,433.47
NX,E0011,E0011,36.42000,105.52000,0,70000000000.0,地表,422.95
NX,EH010,EH010,36.23000,105.88000,0,70000000000.0,地表,286.75
GS,K0009,K0009,33.55000,105.80000,0,70000000000.0,地表,610.99
NX,D003B,D003B,35.90000,106.27000,0,70000000000.0,地表,412.51
GS,A0002,A0002,36.52000,103.89000,0,70000000000.0,地表,321.96
GS,K001B,K001B,33.32000,105.33000,0,70000000000.0,地表,557.29
NX,PYGC,PYGC,35.79000,106.37000,0,70000000000.0,基岩,587.56
GS,K0061,K0061,33.60000,105.91000,0,70000000000.0,地表,900.00
GS,AH002,AH002,36.18000,103.17000,0,70000000000.0,地表,417.26
GS,D0004,D0004,36.61000,104.23000,0,70000000000.0,地表,395.45
GS,L0037,L0037,35.45000,106.58000,0,70000000000.0,地表,383.67
NX,D0015,D0015,35.84000,106.37000,0,70000000000.0,地表,597.09
GS,HIXDH,HIXDH,33.69000,106.07000,0,70000000000.0,基岩,557.59
GS,K0011,K0011,33.44000,105.70000,0,70000000000.0,地表,438.81
GS,D0032,D0032,36.65000,104.53000,0,70000000000.0,地表,378.88
GS,K0046,K0046,33.91000,106.30000,0,70000000000.0,地表,613.71
NX,DY001,DY001,36.08000,106.16000,0,70000000000.0,地表,342.55
GS,AG003,AG003,36.52000,103.76000,0,70000000000.0,地表,297.24
NX,D003C,D003C,36.09000,106.15000,0,70000000000.0,地表,344.61
GS,D0030,D0030,36.65000,104.72000,0,70000000000.0,地表,249.17
GS,K0050,K0050,33.66000,106.05000,0,70000000000.0,地表,900.00
QH,B0041,B0041,35.88000,102.80000,0,70000000000.0,地表,569.53
GS,DY002,DY002,36.66000,104.38000,0,70000000000.0,地表,370.50
GS,L0035,L0035,35.54000,106.58000,0,70000000000.0,地表,407.05
NX,E000C,E000C,36.29000,105.92000,0,70000000000.0,地表,502.14
GS,L002D,L002D,35.64000,106.54000,0,70000000000.0,地表,738.95
GS,K000A,K000A,33.30000,105.47000,0,70000000000.0,地表,741.22
GS,N0055,N0055,36.15000,103.03000,0,70000000000.0,地表,445.85
NX,D0044,D0044,36.03000,106.26000,0,70000000000.0,地表,429.73
NX,D0021,D0021,35.76000,106.48000,0,70000000000.0,地表,510.02
GS,A000E,A000E,36.40000,103.40000,0,70000000000.0,地表,457.57
NX,D0037,D0037,36.01000,106.29000,0,70000000000.0,地表,393.46
GS,K0004,K0004,33.43000,105.77000,0,70000000000.0,地表,898.88
GS,K004B,K004B,33.82000,106.28000,0,70000000000.0,地表,425.53
GS,K004F,K004F,33.97000,106.41000,0,70000000000.0,地表,526.20
NX,D0036,D0036,36.03000,106.28000,0,70000000000.0,地表,325.97
GS,D003E,D003E,36.66000,105.02000,0,70000000000.0,地表,464.40
NX,E0001,E0001,36.42000,105.75000,0,70000000000.0,地表,393.45
GS,K004E,K004E,34.14000,106.53000,0,70000000000.0,地表,746.31
SN,F0009,F0009,33.51000,105.92000,0,70000000000.0,地表,604.99
GS,D003F,D003F,36.63000,105.20000,0,70000000000.0,地表,402.94
GS,K0002,K0002,33.33000,105.60000,0,70000000000.0,地表,290.56
GS,L003B,L003B,35.68000,106.57000,0,70000000000.0,地表,418.69
GS,K0006,K0006,33.25000,105.44000,0,70000000000.0,地表,900.00
GS,K004D,K004D,33.80000,106.31000,0,70000000000.0,地表,765.76
GS,K0053,K0053,33.70000,106.21000,0,70000000000.0,地表,900.00
NX,D0043,D0043,36.16000,106.19000,0,70000000000.0,地表,315.42
GS,AY008,AY008,36.54000,103.60000,0,70000000000.0,地表,327.97
GS,D003C,D003C,36.72000,104.77000,0,70000000000.0,地表,345.36
GS,K0052,K0052,33.68000,106.20000,0,70000000000.0,地表,880.71
NX,D0041,D0041,36.16000,106.21000,0,70000000000.0,地表,367.84
QH,B0039,B0039,35.98000,102.77000,0,70000000000.0,地表,609.12
QH,B0035,B0035,36.10000,102.88000,0,70000000000.0,地表,393.79
GS,AY003,AY003,36.46000,103.38000,0,70000000000.0,地表,311.35
GS,K000E,K000E,33.34000,105.72000,0,70000000000.0,地表,521.49
NX,E0019,E0019,36.65000,105.29000,0,70000000000.0,地表,440.93
NX,D0016,D0016,35.91000,106.46000,0,70000000000.0,地表,518.93
NX,EH003,EH003,36.67000,105.23000,0,70000000000.0,地表,437.71
GS,K0054,K0054,33.66000,106.21000,0,70000000000.0,地表,755.15
NX,E0015,E0015,36.41000,105.89000,0,70000000000.0,地表,505.84
GS,K005D,K005D,33.64000,106.19000,0,70000000000.0,地表,775.83
GS,K0026,K0026,33.17000,105.32000,0,70000000000.0,地表,656.49
NX,D0042,D0042,36.17000,106.23000,0,70000000000.0,地表,304.73
NX,E0010,E0010,36.60000,105.49000,0,70000000000.0,地表,330.89
QH,B0029,B0029,36.25000,103.02000,0,70000000000.0,地表,459.89
NX,E0018,E0018,36.51000,105.72000,0,70000000000.0,地表,372.49
NX,DY002,DY002,36.22000,106.18000,0,70000000000.0,地表,323.75
NX,E0008,E0008,36.55000,105.64000,0,70000000000.0,地表,407.08
NX,D0039,D0039,36.00000,106.42000,0,70000000000.0,地表,476.47
QH,BM042,BM042,36.19000,102.93000,0,70000000000.0,地表,498.02
GS,AY009,AY009,36.54000,103.48000,0,70000000000.0,地表,308.72
NX,E0003,E0003,36.49000,105.79000,0,70000000000.0,地表,416.99
GS,AH001,AH001,36.27000,103.02000,0,70000000000.0,地表,518.22
GS,K004A,K004A,33.85000,106.43000,0,70000000000.0,地表,900.00
NX,E0013,E0013,36.64000,105.44000,0,70000000000.0,地表,390.01
GS,AG001,AG001,36.67000,103.81000,0,70000000000.0,地表,356.35
GS,DB001,DB001,36.75000,104.18000,0,70000000000.0,地表,374.22
NX,D0017,D0017,36.00000,106.44000,0,70000000000.0,地表,463.79
NX,E0014,E0014,36.58000,105.62000,0,70000000000.0,地表,412.08
NX,D003D,D003D,36.27000,106.16000,0,70000000000.0,地表,361.53
QH,B0034,B0034,36.16000,102.86000,0,70000000000.0,地表,376.77
SN,F0008,F0008,33.47000,106.04000,0,70000000000.0,地表,617.00
NX,E0016,E0016,36.63000,105.52000,0,70000000000.0,地表,517.30
SN,FEGSS,FEGSS,33.91000,106.51000,0,70000000000.0,基岩,814.04
NX,E001A,E001A,36.42000,105.97000,0,70000000000.0,地表,486.72
SN,FL002,FL002,33.32000,105.82000,0,70000000000.0,地表,499.45
GS,PCQSQ,PCQSQ,36.81000,104.72000,0,70000000000.0,基岩,496.10
QH,B0036,B0036,36.12000,102.78000,0,70000000000.0,地表,555.74
NX,EH002,EH002,36.45000,105.96000,0,70000000000.0,地表,453.96
NX,E0012,E0012,36.42000,106.01000,0,70000000000.0,地表,406.92
QH,B0083,B0083,35.97000,102.64000,0,70000000000.0,地表,583.74
NX,E0002,E0002,36.44000,105.98000,0,70000000000.0,地表,483.15
GS,K002C,K002C,33.03000,105.03000,0,70000000000.0,地表,900.00
NX,D0038,D0038,36.13000,106.39000,0,70000000000.0,地表,393.11
QH,B0037,B0037,36.08000,102.72000,0,70000000000.0,地表,514.44
GS,K0049,K0049,33.77000,106.45000,0,70000000000.0,地表,703.56
GS,K0022,K0022,33.07000,105.26000,0,70000000000.0,地表,631.40
NX,EH009,EH009,36.39000,106.09000,0,70000000000.0,地表,395.24
NX,D003E,D003E,36.27000,106.25000,0,70000000000.0,地表,423.22
SN,F0012,F0012,33.41000,106.05000,0,70000000000.0,地表,382.94
QH,B0028,B0028,36.29000,102.91000,0,70000000000.0,地表,308.92
GS,A0011,A0011,36.64000,103.50000,0,70000000000.0,地表,492.85
GS,K004C,K004C,33.70000,106.41000,0,70000000000.0,地表,900.00
SN,FL005,FL005,33.52000,106.22000,0,70000000000.0,地表,453.21
GS,A0013,A0013,36.71000,103.65000,0,70000000000.0,地表,297.28
SN,F0007,F0007,33.34000,105.98000,0,70000000000.0,地表,591.48
NX,E0009,E0009,36.53000,105.92000,0,70000000000.0,地表,483.78
NX,E000A,E000A,36.57000,105.85000,0,70000000000.0,地表,597.56
GS,AY004,AY004,36.60000,103.36000,0,70000000000.0,地表,386.42
NX,E0006,E0006,36.39000,106.16000,0,70000000000.0,地表,337.12
QH,B0032,B0032,36.23000,102.77000,0,70000000000.0,地表,807.42
NX,EH004,EH004,36.71000,105.60000,0,70000000000.0,地表,432.95
NX,E0005,E0005,36.68000,105.69000,0,70000000000.0,地表,402.13
GS,K002D,K002D,33.05000,105.44000,0,70000000000.0,地表,534.04
GS,A0006,A0006,36.34000,102.88000,0,70000000000.0,地表,607.79
NX,EH007,EH007,36.61000,105.86000,0,70000000000.0,地表,422.68
SN,F0004,F0004,33.34000,106.07000,0,70000000000.0,地表,799.94
QH,B0033,B0033,36.19000,102.70000,0,70000000000.0,地表,626.57
GS,K0001,K0001,33.17000,105.78000,0,70000000000.0,地表,541.15
NX,DP001,DP001,36.15000,106.51000,0,70000000000.0,地表,432.73
NX,E0022,E0022,36.81000,105.40000,0,70000000000.0,地表,363.05
GS,AH003,AH003,36.35000,102.85000,0,70000000000.0,地表,537.67
NX,D0012,D0012,36.10000,106.58000,0,70000000000.0,地表,365.09
GS,D0033,D0033,36.86000,105.24000,0,70000000000.0,地表,529.86
NX,TSH,炭山台,36.39000,106.27000,0,70000000000.0,基岩,591.59
NX,SPTHC,SPTHC,36.80000,105.48000,0,70000000000.0,基岩,290.76
GS,A0012,A0012,36.51000,103.05000,0,70000000000.0,地表,605.23
NX,E000B,E000B,36.67000,105.83000,0,70000000000.0,地表,602.40
QH,B0031,B0031,36.24000,102.69000,0,70000000000.0,地表,534.81
NX,D003F,D003F,36.38000,106.31000,0,70000000000.0,地表,517.21
NX,E0025,E0025,36.87000,105.30000,0,70000000000.0,地表,427.65
NX,D0046,D0046,36.30000,106.42000,0,70000000000.0,地表,420.03
GS,K0030,K0030,33.00000,105.48000,0,70000000000.0,地表,606.71
GS,AY001,AY001,36.67000,103.27000,0,70000000000.0,地表,498.91
NX,E0041,E0041,36.81000,105.59000,0,70000000000.0,地表,492.86
GS,AY011,AY011,36.75000,103.39000,0,70000000000.0,地表,388.45
NX,E000F,E000F,36.55000,106.16000,0,70000000000.0,地表,281.80
QH,B0027,B0027,36.35000,102.73000,0,70000000000.0,地表,385.85
GS,AY201,AY201,36.72000,103.28000,0,70000000000.0,地表,434.89
NX,D0045,D0045,36.34000,106.46000,0,70000000000.0,地表,449.74
GS,K000D,K000D,33.07000,105.80000,0,70000000000.0,地表,759.89
NX,D0040,D0040,36.47000,106.31000,0,70000000000.0,地表,538.01
GS,K0008,K0008,33.12000,105.91000,0,70000000000.0,地表,659.37
GS,AY006,AY006,36.50000,102.88000,0,70000000000.0,地表,524.94
NX,EH005,EH005,36.78000,105.79000,0,70000000000.0,地表,234.67
GS,A0015,A0015,36.69000,103.16000,0,70000000000.0,地表,410.27
QH,B0026,B0026,36.44000,102.75000,0,70000000000.0,地表,554.72
SN,F0005,F0005,33.27000,106.24000,0,70000000000.0,地表,662.51
GS,K0010,K0010,33.01000,105.78000,0,70000000000.0,地表,653.32
GS,AY005,AY005,36.65000,103.03000,0,70000000000.0,地表,345.51
NX,EH006,EH006,36.68000,106.09000,0,70000000000.0,地表,293.78
SN,F0023,F0023,33.09000,105.98000,0,70000000000.0,地表,614.17
GS,K0005,K0005,32.96000,105.71000,0,70000000000.0,地表,900.00
QH,B0013,B0013,36.42000,102.65000,0,70000000000.0,地表,539.61
GS,A0016,A0016,36.79000,103.22000,0,70000000000.0,地表,396.57
GS,A0010,A0010,36.59000,102.85000,0,70000000000.0,地表,798.54
SN,F0024,F0024,33.05000,105.98000,0,70000000000.0,地表,726.22
SN,F0006,F0006,33.26000,106.33000,0,70000000000.0,地表,677.53
SN,F1048,F1048,33.41000,106.52000,0,70000000000.0,地表,695.65
GS,H0026,H0026,36.54000,102.76000,0,70000000000.0,地表,407.59
NX,C002E,C002E,36.67000,106.22000,0,70000000000.0,地表,429.60
NX,E0004,E0004,36.83000,105.98000,0,70000000000.0,地表,331.15
SN,F0021,F0021,33.16000,106.32000,0,70000000000.0,地表,724.73
SN,F0002,F0002,33.30000,106.52000,0,70000000000.0,地表,675.14
SN,F0001,F0001,33.23000,106.44000,0,70000000000.0,地表,657.13
NX,C0025,C0025,36.80000,106.16000,0,70000000000.0,地表,462.92
NX,C002D,C002D,36.71000,106.33000,0,70000000000.0,地表,507.34
NX,C0024,C0024,36.88000,106.03000,0,70000000000.0,地表,382.77
SN,FQ007,FQ007,32.96000,106.05000,0,70000000000.0,地表,808.33
SN,F0017,F0017,33.01000,106.18000,0,70000000000.0,地表,631.85
SN,F1039,F1039,33.19000,106.48000,0,70000000000.0,地表,683.92
SN,F0016,F0016,33.05000,106.30000,0,70000000000.0,地表,717.81
SN,FQ004,FQ004,32.99000,106.26000,0,70000000000.0,地表,732.67
NX,TXYW,TXYW,36.83000,106.38000,0,70000000000.0,基岩,365.03
NX,C0027,C0027,36.90000,106.27000,0,70000000000.0,地表,532.83
NX,C0020,C0020,36.85000,106.44000,0,70000000000.0,地表,585.57
XZ,ZHF,珠峰台,28.36000,86.94000,0,70000000000.0,基岩,900.00
SC,H2209,H2209,32.34000,105.30000,0,70000000000.0,地表,590.66
SC,JYYM,JYYM,32.23000,105.21000,0,70000000000.0,基岩,665.88
SC,H2202,H2202,32.44000,105.35000,0,70000000000.0,地表,813.95
SC,H2206,H2206,32.20000,105.31000,0,70000000000.0,地表,900.00
SC,H2201,H2201,32.31000,105.44000,0,70000000000.0,地表,827.59
SC,BJ002,BJ002,32.08000,105.08000,0,70000000000.0,地表,658.55
SC,B8108,B8108,32.03000,105.04000,0,70000000000.0,地表,546.91
SC,H2211,H2211,32.78000,105.43000,0,70000000000.0,地表,667.87
SC,PWDK,PWDK,32.10000,104.59000,0,70000000000.0,基岩,455.17
XJ,N0026,N0026,41.99000,81.85000,0,70000000000.0,地表,384.28
XJ,N0029,N0029,41.87000,82.05000,0,70000000000.0,地表,396.42
XJ,BAC,拜城台,41.86000,81.62000,0,70000000000.0,基岩,392.36
XJ,N0027,N0027,42.09000,81.89000,0,70000000000.0,地表,592.61
XJ,BCGMS,BCGMS,42.13000,82.32000,0,70000000000.0,基岩,440.27
XZ,SHU,SHU,33.20000,88.82000,0,70000000000.0,基岩,293.11
XJ,NILWL,NILWL,43.79000,83.36000,0,70000000000.0,基岩,729.38
XJ,FN008,FN008,43.77000,83.26000,0,70000000000.0,地表,506.01
XJ,F004B,F004B,43.76000,83.43000,0,70000000000.0,地表,617.72
XJ,FN001,FN001,43.82000,83.09000,0,70000000000.0,地表,438.19
XJ,F0045,F0045,43.70000,83.70000,0,70000000000.0,地表,560.77
XJ,G0028,G0028,44.48000,83.80000,0,70000000000.0,地表,333.73
XJ,F0047,F0047,43.53000,82.90000,0,70000000000.0,地表,289.47
GS,H001D,H001D,38.16000,103.25000,0,70000000000.0,地表,225.84
GS,MQNJH,MQNJH,38.58000,103.34000,0,70000000000.0,基岩,203.31
GS,H0002,H0002,37.61000,103.75000,0,70000000000.0,地表,246.83
GS,H0014,H0014,38.12000,103.16000,0,70000000000.0,地表,220.70
GS,H0019,H0019,38.86000,103.62000,0,70000000000.0,地表,208.43
GS,MQNSW,MQNSW,38.52000,103.21000,0,70000000000.0,基岩,344.99
GS,H001C,H001C,38.65000,103.29000,0,70000000000.0,地表,203.33
GS,HG011,HG011,37.58000,103.59000,0,70000000000.0,地表,247.20
GS,H0007,H0007,37.53000,103.72000,0,70000000000.0,地表,405.80
GS,D0024,D0024,37.48000,103.99000,0,70000000000.0,地表,388.81
GS,D0022,D0022,37.44000,103.93000,0,70000000000.0,地表,275.74
GS,HM001,HM001,38.62000,103.12000,0,70000000000.0,地表,213.69
GS,HG202,HG202,37.64000,103.34000,0,70000000000.0,地表,301.07
GS,H0011,H0011,39.01000,103.68000,0,70000000000.0,地表,190.48
GS,H0001,H0001,37.53000,103.49000,0,70000000000.0,地表,321.76
GS,H001E,H001E,38.84000,103.29000,0,70000000000.0,地表,205.58
GS,DJ001,DJ001,37.41000,104.04000,0,70000000000.0,地表,311.47
NX,E002E,E002E,37.43000,104.32000,0,70000000000.0,地表,324.31
GS,GLGXJ,GLGXJ,37.58000,103.34000,0,70000000000.0,基岩,394.52
GS,HG009,HG009,37.55000,103.37000,0,70000000000.0,地表,290.69
GS,HG201,HG201,37.63000,103.22000,0,70000000000.0,地表,296.59
NX,E0020,E0020,37.45000,104.52000,0,70000000000.0,地表,428.99
GS,HG014,HG014,37.68000,103.13000,0,70000000000.0,地表,269.66
GS,HG013,HG013,37.44000,103.38000,0,70000000000.0,地表,446.37
GS,H0003,H0003,37.68000,103.03000,0,70000000000.0,地表,316.75
GS,D0021,D0021,37.27000,104.09000,0,70000000000.0,地表,336.39
GS,HG008,HG008,37.62000,103.07000,0,70000000000.0,地表,326.04
NM,MA005,MA005,37.60000,105.01000,0,70000000000.0,地表,289.99
NX,SPTYS,SPTYS,37.43000,104.84000,0,70000000000.0,基岩,445.26
GS,HG016,HG016,37.36000,103.31000,0,70000000000.0,地表,491.52
GS,H0004,H0004,37.24000,103.44000,0,70000000000.0,地表,405.42
GS,GLGHY,GLGHY,37.38000,103.10000,0,70000000000.0,基岩,506.88
GS,HG015,HG015,37.38000,103.06000,0,70000000000.0,地表,594.53
GS,HT008,HT008,37.30000,103.17000,0,70000000000.0,地表,433.36
NX,E0029,E0029,37.31000,104.89000,0,70000000000.0,地表,458.78
NX,E0021,E0021,37.25000,104.95000,0,70000000000.0,地表,404.92
SX,L0073,L0073,35.82000,111.27000,0,70000000000.0,地表,300.05
SX,L0074,L0074,35.91000,111.32000,0,70000000000.0,地表,318.59
SX,L0075,L0075,35.81000,111.37000,0,70000000000.0,地表,270.44
SX,M0110,M0110,35.75000,111.16000,0,70000000000.0,地表,401.64
SX,L0076,L0076,35.97000,111.36000,0,70000000000.0,地表,324.51
SX,L0109,L0109,35.88000,111.10000,0,70000000000.0,地表,816.38
SX,L0078,L0078,35.72000,111.36000,0,70000000000.0,地表,407.31
SX,L0052,L0052,35.98000,111.15000,0,70000000000.0,地表,558.23
SX,L0051,L0051,36.02000,111.22000,0,70000000000.0,地表,595.73
SX,L0119,L0119,35.72000,111.42000,0,70000000000.0,地表,399.58
SX,L0120,L0120,35.76000,111.46000,0,70000000000.0,地表,409.78
SX,L0077,L0077,35.90000,111.50000,0,70000000000.0,地表,423.73
SX,M0001,M0001,35.70000,111.11000,0,70000000000.0,地表,273.86
SX,M0004,M0004,35.68000,111.13000,0,70000000000.0,地表,251.42
SX,L0070,L0070,35.78000,111.53000,0,70000000000.0,地表,447.16
SX,MJ001,MJ001,35.63000,111.20000,0,70000000000.0,地表,258.22
SX,L0072,L0072,35.97000,111.51000,0,70000000000.0,地表,289.70
SX,LY004,LY004,36.06000,111.42000,0,70000000000.0,地表,286.40
SX,LM001,LM001,35.62000,111.37000,0,70000000000.0,地表,199.49
SX,L0061,L0061,35.59000,111.29000,0,70000000000.0,地表,287.29
SX,L0121,L0121,35.71000,111.55000,0,70000000000.0,地表,269.51
SX,L0038,L0038,36.05000,111.49000,0,70000000000.0,地表,262.43
SX,M0002,M0002,35.60000,111.15000,0,70000000000.0,地表,279.28
SX,L0098,L0098,36.12000,111.30000,0,70000000000.0,地表,499.65
SX,L0033,L0033,36.03000,111.53000,0,70000000000.0,地表,239.93
SX,L0071,L0071,35.90000,111.61000,0,70000000000.0,地表,547.64
SX,M0003,M0003,35.57000,111.22000,0,70000000000.0,地表,323.13
SX,L0054,L0054,35.91000,110.93000,0,70000000000.0,地表,531.89
SX,L0053,L0053,36.10000,111.09000,0,70000000000.0,地表,641.31
SX,L0050,L0050,36.05000,111.01000,0,70000000000.0,地表,384.62
SX,M0087,M0087,35.65000,111.01000,0,70000000000.0,地表,299.19
SX,M0030,M0030,35.60000,111.08000,0,70000000000.0,地表,346.15
SX,LY002,LY002,36.15000,111.19000,0,70000000000.0,地表,729.73
SX,L0034,L0034,36.12000,111.46000,0,70000000000.0,地表,378.33
SX,L0063,L0063,35.76000,111.64000,0,70000000000.0,地表,407.97
SX,MS001,MS001,35.66000,110.95000,0,70000000000.0,地表,467.74
SX,L0037,L0037,36.03000,111.60000,0,70000000000.0,地表,354.12
SX,L0118,L0118,35.61000,111.54000,0,70000000000.0,地表,363.44
SX,L0032,L0032,35.95000,111.66000,0,70000000000.0,地表,399.01
SX,LY005,LY005,36.08000,111.57000,0,70000000000.0,地表,278.35
SX,L0066,L0066,35.70000,111.64000,0,70000000000.0,地表,285.81
SX,L0031,L0031,36.14000,111.49000,0,70000000000.0,地表,335.92
SX,M0012,M0012,35.51000,111.33000,0,70000000000.0,地表,269.25
SX,M0008,M0008,35.52000,111.41000,0,70000000000.0,地表,428.84
SX,L0046,L0046,36.18000,111.08000,0,70000000000.0,地表,659.41
SX,M0085,M0085,35.54000,111.03000,0,70000000000.0,地表,287.00
SX,M0005,M0005,35.50000,111.12000,0,70000000000.0,地表,336.32
SX,LN001,LN001,35.97000,110.83000,0,70000000000.0,地表,483.58
SX,L0055,L0055,35.79000,110.81000,0,70000000000.0,地表,611.41
SX,M0007,M0007,35.64000,111.66000,0,70000000000.0,地表,300.09
SX,LY003,LY003,36.19000,111.50000,0,70000000000.0,地表,370.97
SX,LT001,LT001,35.70000,111.71000,0,70000000000.0,地表,380.93
SX,M0084,M0084,35.62000,110.88000,0,70000000000.0,地表,298.40
SX,M0016,M0016,35.46000,111.21000,0,70000000000.0,地表,352.52
SX,M0009,M0009,35.48000,111.45000,0,70000000000.0,地表,411.00
SX,L0059,L0059,36.25000,111.25000,0,70000000000.0,地表,496.08
SX,L0100,L0100,35.90000,111.76000,0,70000000000.0,地表,376.52
SX,L0036,L0036,36.19000,111.55000,0,70000000000.0,地表,284.23
SX,L0068,L0068,35.79000,111.77000,0,70000000000.0,地表,452.73
SX,L0039,L0039,36.25000,111.41000,0,70000000000.0,地表,593.19
SX,L0117,L0117,35.72000,111.76000,0,70000000000.0,地表,365.01
SX,L0065,L0065,35.67000,111.74000,0,70000000000.0,地表,376.81
SX,M0006,M0006,35.57000,111.66000,0,70000000000.0,地表,398.18
SX,M0086,M0086,35.50000,110.97000,0,70000000000.0,地表,299.52
SX,M0031,M0031,35.51000,110.94000,0,70000000000.0,地表,273.65
SX,M0010,M0010,35.42000,111.36000,0,70000000000.0,地表,492.20
SX,MG001,MG001,35.49000,111.58000,0,70000000000.0,地表,298.22
SX,M0074,M0074,35.41000,111.34000,0,70000000000.0,地表,516.37
SX,M0083,M0083,35.54000,110.88000,0,70000000000.0,地表,295.87
SX,L0015,L0015,36.19000,111.63000,0,70000000000.0,地表,331.70
SX,M0070,M0070,35.44000,111.50000,0,70000000000.0,地表,470.26
SX,M0017,M0017,35.41000,111.11000,0,70000000000.0,地表,333.74
SX,M0072,M0072,35.53000,111.68000,0,70000000000.0,地表,391.79
SX,M0073,M0073,35.51000,111.66000,0,70000000000.0,地表,444.11
SX,L0112,L0112,36.31000,111.12000,0,70000000000.0,地表,547.83
SX,L0044,L0044,36.22000,110.90000,0,70000000000.0,地表,439.02
SX,L0086,L0086,36.16000,111.74000,0,70000000000.0,地表,417.36
SX,M0014,M0014,35.37000,111.13000,0,70000000000.0,地表,384.57
SX,M0011,M0011,35.36000,111.39000,0,70000000000.0,地表,449.31
SX,L0020,L0020,36.34000,111.42000,0,70000000000.0,地表,547.50
SX,L0089,L0089,36.31000,111.57000,0,70000000000.0,地表,447.51
SX,L0090,L0090,36.29000,111.63000,0,70000000000.0,地表,328.03
SX,L0010,L0010,36.29000,110.90000,0,70000000000.0,地表,547.58
SX,LS002,LS002,36.26000,111.69000,0,70000000000.0,地表,243.60
SX,M0071,M0071,35.38000,111.62000,0,70000000000.0,地表,694.25
SX,MW001,MW001,35.41000,110.83000,0,70000000000.0,地表,260.76
SX,L0018,L0018,36.34000,111.74000,0,70000000000.0,地表,443.75
XJ,A0033,A0033,43.48000,88.04000,0,70000000000.0,地表,453.54
XJ,DBCDH,DBCDH,43.43000,88.88000,0,70000000000.0,基岩,582.86
XJ,AT012,AT012,43.77000,87.62000,0,70000000000.0,地表,356.58
XJ,JGHTT,JGHTT,44.47000,83.51000,0,70000000000.0,基岩,696.16
XJ,USUGE,USUGE,44.27000,83.82000,0,70000000000.0,基岩,782.92
XJ,EJ003,EJ003,44.55000,83.59000,0,70000000000.0,地表,331.91
XJ,G0029,G0029,44.40000,83.88000,0,70000000000.0,地表,435.22
XJ,E001D,E001D,44.61000,83.22000,0,70000000000.0,地表,413.20
XJ,E001F,E001F,44.40000,82.82000,0,70000000000.0,地表,434.19
XJ,G0021,G0021,44.39000,84.11000,0,70000000000.0,地表,294.64
XJ,F0042,F0042,43.85000,82.82000,0,70000000000.0,地表,519.82
XJ,E001A,E001A,44.56000,82.77000,0,70000000000.0,地表,279.17
XJ,G002F,G002F,44.36000,84.18000,0,70000000000.0,地表,326.11
XJ,F0043,F0043,43.84000,82.77000,0,70000000000.0,地表,511.27
XJ,GW002,GW002,44.38000,84.24000,0,70000000000.0,地表,347.12
XJ,EJ001,EJ001,44.54000,82.64000,0,70000000000.0,地表,354.59
XJ,G0020,G0020,44.57000,84.15000,0,70000000000.0,地表,239.66
XJ,E0020,E0020,44.87000,83.34000,0,70000000000.0,地表,225.41
XJ,G002A,G002A,44.43000,84.27000,0,70000000000.0,地表,299.18
XJ,G002B,G002B,44.49000,84.25000,0,70000000000.0,地表,254.80
XJ,KUYYE,KUYYE,44.69000,84.09000,0,70000000000.0,基岩,252.39
XJ,G0025,G0025,44.41000,84.32000,0,70000000000.0,地表,312.21
XJ,F0041,F0041,43.72000,82.72000,0,70000000000.0,地表,317.85
XJ,F0066,F0066,43.54000,83.12000,0,70000000000.0,地表,441.26
XJ,F0057,F0057,43.51000,83.26000,0,70000000000.0,地表,283.03
XJ,F0065,F0065,43.48000,83.32000,0,70000000000.0,地表,278.05
XJ,F0048,F0048,43.55000,82.80000,0,70000000000.0,地表,314.44
XJ,F005A,F005A,43.42000,83.43000,0,70000000000.0,地表,373.64
XJ,F005B,F005B,43.40000,83.26000,0,70000000000.0,地表,640.00
XJ,F0062,F0062,43.42000,83.08000,0,70000000000.0,地表,367.76
XJ,FX003,FX003,43.43000,82.93000,0,70000000000.0,地表,303.18
XJ,E0003,E0003,44.77000,82.48000,0,70000000000.0,地表,262.43
XJ,F0022,F0022,43.58000,82.57000,0,70000000000.0,地表,457.94
XJ,F005C,F005C,43.46000,82.58000,0,70000000000.0,地表,268.54
XJ,G0035,G0035,45.02000,84.24000,0,70000000000.0,地表,199.26
XJ,G0034,G0034,44.99000,84.34000,0,70000000000.0,地表,194.48
SC,QC001,QC001,28.58000,104.92000,0,70000000000.0,地表,354.75
YN,C2737,C2737,27.69000,104.99000,0,70000000000.0,地表,704.49
GD,R0202,R0202,23.68000,113.18000,0,70000000000.0,地表,900.00
GD,HUD,HUD,23.52000,113.23000,0,70000000000.0,基岩,900.00
GD,A1406,A1406,23.52000,113.26000,0,70000000000.0,地表,900.00
GD,RQ001,RQ001,23.73000,113.07000,0,70000000000.0,地表,436.42
GD,A1404,A1404,23.44000,113.18000,0,70000000000.0,地表,478.96
GD,A1403,A1403,23.46000,113.26000,0,70000000000.0,地表,239.86
GD,A1402,A1402,23.47000,113.37000,0,70000000000.0,地表,900.00
GD,A1407,A1407,23.38000,113.18000,0,70000000000.0,地表,230.74
GD,RQ002,RQ002,23.71000,112.92000,0,70000000000.0,地表,220.15
GD,A1701,A1701,23.63000,113.45000,0,70000000000.0,地表,328.02
GD,A1401,A1401,23.37000,113.09000,0,70000000000.0,地表,588.10
GD,A1106,A1106,23.37000,113.26000,0,70000000000.0,地表,226.23
GD,A1405,A1405,23.35000,113.10000,0,70000000000.0,地表,239.38
GD,R0203,R0203,23.92000,113.08000,0,70000000000.0,地表,900.00
GD,A1102,A1102,23.30000,113.29000,0,70000000000.0,地表,289.30
GD,A1108,A1108,23.42000,113.47000,0,70000000000.0,地表,239.73
GD,H8405,H8405,23.50000,112.82000,0,70000000000.0,地表,900.00
GD,A1704,A1704,23.44000,113.50000,0,70000000000.0,地表,649.28
GD,A1109,A1109,23.37000,113.45000,0,70000000000.0,地表,627.34
GD,A1104,A1104,23.27000,113.28000,0,70000000000.0,地表,277.76
GD,AC001,AC001,23.58000,113.57000,0,70000000000.0,地表,258.21
GD,E0702,E0702,23.29000,112.97000,0,70000000000.0,地表,218.38
GD,A1103,A1103,23.25000,113.26000,0,70000000000.0,地表,282.91
GD,Y0504,Y0504,23.24000,113.15000,0,70000000000.0,地表,185.40
GD,R0204,R0204,23.77000,112.79000,0,70000000000.0,地表,900.00
GD,E0703,E0703,23.33000,112.89000,0,70000000000.0,地表,238.91
GD,H8406,H8406,23.57000,112.75000,0,70000000000.0,地表,797.33
GD,A1107,A1107,23.28000,113.38000,0,70000000000.0,地表,900.00
GD,RF001,RF001,23.90000,113.47000,0,70000000000.0,地表,526.77
GD,A1101,A1101,23.23000,113.27000,0,70000000000.0,地表,233.60
GD,A1702,A1702,23.61000,113.61000,0,70000000000.0,地表,657.18
GD,HS001,HS001,23.57000,112.71000,0,70000000000.0,地表,738.75
GD,H8408,H8408,23.56000,112.69000,0,70000000000.0,地表,302.52
GD,A1105,A1105,23.16000,113.20000,0,70000000000.0,地表,600.00
GD,A0601,A0601,23.20000,113.38000,0,70000000000.0,地表,900.00
GD,YN002,YN002,23.15000,113.09000,0,70000000000.0,地表,220.85
GD,AL001,AL001,23.14000,113.21000,0,70000000000.0,地表,273.98
GD,H8404,H8404,23.53000,112.65000,0,70000000000.0,地表,900.00
GD,H8409,H8409,23.37000,112.71000,0,70000000000.0,地表,451.52
GD,YN001,YN001,23.15000,113.01000,0,70000000000.0,地表,476.95
GD,AT001,AT001,23.15000,113.35000,0,70000000000.0,地表,450.92
GD,Y0501,Y0501,23.12000,113.09000,0,70000000000.0,地表,219.02
GD,A1802,A1802,23.43000,113.68000,0,70000000000.0,地表,900.00
GD,E0704,E0704,23.19000,112.87000,0,70000000000.0,地表,640.52
GD,H0309,H0309,23.28000,112.75000,0,70000000000.0,地表,667.25
GD,H8402,H8402,23.23000,112.80000,0,70000000000.0,地表,236.72
GD,HG001,HG001,23.73000,112.62000,0,70000000000.0,地表,441.18
GD,ES001,ES001,23.17000,112.89000,0,70000000000.0,地表,313.27
GD,HS002,HS002,23.32000,112.71000,0,70000000000.0,地表,236.81
GD,AH001,AH001,23.10000,113.28000,0,70000000000.0,地表,310.05
GD,A1807,A1807,23.30000,113.63000,0,70000000000.0,地表,344.01
GD,H8401,H8401,23.38000,112.65000,0,70000000000.0,地表,309.95
GD,YND,YND,24.13000,113.36000,0,70000000000.0,基岩,900.00
GD,Y0505,Y0505,23.09000,113.03000,0,70000000000.0,地表,436.34
GD,A1203,A1203,23.18000,113.52000,0,70000000000.0,地表,900.00
GD,A1202,A1202,23.13000,113.44000,0,70000000000.0,地表,326.50
GD,A0301,A0301,23.07000,113.18000,0,70000000000.0,地表,228.83
GD,H8410,H8410,23.33000,112.66000,0,70000000000.0,地表,534.85
GD,A0501,A0501,23.09000,113.35000,0,70000000000.0,地表,231.21
GD,H2301,H2301,23.85000,112.61000,0,70000000000.0,地表,900.00
GD,A1703,A1703,23.75000,113.78000,0,70000000000.0,地表,900.00
GD,H0304,H0304,23.21000,112.73000,0,70000000000.0,地表,212.67
GD,AZ001,AZ001,23.49000,113.78000,0,70000000000.0,地表,900.00
GD,A1309,A1309,23.05000,113.30000,0,70000000000.0,地表,237.76
GD,E0405,E0405,23.04000,113.10000,0,70000000000.0,地表,256.69
GD,Y0503,Y0503,23.03000,113.22000,0,70000000000.0,地表,226.74
GD,E0701,E0701,23.11000,112.84000,0,70000000000.0,地表,275.74
GD,H0310,H0310,23.16000,112.76000,0,70000000000.0,地表,600.00
GD,A1307,A1307,23.05000,113.37000,0,70000000000.0,地表,323.91
GD,A1805,A1805,23.16000,113.59000,0,70000000000.0,地表,375.91
GD,E0404,E0404,23.02000,113.12000,0,70000000000.0,地表,273.49
GD,A1201,A1201,23.09000,113.48000,0,70000000000.0,地表,624.22
GD,H0308,H0308,23.25000,112.65000,0,70000000000.0,地表,691.72
GD,A1806,A1806,23.47000,113.81000,0,70000000000.0,地表,760.56
GD,A1308,A1308,23.06000,113.44000,0,70000000000.0,地表,243.64
GD,A1314,A1314,23.04000,113.39000,0,70000000000.0,地表,350.32
GD,A1303,A1303,23.03000,113.36000,0,70000000000.0,地表,233.92
GD,H2307,H2307,23.73000,112.51000,0,70000000000.0,地表,810.51
GD,Y0502,Y0502,23.05000,112.91000,0,70000000000.0,地表,251.49
GD,H8407,H8407,23.36000,112.56000,0,70000000000.0,地表,900.00
GD,H8403,H8403,23.40000,112.54000,0,70000000000.0,地表,705.85
GD,EC001,EC001,23.00000,113.11000,0,70000000000.0,地表,263.61
GD,A1304,A1304,23.00000,113.28000,0,70000000000.0,地表,482.36
GD,X0601,X0601,22.99000,113.19000,0,70000000000.0,地表,210.16
GD,E0403,E0403,22.99000,113.15000,0,70000000000.0,地表,230.40
GD,A1808,A1808,23.22000,113.70000,0,70000000000.0,地表,244.58
GD,E0402,E0402,22.99000,113.06000,0,70000000000.0,地表,222.70
GD,A1801,A1801,23.27000,113.75000,0,70000000000.0,地表,566.67
GD,A1302,A1302,23.00000,113.34000,0,70000000000.0,地表,553.03
GD,AP002,AP002,23.01000,113.39000,0,70000000000.0,地表,379.96
GD,A1301,A1301,23.02000,113.43000,0,70000000000.0,地表,353.23
GD,S0009,S0009,23.07000,113.55000,0,70000000000.0,地表,227.59
GD,A1804,A1804,23.38000,113.83000,0,70000000000.0,地表,267.39
GD,AZ003,AZ003,23.19000,113.71000,0,70000000000.0,地表,401.08
GD,H0303,H0303,23.22000,112.60000,0,70000000000.0,地表,284.89
GD,E0401,E0401,22.98000,112.99000,0,70000000000.0,地表,237.84
GD,H0305,H0305,23.19000,112.61000,0,70000000000.0,地表,227.09
GD,HG003,HG003,23.65000,112.44000,0,70000000000.0,地表,676.08
GD,H0409,H0409,23.05000,112.77000,0,70000000000.0,地表,223.83
GD,A1316,A1316,22.98000,113.42000,0,70000000000.0,地表,272.09
GD,Y0507,Y0507,22.97000,112.92000,0,70000000000.0,地表,287.82
GD,X0604,X0604,22.93000,113.14000,0,70000000000.0,地表,222.67
GD,H0307,H0307,23.19000,112.58000,0,70000000000.0,地表,238.11
GD,A1803,A1803,23.17000,113.75000,0,70000000000.0,地表,233.57
GD,H2305,H2305,23.63000,112.41000,0,70000000000.0,地表,900.00
GD,H0301,H0301,23.20000,112.56000,0,70000000000.0,地表,900.00
GD,S0015,S0015,23.06000,113.64000,0,70000000000.0,地表,232.26
GD,AP001,AP001,22.98000,113.50000,0,70000000000.0,地表,530.32
GD,AZ002,AZ002,23.28000,113.85000,0,70000000000.0,地表,900.00
GD,AP003,AP003,22.92000,113.37000,0,70000000000.0,地表,234.90
GD,A1306,A1306,22.90000,113.30000,0,70000000000.0,地表,900.00
GD,X0605,X0605,22.89000,113.12000,0,70000000000.0,地表,221.12
GD,S0014,S0014,23.07000,113.70000,0,70000000000.0,地表,237.08
GD,E0802,E0802,22.94000,112.86000,0,70000000000.0,地表,600.00
GD,S0004,S0004,23.10000,113.74000,0,70000000000.0,地表,234.56
GD,H2302,H2302,23.38000,112.40000,0,70000000000.0,地表,900.00
GD,X0602,X0602,22.87000,113.22000,0,70000000000.0,地表,236.20
GD,L2405,L2405,23.45000,113.97000,0,70000000000.0,地表,357.97
GD,A1310,A1310,22.88000,113.36000,0,70000000000.0,地表,180.00
GD,A1305,A1305,22.91000,113.49000,0,70000000000.0,地表,182.48
GD,H0414,H0414,23.04000,112.61000,0,70000000000.0,地表,739.12
GD,L2407,L2407,23.60000,114.02000,0,70000000000.0,地表,405.80
GD,H0205,H0205,23.12000,112.51000,0,70000000000.0,地表,900.00
GD,X0608,X0608,22.83000,113.11000,0,70000000000.0,地表,223.08
GD,Y0506,Y0506,22.85000,112.96000,0,70000000000.0,地表,201.16
GD,A1502,A1502,22.88000,113.50000,0,70000000000.0,地表,600.00
GD,J8402,J8402,22.84000,112.94000,0,70000000000.0,地表,222.43
GD,H2304,H2304,23.75000,112.30000,0,70000000000.0,地表,239.97
GD,HY002,HY002,23.35000,112.34000,0,70000000000.0,地表,900.00
GD,H0417,H0417,23.14000,112.46000,0,70000000000.0,地表,900.00
GD,S0002,S0002,23.06000,113.81000,0,70000000000.0,地表,406.10
GD,X0606,X0606,22.81000,113.07000,0,70000000000.0,地表,311.89
GD,S0013,S0013,23.11000,113.86000,0,70000000000.0,地表,275.96
GD,XS001,XS001,22.81000,113.29000,0,70000000000.0,地表,227.02
GD,H0306,H0306,23.18000,112.42000,0,70000000000.0,地表,574.92
GD,L2210,L2210,23.15000,113.90000,0,70000000000.0,地表,215.17
GD,H0407,H0407,22.95000,112.65000,0,70000000000.0,地表,393.79
GD,H0401,H0401,23.00000,112.58000,0,70000000000.0,地表,261.68
GD,H0203,H0203,23.09000,112.48000,0,70000000000.0,地表,351.66
GD,H0405,H0405,22.96000,112.62000,0,70000000000.0,地表,268.50
GD,LH001,LH001,23.22000,113.97000,0,70000000000.0,地表,778.51
GD,H0408,H0408,23.03000,112.52000,0,70000000000.0,地表,782.83
GD,X0607,X0607,22.78000,113.24000,0,70000000000.0,地表,232.91
GD,L2403,L2403,23.71000,114.08000,0,70000000000.0,地表,369.99
GD,HY001,HY001,22.94000,112.63000,0,70000000000.0,地表,279.56
GD,A1315,A1315,22.80000,113.41000,0,70000000000.0,地表,231.53
GD,H0204,H0204,23.14000,112.41000,0,70000000000.0,地表,900.00
GD,E0804,E0804,22.86000,112.75000,0,70000000000.0,地表,320.41
GD,L2213,L2213,23.16000,113.96000,0,70000000000.0,地表,238.05
GD,H0404,H0404,23.35000,112.28000,0,70000000000.0,地表,686.51
GD,J0305,J0305,22.76000,113.07000,0,70000000000.0,地表,229.14
GD,J8404,J8404,22.78000,112.94000,0,70000000000.0,地表,309.48
GD,HZ001,HZ001,23.05000,112.46000,0,70000000000.0,地表,600.00
GD,E0803,E0803,22.87000,112.69000,0,70000000000.0,地表,437.80
GD,A1311,A1311,22.79000,113.46000,0,70000000000.0,地表,220.50
GD,A1501,A1501,22.78000,113.43000,0,70000000000.0,地表,221.21
GD,S0012,S0012,22.86000,113.64000,0,70000000000.0,地表,283.49
GD,H0413,H0413,23.17000,112.35000,0,70000000000.0,地表,532.86
GD,S0006,S0006,22.90000,113.72000,0,70000000000.0,地表,900.00
GD,S0010,S0010,22.93000,113.77000,0,70000000000.0,地表,900.00
GD,HY003,HY003,23.02000,112.46000,0,70000000000.0,地表,707.97
GD,H0202,H0202,23.08000,112.40000,0,70000000000.0,地表,900.00
GD,L2408,L2408,23.88000,114.10000,0,70000000000.0,地表,900.00
GD,L2214,L2214,23.24000,114.05000,0,70000000000.0,地表,388.40
GD,J8407,J8407,22.75000,112.93000,0,70000000000.0,地表,507.96
GD,H0415,H0415,23.18000,112.32000,0,70000000000.0,地表,900.00
GD,X0603,X0603,22.72000,113.19000,0,70000000000.0,地表,220.49
GD,S0008,S0008,22.97000,113.85000,0,70000000000.0,地表,293.72
GD,S0005,S0005,23.04000,113.93000,0,70000000000.0,地表,236.21
GD,J8408,J8408,22.72000,113.00000,0,70000000000.0,地表,735.09
GD,H0403,H0403,23.08000,112.37000,0,70000000000.0,地表,900.00
GD,SS001,SS001,23.09000,113.98000,0,70000000000.0,地表,253.12
GD,LH003,LH003,23.34000,114.12000,0,70000000000.0,地表,800.02
GD,HG002,HG002,23.53000,112.17000,0,70000000000.0,地表,229.87
GD,SD002,SD002,22.92000,113.84000,0,70000000000.0,地表,382.39
GD,H0412,H0412,22.99000,112.42000,0,70000000000.0,地表,595.20
GD,H0411,H0411,23.17000,112.28000,0,70000000000.0,地表,357.34
GD,H0410,H0410,22.95000,112.46000,0,70000000000.0,地表,287.74
GD,J0309,J0309,22.72000,112.86000,0,70000000000.0,地表,297.11
GD,L2203,L2203,23.29000,114.13000,0,70000000000.0,地表,512.18
GD,L2215,L2215,23.20000,114.10000,0,70000000000.0,地表,333.62
GD,T0004,T0004,22.67000,113.30000,0,70000000000.0,地表,180.00
GD,TS001,TS001,22.69000,113.42000,0,70000000000.0,地表,231.57
GD,J0307,J0307,22.66000,113.09000,0,70000000000.0,地表,600.00
GD,L2205,L2205,23.16000,114.09000,0,70000000000.0,地表,239.70
GD,A1503,A1503,22.71000,113.52000,0,70000000000.0,地表,180.31
GD,T0010,T0010,22.67000,113.41000,0,70000000000.0,地表,213.27
GD,E0801,E0801,22.82000,112.56000,0,70000000000.0,地表,709.96
GD,H0416,H0416,22.95000,112.39000,0,70000000000.0,地表,249.31
GD,RY001,RY001,24.47000,112.63000,0,70000000000.0,地表,447.68
GD,S0007,S0007,22.76000,113.69000,0,70000000000.0,地表,600.00
GD,J0308,J0308,22.64000,113.04000,0,70000000000.0,地表,900.00
GD,SD001,SD001,22.93000,113.94000,0,70000000000.0,地表,279.26
GD,T0016,T0016,22.63000,113.24000,0,70000000000.0,地表,205.33
GD,L2206,L2206,23.10000,114.09000,0,70000000000.0,地表,221.48
GD,H0402,H0402,22.95000,112.37000,0,70000000000.0,地表,237.56
GD,S0017,S0017,22.80000,113.79000,0,70000000000.0,地表,231.15
GD,H0406,H0406,22.91000,112.40000,0,70000000000.0,地表,484.55
GD,JH001,JH001,22.64000,112.82000,0,70000000000.0,地表,642.44
GD,H2613,H2613,23.10000,112.20000,0,70000000000.0,地表,900.00
GD,T0008,T0008,22.63000,113.50000,0,70000000000.0,地表,216.18
GD,A1312,A1312,22.65000,113.57000,0,70000000000.0,地表,180.00
GD,W0302,W0302,23.07000,112.20000,0,70000000000.0,地表,900.00
GD,S0001,S0001,22.94000,114.04000,0,70000000000.0,地表,362.21
GD,J8409,J8409,22.63000,112.78000,0,70000000000.0,地表,726.46
GD,L0213,L0213,23.08000,114.15000,0,70000000000.0,地表,900.00
GD,AN001,AN001,22.64000,113.60000,0,70000000000.0,地表,206.92
GD,S0016,S0016,22.97000,114.09000,0,70000000000.0,地表,339.03
GD,B0602,B0602,22.77000,113.88000,0,70000000000.0,地表,308.95
GD,W0205,W0205,22.94000,112.24000,0,70000000000.0,地表,399.11
GD,W0206,W0206,22.89000,112.28000,0,70000000000.0,地表,563.47
GD,B0601,B0601,22.71000,113.85000,0,70000000000.0,地表,900.00
GD,B1101,B1101,22.76000,113.96000,0,70000000000.0,地表,900.00
GD,FW001,FW001,24.35000,114.12000,0,70000000000.0,地表,438.62
GD,W0201,W0201,22.95000,112.17000,0,70000000000.0,地表,900.00
GD,B0901,B0901,22.73000,114.03000,0,70000000000.0,地表,356.89
GD,W0207,W0207,22.83000,112.19000,0,70000000000.0,地表,559.77
GD,W2101,W2101,22.77000,112.23000,0,70000000000.0,地表,402.82
GD,W2103,W2103,22.69000,112.30000,0,70000000000.0,地表,664.88
GD,B0603,B0603,22.72000,114.10000,0,70000000000.0,地表,320.05
GD,W2111,W2111,22.67000,112.26000,0,70000000000.0,地表,532.22
GD,W2107,W2107,22.69000,112.21000,0,70000000000.0,地表,339.19
GD,B0705,B0705,22.62000,114.14000,0,70000000000.0,地表,572.94
GD,W2108,W2108,22.63000,112.17000,0,70000000000.0,地表,485.01
SC,EX002,EX002,27.79000,105.42000,0,70000000000.0,地表,856.22
YN,C2906,C2906,27.87000,105.16000,0,70000000000.0,地表,799.77
YN,C2909,C2909,27.93000,105.12000,0,70000000000.0,地表,900.00
YN,C2904,C2904,28.00000,105.05000,0,70000000000.0,地表,719.68
SC,W2209,W2209,27.48000,101.35000,0,70000000000.0,地表,456.99
YN,M0204,M0204,24.97000,98.88000,0,70000000000.0,地表,297.81
YN,M2108,M2108,24.86000,99.12000,0,70000000000.0,地表,262.77
YN,M0207,M0207,25.01000,99.01000,0,70000000000.0,地表,407.81
YN,M0205,M0205,25.16000,98.82000,0,70000000000.0,地表,634.35
YN,M0212,M0212,24.91000,99.33000,0,70000000000.0,地表,440.69
YN,S2102,S2102,24.79000,99.79000,0,70000000000.0,地表,643.16
YN,MC001,MC001,24.84000,99.61000,0,70000000000.0,地表,288.40
YN,M2404,M2404,24.91000,99.44000,0,70000000000.0,地表,607.69
YN,Q2303,Q2303,27.24000,98.89000,0,70000000000.0,地表,439.07
YN,M0215,M0215,25.18000,99.02000,0,70000000000.0,地表,786.33
YN,R0116,R0116,27.64000,99.74000,0,70000000000.0,地表,486.06
SC,YBHM,YBHM,26.83000,101.44000,0,70000000000.0,基岩,681.57
YN,PYL02,PYL02,27.61000,100.36000,0,70000000000.0,基岩,722.32
YN,M0202,M0202,25.02000,99.37000,0,70000000000.0,地表,475.91
YN,E2406,E2406,25.15000,100.91000,0,70000000000.0,地表,678.99
YN,M0217,M0217,25.35000,98.91000,0,70000000000.0,地表,630.69
SC,D2215,D2215,26.92000,101.35000,0,70000000000.0,地表,767.53
SC,D2211,D2211,27.00000,101.29000,0,70000000000.0,地表,581.90
YN,PHP01,PHP01,26.86000,101.34000,0,70000000000.0,基岩,458.93
YN,P2405,P2405,27.17000,101.09000,0,70000000000.0,地表,397.84
YN,RX005,RX005,27.56000,99.81000,0,70000000000.0,地表,459.23
YN,M2411,M2411,24.99000,99.67000,0,70000000000.0,地表,900.00
YN,Q0105,Q0105,26.01000,98.61000,0,70000000000.0,地表,739.60
YN,M0209,M0209,25.11000,99.36000,0,70000000000.0,地表,596.50
YN,R2303,R2303,27.34000,99.23000,0,70000000000.0,地表,900.00
YN,R2302,R2302,27.30000,99.17000,0,70000000000.0,地表,900.00
YN,M0203,M0203,25.18000,99.27000,0,70000000000.0,地表,674.96
YN,M0206,M0206,25.54000,98.86000,0,70000000000.0,地表,648.24
YN,P2417,P2417,27.21000,100.97000,0,70000000000.0,地表,629.06
YN,P2415,P2415,27.28000,100.84000,0,70000000000.0,地表,750.17
YN,M2405,M2405,25.06000,99.64000,0,70000000000.0,地表,900.00
YN,M0201,M0201,25.26000,99.20000,0,70000000000.0,地表,528.58
YN,P2115,P2115,27.39000,99.47000,0,70000000000.0,地表,540.81
YN,P2304,P2304,26.86000,101.23000,0,70000000000.0,地表,896.15
YN,Q0106,Q0106,25.65000,98.85000,0,70000000000.0,地表,665.80
YN,P2119,P2119,27.45000,100.22000,0,70000000000.0,地表,900.00
YN,P2410,P2410,27.14000,100.92000,0,70000000000.0,地表,565.75
YN,M0208,M0208,25.27000,99.34000,0,70000000000.0,地表,900.00
YN,PYL01,PYL01,27.39000,100.36000,0,70000000000.0,基岩,900.00
YN,L2502,L2502,25.19000,100.51000,0,70000000000.0,地表,750.82
YN,L2804,L2804,25.23000,99.46000,0,70000000000.0,地表,641.41
YN,R2305,R2305,27.04000,99.10000,0,70000000000.0,地表,900.00
YN,L2908,L2908,25.70000,98.96000,0,70000000000.0,地表,900.00
YN,R0106,R0106,27.36000,99.91000,0,70000000000.0,地表,900.00
YN,P2106,P2106,27.30000,99.65000,0,70000000000.0,地表,710.62
YN,L2904,L2904,25.54000,99.12000,0,70000000000.0,地表,900.00
YN,Q0102,Q0102,26.02000,98.87000,0,70000000000.0,地表,900.00
YN,P2403,P2403,27.20000,100.59000,0,70000000000.0,地表,900.00
YN,PNL03,PNL03,27.19000,100.60000,0,70000000000.0,基岩,572.51
YN,P2103,P2103,27.30000,100.25000,0,70000000000.0,地表,732.86
YN,P2110,P2110,27.27000,100.37000,0,70000000000.0,地表,534.22
YN,LWS01,LWS01,25.24000,100.32000,0,70000000000.0,基岩,590.95
YN,P2109,P2109,27.18000,99.47000,0,70000000000.0,地表,628.78
YN,Q0101,Q0101,26.22000,98.87000,0,70000000000.0,地表,900.00
YN,Q2305,Q2305,26.54000,98.92000,0,70000000000.0,地表,900.00
YN,Q2508,Q2508,26.95000,99.17000,0,70000000000.0,地表,633.81
YN,Q2302,Q2302,26.47000,98.91000,0,70000000000.0,地表,860.32
YN,P2414,P2414,26.88000,100.94000,0,70000000000.0,地表,576.03
YN,P2408,P2408,26.99000,100.80000,0,70000000000.0,地表,806.59
YN,Q0103,Q0103,25.85000,99.02000,0,70000000000.0,地表,900.00
YN,P2409,P2409,27.07000,100.66000,0,70000000000.0,地表,653.26
YN,P2303,P2303,26.60000,101.06000,0,70000000000.0,地表,867.16
YN,LYB02,LYB02,25.28000,99.90000,0,70000000000.0,基岩,729.55
YN,P2411,P2411,26.70000,101.00000,0,70000000000.0,地表,537.65
YN,Q2506,Q2506,26.87000,99.19000,0,70000000000.0,地表,900.00
YN,R2307,R2307,27.02000,99.36000,0,70000000000.0,地表,635.55
YN,L2802,L2802,25.33000,99.78000,0,70000000000.0,地表,444.03
YN,L2910,L2910,25.65000,99.22000,0,70000000000.0,地表,900.00
YN,R0107,R0107,27.21000,100.04000,0,70000000000.0,地表,633.88
YN,PGC01,PGC01,27.15000,100.40000,0,70000000000.0,基岩,900.00
YN,L2902,L2902,25.61000,99.29000,0,70000000000.0,地表,843.34
YN,L2803,L2803,25.39000,99.67000,0,70000000000.0,地表,843.61
YN,L2506,L2506,25.41000,100.44000,0,70000000000.0,地表,430.47
YN,QL002,QL002,26.74000,99.16000,0,70000000000.0,地表,900.00
YN,P2413,P2413,26.85000,100.81000,0,70000000000.0,地表,413.44
YN,P2210,P2210,26.49000,101.01000,0,70000000000.0,地表,609.13
YN,RX004,RX004,27.15000,99.84000,0,70000000000.0,地表,717.71
YN,L2905,L2905,25.74000,99.21000,0,70000000000.0,地表,900.00
YN,LYP01,LYP01,25.49000,99.52000,0,70000000000.0,基岩,406.82
YN,P2101,P2101,27.13000,100.23000,0,70000000000.0,地表,596.92
YN,P2107,P2107,27.10000,99.71000,0,70000000000.0,地表,557.14
YN,P2211,P2211,26.77000,100.83000,0,70000000000.0,地表,601.99
YN,P2201,P2201,26.28000,101.00000,0,70000000000.0,地表,844.60
YN,QL001,QL001,26.87000,99.38000,0,70000000000.0,地表,679.86
YN,LY002,LY002,26.08000,99.12000,0,70000000000.0,地表,561.21
YN,Q2501,Q2501,26.70000,99.24000,0,70000000000.0,地表,900.00
YN,P2203,P2203,26.87000,100.64000,0,70000000000.0,地表,900.00
YN,L2911,L2911,25.76000,99.32000,0,70000000000.0,地表,809.88
YN,Q2505,Q2505,26.47000,99.16000,0,70000000000.0,地表,900.00
YN,Q2507,Q2507,26.36000,99.14000,0,70000000000.0,地表,900.00
YN,PY005,PY005,26.56000,100.85000,0,70000000000.0,地表,282.74
YN,L2801,L2801,25.63000,99.49000,0,70000000000.0,地表,667.44
YN,Q2504,Q2504,26.22000,99.15000,0,70000000000.0,地表,900.00
YN,PYS04,PYS04,26.69000,100.77000,0,70000000000.0,基岩,588.81
YN,L2903,L2903,25.71000,99.40000,0,70000000000.0,地表,865.89
YN,LY003,LY003,25.54000,99.69000,0,70000000000.0,地表,548.84
YN,P2207,P2207,26.88000,100.56000,0,70000000000.0,地表,900.00
YN,LW002,LW002,25.49000,99.99000,0,70000000000.0,地表,900.00
YN,L2806,L2806,25.69000,99.46000,0,70000000000.0,地表,900.00
YN,Q2502,Q2502,26.51000,99.24000,0,70000000000.0,地表,604.27
YN,P0203,P0203,26.95000,100.36000,0,70000000000.0,地表,499.04
YN,PY004,PY004,26.75000,100.66000,0,70000000000.0,地表,318.41
YN,L2912,L2912,25.81000,99.37000,0,70000000000.0,地表,716.88
YN,P2111,P2111,26.99000,99.90000,0,70000000000.0,地表,900.00
YN,P2117,P2117,26.96000,100.21000,0,70000000000.0,地表,370.62
YN,L0102,L0102,25.56000,100.12000,0,70000000000.0,地表,900.00
YN,P0201,P0201,26.88000,100.36000,0,70000000000.0,地表,671.84
YN,LY001,LY001,26.07000,99.31000,0,70000000000.0,地表,900.00
YN,P2407,P2407,26.87000,99.71000,0,70000000000.0,地表,753.02
YN,L2203,L2203,25.61000,99.84000,0,70000000000.0,地表,900.00
YN,L2201,L2201,25.67000,99.69000,0,70000000000.0,地表,745.22
YN,PGC02,PGC02,26.90000,100.23000,0,70000000000.0,基岩,606.69
YN,P2108,P2108,26.92000,100.05000,0,70000000000.0,地表,900.00
YN,PY003,PY003,26.76000,100.49000,0,70000000000.0,地表,900.00
YN,Q2503,Q2503,26.68000,99.49000,0,70000000000.0,地表,533.92
YN,LYL04,LYL04,25.75000,99.61000,0,70000000000.0,基岩,881.26
YN,L2906,L2906,25.83000,99.52000,0,70000000000.0,地表,845.44
YN,P2112,P2112,26.87000,99.94000,0,70000000000.0,地表,900.00
YN,P2206,P2206,26.63000,100.57000,0,70000000000.0,地表,897.28
YN,P2120,P2120,26.86000,100.11000,0,70000000000.0,地表,534.34
YN,P0205,P0205,26.81000,100.30000,0,70000000000.0,地表,900.00
YN,L2909,L2909,26.05000,99.44000,0,70000000000.0,地表,610.16
YN,PYL04,PYL04,26.80000,99.84000,0,70000000000.0,基岩,666.53
YN,LYL01,LYL01,26.28000,99.41000,0,70000000000.0,基岩,625.16
YN,L2901,L2901,26.19000,99.43000,0,70000000000.0,地表,767.29
YN,PG001,PG001,26.75000,100.27000,0,70000000000.0,地表,668.39
YN,P0204,P0204,26.69000,100.38000,0,70000000000.0,地表,900.00
YN,P2113,P2113,26.77000,100.09000,0,70000000000.0,地表,445.15
YN,PY001,PY001,26.77000,99.99000,0,70000000000.0,地表,900.00
YN,P2208,P2208,26.23000,100.58000,0,70000000000.0,地表,635.19
YN,L3102,L3102,26.53000,99.59000,0,70000000000.0,地表,641.37
YN,L3003,L3003,25.87000,99.74000,0,70000000000.0,地表,900.00
YN,P0202,P0202,26.63000,100.35000,0,70000000000.0,地表,779.57
YN,P2104,P2104,26.68000,99.80000,0,70000000000.0,地表,786.80
YN,L3105,L3105,26.26000,99.52000,0,70000000000.0,地表,822.09
YN,L2204,L2204,25.82000,99.89000,0,70000000000.0,地表,765.09
YN,LE003,LE003,25.96000,99.67000,0,70000000000.0,地表,574.53
YN,L3103,L3103,26.42000,99.60000,0,70000000000.0,地表,428.98
YN,L3203,L3203,26.61000,100.17000,0,70000000000.0,地表,426.15
YN,P2105,P2105,26.62000,99.96000,0,70000000000.0,地表,570.86
YN,LD003,LD003,25.91000,100.10000,0,70000000000.0,地表,727.13
YN,L3104,L3104,26.37000,99.67000,0,70000000000.0,地表,761.65
YN,L3201,L3201,26.32000,100.40000,0,70000000000.0,地表,900.00
YN,L3001,L3001,25.98000,99.82000,0,70000000000.0,地表,695.89
YN,LHQ02,LHQ02,26.42000,100.35000,0,70000000000.0,基岩,674.90
YN,L3002,L3002,26.18000,99.68000,0,70000000000.0,地表,731.95
YN,L0104,L0104,25.96000,100.13000,0,70000000000.0,地表,459.66
YN,LJ002,LJ002,26.49000,99.80000,0,70000000000.0,地表,524.76
YN,LHQ03,LHQ03,26.55000,100.15000,0,70000000000.0,基岩,454.28
YN,LEY02,LEY02,25.96000,99.99000,0,70000000000.0,基岩,601.50
YN,LJC01,LJC01,26.52000,99.88000,0,70000000000.0,基岩,745.29
YN,L3004,L3004,25.99000,99.93000,0,70000000000.0,地表,487.05
YN,LE002,LE002,26.10000,99.77000,0,70000000000.0,地表,884.83
YN,LHQ01,LHQ01,26.13000,100.30000,0,70000000000.0,基岩,789.55
YN,LH001,LH001,26.36000,100.20000,0,70000000000.0,地表,461.92
YN,LJ001,LJ001,26.32000,99.85000,0,70000000000.0,地表,302.14
YN,L3101,L3101,26.42000,99.98000,0,70000000000.0,地表,900.00
YN,L3202,L3202,26.27000,100.17000,0,70000000000.0,地表,502.17
YN,LE001,LE001,26.25000,99.98000,0,70000000000.0,地表,435.13
GX,M0003,M0003,24.16000,107.22000,0,70000000000.0,地表,898.27
GX,MF001,MF001,24.54000,107.06000,0,70000000000.0,地表,900.00
YN,S2404,S2404,24.06000,98.97000,0,70000000000.0,地表,251.35
YN,M2306,M2306,24.20000,98.91000,0,70000000000.0,地表,584.76
YN,ML002,ML002,24.32000,99.04000,0,70000000000.0,地表,513.81
YN,M2308,M2308,24.34000,98.93000,0,70000000000.0,地表,464.53
YN,MLL02,MLL02,24.31000,98.74000,0,70000000000.0,基岩,431.66
YN,N0303,N0303,24.28000,98.46000,0,70000000000.0,地表,489.58
YN,M0210,M0210,25.37000,99.06000,0,70000000000.0,地表,885.56
YN,M0216,M0216,25.46000,99.02000,0,70000000000.0,地表,800.53
YN,M2302,M2302,24.73000,98.91000,0,70000000000.0,地表,851.70
YN,MLY02,MLY02,25.40000,98.86000,0,70000000000.0,基岩,683.97
YN,M2311,M2311,24.79000,98.82000,0,70000000000.0,地表,833.98
YN,M8109,M8109,25.50000,98.55000,0,70000000000.0,地表,710.33
YN,M8112,M8112,25.29000,98.68000,0,70000000000.0,地表,685.91
YN,MT002,MT002,24.95000,98.44000,0,70000000000.0,地表,546.48
YN,M8104,M8104,25.20000,98.33000,0,70000000000.0,地表,516.34
XZ,YAD,YAD,27.47000,88.90000,0,70000000000.0,基岩,822.94
XZ,D0009,D0009,29.68000,89.08000,0,70000000000.0,地表,769.26
XZ,D0005,D0005,28.24000,88.41000,0,70000000000.0,地表,391.71
XZ,DX001,DX001,29.44000,88.26000,0,70000000000.0,基岩,441.40
XZ,D0001,D0001,29.30000,87.24000,0,70000000000.0,地表,530.73
XZ,DS002,DS002,28.90000,88.02000,0,70000000000.0,基岩,900.00
GS,KK001,KK001,33.22000,105.50000,0,70000000000.0,地表,601.25
SC,H1104,H1104,32.34000,105.71000,0,70000000000.0,地表,703.73
SC,H1205,H1205,32.56000,105.85000,0,70000000000.0,地表,744.37
SC,HT002,HT002,32.77000,105.90000,0,70000000000.0,地表,638.31
SC,H0201,H0201,32.44000,105.57000,0,70000000000.0,地表,900.00
SC,H1201,H1201,32.82000,105.87000,0,70000000000.0,地表,838.59
SC,H1207,H1207,32.52000,105.72000,0,70000000000.0,地表,775.57
SC,H1202,H1202,32.71000,105.83000,0,70000000000.0,地表,856.90
SC,HL001,HL001,32.53000,105.63000,0,70000000000.0,地表,900.00
SC,CTDXH,CTDXH,32.64000,105.75000,0,70000000000.0,基岩,749.55
SN,F0013,F0013,32.82000,105.77000,0,70000000000.0,地表,692.95
SC,H2205,H2205,32.54000,105.45000,0,70000000000.0,地表,823.33
GS,WUDFX,WUDFX,32.90000,105.31000,0,70000000000.0,基岩,900.00
SN,FQ001,FQ001,32.79000,105.71000,0,70000000000.0,地表,700.50
GS,WEGBK,WEGBK,32.74000,105.28000,0,70000000000.0,基岩,898.47
GS,K0017,K0017,32.85000,105.32000,0,70000000000.0,地表,900.00
SC,H2208,H2208,32.63000,105.40000,0,70000000000.0,地表,612.70
GS,KW003,KW003,32.75000,105.32000,0,70000000000.0,地表,628.46
SN,NQGQM,NQGQM,32.84000,105.58000,0,70000000000.0,基岩,738.67
SC,HQ001,HQ001,32.68000,105.51000,0,70000000000.0,地表,660.27
SC,V3071,V3071台,32.27000,99.26000,0,70000000000.0,地表,900.00
SC,V3072,V3072台,31.80000,98.59000,0,70000000000.0,地表,900.00
XZ,JDA,江达台,31.44000,98.14000,0,70000000000.0,基岩,727.03
SC,DMZJ,达马镇基准站,31.64000,99.01000,0,70000000000.0,基岩,900.00
XZ,BG001,BG001,30.86000,98.27000,0,70000000000.0,地表,638.21
SC,JSZJ,建设镇基准站,31.18000,98.83000,0,70000000000.0,基岩,900.00
YN,E0109,E0109,25.01000,100.95000,0,70000000000.0,地表,900.00
YN,ENH01,ENH01,25.29000,101.18000,0,70000000000.0,基岩,469.44
YN,MCN03,MCN03,24.88000,99.65000,0,70000000000.0,基岩,462.85
YN,M8110,M8110,25.73000,98.57000,0,70000000000.0,地表,811.85
YN,S2111,S2111,24.91000,99.97000,0,70000000000.0,地表,394.43
YN,M2409,M2409,25.10000,99.89000,0,70000000000.0,地表,580.19
YN,M0211,M0211,25.57000,98.98000,0,70000000000.0,地表,900.00
YN,LY004,LY004,25.15000,99.73000,0,70000000000.0,地表,713.46
YN,L2707,L2707,25.16000,100.14000,0,70000000000.0,地表,900.00
YN,L2805,L2805,25.29000,99.46000,0,70000000000.0,地表,551.97
YN,L2807,L2807,25.32000,99.40000,0,70000000000.0,地表,900.00
YN,QL003,QL003,26.39000,98.90000,0,70000000000.0,地表,633.78
YN,L2205,L2205,25.47000,99.91000,0,70000000000.0,地表,900.00
XZ,ES001,ES001,30.83000,91.62000,0,70000000000.0,基岩,532.01
YN,CQJ04,CQJ04,26.88000,103.28000,0,70000000000.0,基岩,860.60
YN,NRL01,NRL01,24.09000,98.07000,0,70000000000.0,基岩,590.67
SC,W2302,W2302,27.82000,101.87000,0,70000000000.0,地表,626.07
SC,WY005,WY005,27.65000,101.85000,0,70000000000.0,地表,485.99
SC,W2313,W2313,27.51000,101.88000,0,70000000000.0,地表,637.90
SC,W2301,W2301,27.64000,101.67000,0,70000000000.0,地表,639.32
SC,WX004,WX004,27.81000,101.30000,0,70000000000.0,地表,583.86
SC,W2406,W2406,27.25000,101.93000,0,70000000000.0,地表,900.00
SC,YYU,盐源台,27.47000,101.68000,0,70000000000.0,基岩,588.90
SC,W2202,W2202,27.62000,101.50000,0,70000000000.0,地表,398.41
SC,W2304,W2304,27.56000,101.55000,0,70000000000.0,地表,533.92
SC,W2371,W2371台,27.28000,101.81000,0,70000000000.0,地表,506.71
SC,W2211,W2211,27.40000,101.67000,0,70000000000.0,地表,580.09
SC,D2103,D2103,27.12000,101.90000,0,70000000000.0,地表,900.00
SC,W2308,W2308,27.57000,101.39000,0,70000000000.0,地表,486.86
SC,W2311,W2311,27.41000,101.58000,0,70000000000.0,地表,506.30
SC,W2306,W2306,27.48000,101.49000,0,70000000000.0,地表,368.18
SC,W2217,W2217,27.59000,101.32000,0,70000000000.0,地表,570.96
SC,YYMY,YYMY,27.57000,101.32000,0,70000000000.0,基岩,397.41
SC,D2102,D2102,27.04000,101.89000,0,70000000000.0,地表,766.03
SC,WY004,WY004,27.45000,101.40000,0,70000000000.0,地表,251.59
SC,D2203,D2203,27.09000,101.76000,0,70000000000.0,地表,544.13
SC,D2206,D2206,27.23000,101.58000,0,70000000000.0,地表,850.05
SC,W2305,W2305,27.71000,100.98000,0,70000000000.0,地表,900.00
SC,D2104,D2104,27.02000,101.79000,0,70000000000.0,地表,900.00
SC,D2108,D2108,26.86000,101.95000,0,70000000000.0,地表,682.99
SC,DM001,DM001,26.93000,101.87000,0,70000000000.0,地表,900.00
SC,W2314,W2314,27.62000,101.01000,0,70000000000.0,地表,611.59
SC,W2309,W2309,27.79000,100.73000,0,70000000000.0,地表,442.17
SC,D2201,D2201,27.02000,101.66000,0,70000000000.0,地表,852.45
SC,MYDS,MYDS,26.81000,101.87000,0,70000000000.0,基岩,615.36
SC,YYHC,YYHC,27.30000,101.32000,0,70000000000.0,基岩,410.55
SC,D2207,D2207,27.11000,101.53000,0,70000000000.0,地表,822.92
SC,YBGS,YBGS,27.14000,101.49000,0,70000000000.0,基岩,900.00
YN,PN001,PN001,27.67000,100.82000,0,70000000000.0,地表,542.81
SC,DY001,DY001,26.94000,101.70000,0,70000000000.0,地表,517.18
SC,W2303,W2303,27.50000,101.04000,0,70000000000.0,地表,900.00
SC,W2310,W2310,27.52000,101.00000,0,70000000000.0,地表,879.43
YN,P2412,P2412,27.75000,100.66000,0,70000000000.0,地表,313.14
SC,D2107,D2107,26.84000,101.76000,0,70000000000.0,地表,900.00
SC,YYTZ,YYTZ,27.49000,101.01000,0,70000000000.0,基岩,588.66
SC,WY003,WY003,27.35000,101.17000,0,70000000000.0,地表,822.14
SC,D2204,D2204,27.03000,101.50000,0,70000000000.0,地表,811.40
SC,DY003,DY003,26.66000,101.85000,0,70000000000.0,地表,565.43
SC,D2209,D2209,26.81000,101.69000,0,70000000000.0,地表,900.00
SC,D2210,D2210,27.05000,101.39000,0,70000000000.0,地表,900.00
YN,PNL04,PNL04,27.74000,100.47000,0,70000000000.0,基岩,900.00
SC,D2202,D2202,27.11000,101.30000,0,70000000000.0,地表,900.00
SC,D2216,D2216,26.90000,101.53000,0,70000000000.0,地表,900.00
SC,YBGSL,YBGSL,27.13000,101.27000,0,70000000000.0,基岩,478.16
SC,D2208,D2208,26.47000,101.94000,0,70000000000.0,地表,801.39
YN,PNL02,PNL02,27.43000,100.89000,0,70000000000.0,基岩,576.09
SC,D1108,D1108,26.69000,101.72000,0,70000000000.0,地表,595.66
SC,D2214,D2214,26.93000,101.44000,0,70000000000.0,地表,556.96
SC,DD001,DD001,26.60000,101.73000,0,70000000000.0,地表,626.39
YN,P2416,P2416,27.42000,100.79000,0,70000000000.0,地表,362.63
SC,D0201,D0201,26.55000,101.77000,0,70000000000.0,地表,900.00
SC,D1104,D1104,26.37000,101.93000,0,70000000000.0,地表,700.05
YN,PNL05,PNL05,27.29000,100.94000,0,70000000000.0,基岩,520.07
YN,R0111,R0111,27.79000,100.20000,0,70000000000.0,地表,471.25
YN,P2118,P2118,27.62000,100.43000,0,70000000000.0,地表,900.00
YN,PNL01,PNL01,27.44000,100.69000,0,70000000000.0,基岩,900.00
SC,D1103,D1103,26.37000,101.86000,0,70000000000.0,地表,452.70
SC,D1107,D1107,26.71000,101.53000,0,70000000000.0,地表,426.47
SC,D1102,D1102,26.66000,101.58000,0,70000000000.0,地表,550.00
YN,P2404,P2404,27.56000,100.48000,0,70000000000.0,地表,900.00
SC,D0301,D0301,26.59000,101.63000,0,70000000000.0,地表,676.50
SC,D1110,D1110,26.40000,101.77000,0,70000000000.0,地表,754.32
YN,P2401,P2401,26.98000,101.16000,0,70000000000.0,地表,502.59
YN,R0108,R0108,27.84000,99.92000,0,70000000000.0,地表,405.55
YN,R0118,R0118,27.73000,100.09000,0,70000000000.0,地表,900.00
SC,DX001,DX001,26.60000,101.54000,0,70000000000.0,地表,783.65
YN,P2406,P2406,27.27000,100.75000,0,70000000000.0,地表,770.47
SC,DR001,DR001,26.32000,101.78000,0,70000000000.0,地表,622.59
SC,D1106,D1106,26.54000,101.57000,0,70000000000.0,地表,541.97
SC,D1109,D1109,26.42000,101.66000,0,70000000000.0,地表,699.54
SC,RHPD,RHPD,26.20000,101.84000,0,70000000000.0,基岩,399.09
SC,W2508,W2508,26.11000,101.91000,0,70000000000.0,地表,570.63
SC,D1101,D1101,26.31000,101.72000,0,70000000000.0,地表,734.95
YN,PN002,PN002,27.00000,100.98000,0,70000000000.0,地表,501.60
SC,D1105,D1105,26.60000,101.42000,0,70000000000.0,地表,266.08
YN,E2802,E2802,26.06000,101.91000,0,70000000000.0,地表,614.68
YN,P2402,P2402,27.30000,100.58000,0,70000000000.0,地表,900.00
YN,P2102,P2102,27.50000,100.28000,0,70000000000.0,地表,900.00
YN,P2302,P2302,26.58000,101.36000,0,70000000000.0,地表,496.66
YN,P2305,P2305,26.73000,101.19000,0,70000000000.0,地表,759.26
YN,EY002,EY002,26.35000,101.53000,0,70000000000.0,地表,683.56
YN,R0113,R0113,27.52000,100.04000,0,70000000000.0,地表,798.69
YN,E2801,E2801,25.90000,101.86000,0,70000000000.0,地表,420.19
YN,PNL06,PNL06,26.80000,101.00000,0,70000000000.0,基岩,706.90
YN,E2703,E2703,26.16000,101.64000,0,70000000000.0,地表,390.87
YN,P2301,P2301,26.49000,101.33000,0,70000000000.0,地表,852.62
YN,PHP02,PHP02,26.59000,101.20000,0,70000000000.0,基岩,476.18
YN,EY001,EY001,25.82000,101.86000,0,70000000000.0,地表,530.34
YN,E2705,E2705,26.33000,101.41000,0,70000000000.0,地表,654.79
YN,R0114,R0114,27.37000,100.14000,0,70000000000.0,地表,894.62
YN,EYR01,EYR01,26.04000,101.66000,0,70000000000.0,基岩,397.41
YN,E2807,E2807,25.88000,101.78000,0,70000000000.0,地表,359.56
YN,RD004,RD004,27.80000,99.30000,0,70000000000.0,地表,900.00
YN,E2702,E2702,26.10000,101.57000,0,70000000000.0,地表,340.28
YN,EYM01,EYM01,25.69000,101.86000,0,70000000000.0,基岩,447.76
YN,E2804,E2804,25.77000,101.78000,0,70000000000.0,地表,254.09
YN,E2611,E2611,26.23000,101.37000,0,70000000000.0,地表,579.21
YN,E2701,E2701,25.92000,101.64000,0,70000000000.0,地表,385.74
YN,E2806,E2806,25.49000,101.93000,0,70000000000.0,地表,498.12
YN,ED001,ED001,26.36000,101.20000,0,70000000000.0,基岩,631.84
YN,E2706,E2706,26.14000,101.40000,0,70000000000.0,地表,875.09
YN,E2704,E2704,25.99000,101.53000,0,70000000000.0,地表,427.06
YN,PYS03,PYS03,26.45000,101.06000,0,70000000000.0,基岩,574.50
YN,RW003,RW003,27.61000,99.40000,0,70000000000.0,地表,900.00
YN,P2114,P2114,27.49000,99.56000,0,70000000000.0,地表,786.90
YN,E2607,E2607,26.23000,101.21000,0,70000000000.0,地表,817.86
YN,E2805,E2805,25.71000,101.66000,0,70000000000.0,地表,513.98
YN,EL002,EL002,25.30000,101.92000,0,70000000000.0,地表,390.76
YN,R2304,R2304,27.55000,99.32000,0,70000000000.0,地表,900.00
YN,E2305,E2305,25.58000,101.69000,0,70000000000.0,地表,581.69
YN,E3109,E3109,25.33000,101.86000,0,70000000000.0,地表,327.10
YN,E2609,E2609,25.82000,101.48000,0,70000000000.0,地表,778.88
YN,PYL03,PYL03,27.05000,100.12000,0,70000000000.0,基岩,900.00
YN,E2601,E2601,26.05000,101.27000,0,70000000000.0,地表,566.23
YN,E3106,E3106,25.18000,101.91000,0,70000000000.0,地表,555.47
YN,EDY02,EDY02,25.91000,101.35000,0,70000000000.0,基岩,900.00
YN,E2602,E2602,25.68000,101.54000,0,70000000000.0,地表,781.78
YN,RW002,RW002,27.60000,99.02000,0,70000000000.0,地表,900.00
YN,ELF02,ELF02,25.39000,101.73000,0,70000000000.0,基岩,900.00
YN,QG002,QG002,27.74000,98.66000,0,70000000000.0,地表,820.69
YN,E2604,E2604,26.13000,101.10000,0,70000000000.0,地表,898.70
YN,E2301,E2301,25.45000,101.66000,0,70000000000.0,地表,510.63
YN,E2610,E2610,26.19000,101.02000,0,70000000000.0,地表,900.00
YN,E3110,E3110,25.33000,101.69000,0,70000000000.0,地表,555.10
YN,E2606,E2606,25.91000,101.23000,0,70000000000.0,地表,588.94
YN,E3101,E3101,25.01000,101.88000,0,70000000000.0,地表,242.02
YN,E3102,E3102,25.17000,101.76000,0,70000000000.0,地表,420.83
YN,E2303,E2303,25.47000,101.55000,0,70000000000.0,地表,445.93
YN,E2506,E2506,25.56000,101.48000,0,70000000000.0,地表,426.97
YN,E2605,E2605,26.02000,101.07000,0,70000000000.0,地表,806.25
YN,EDY04,EDY04,26.14000,100.95000,0,70000000000.0,基岩,900.00
YN,EDY01,EDY01,25.73000,101.32000,0,70000000000.0,基岩,395.69
YN,E2306,E2306,25.26000,101.67000,0,70000000000.0,地表,657.85
YN,E2304,E2304,25.37000,101.58000,0,70000000000.0,地表,474.99
YN,E2608,E2608,25.80000,101.23000,0,70000000000.0,地表,388.40
YN,E2207,E2207,24.81000,101.92000,0,70000000000.0,地表,900.00
YN,E0102,E0102,24.95000,101.79000,0,70000000000.0,地表,508.42
YN,EMD02,EMD02,25.25000,101.59000,0,70000000000.0,基岩,221.50
YN,EDY03,EDY03,25.88000,101.09000,0,70000000000.0,基岩,564.01
YN,E2505,E2505,25.53000,101.38000,0,70000000000.0,地表,488.77
YN,ECX01,ECX01,25.07000,101.69000,0,70000000000.0,基岩,631.75
YN,F2502,F2502,24.59000,101.95000,0,70000000000.0,地表,525.42
YN,Q2301,Q2301,27.43000,98.82000,0,70000000000.0,地表,900.00
YN,E2206,E2206,24.74000,101.84000,0,70000000000.0,地表,553.50
YN,RW001,RW001,27.17000,99.30000,0,70000000000.0,地表,476.35
YN,R2309,R2309,27.12000,99.34000,0,70000000000.0,地表,437.07
YN,E2211,E2211,24.61000,101.85000,0,70000000000.0,地表,831.94
YN,EMD01,EMD01,25.35000,101.38000,0,70000000000.0,基岩,487.19
YN,E2503,E2503,25.58000,101.20000,0,70000000000.0,地表,481.09
YN,E2302,E2302,25.25000,101.44000,0,70000000000.0,地表,390.63
YN,E0106,E0106,24.82000,101.70000,0,70000000000.0,地表,900.00
YN,R2308,R2308,27.15000,99.16000,0,70000000000.0,地表,900.00
YN,ECX02,ECX02,25.03000,101.54000,0,70000000000.0,基岩,462.77
YN,E2507,E2507,25.65000,101.07000,0,70000000000.0,地表,596.73
YN,E2502,E2502,25.50000,101.17000,0,70000000000.0,地表,465.97
YN,E0114,E0114,25.10000,101.44000,0,70000000000.0,地表,425.69
YN,L2304,L2304,25.78000,100.90000,0,70000000000.0,地表,889.93
YN,P2116,P2116,26.79000,99.65000,0,70000000000.0,地表,882.47
YN,E2504,E2504,25.41000,101.17000,0,70000000000.0,地表,462.63
YN,E2213,E2213,24.32000,101.84000,0,70000000000.0,地表,819.08
YN,E0107,E0107,25.14000,101.36000,0,70000000000.0,地表,256.49
YN,F2707,F2707,24.16000,101.90000,0,70000000000.0,地表,900.00
YN,ES003,ES003,24.69000,101.63000,0,70000000000.0,地表,351.89
YN,E0105,E0105,24.93000,101.48000,0,70000000000.0,地表,384.88
YN,E2212,E2212,24.80000,101.55000,0,70000000000.0,地表,387.20
YN,EN001,EN001,25.20000,101.27000,0,70000000000.0,地表,350.30
YN,SUB,SUB,24.65000,101.61000,0,70000000000.0,基岩,390.53
YN,E2205,E2205,24.45000,101.71000,0,70000000000.0,地表,891.48
YN,E2501,E2501,25.46000,101.03000,0,70000000000.0,地表,501.39
YN,E2204,E2204,24.33000,101.74000,0,70000000000.0,地表,748.18
YN,E2407,E2407,25.10000,101.28000,0,70000000000.0,地表,416.36
YN,F2705,F2705,23.90000,101.90000,0,70000000000.0,地表,532.14
YN,E2409,E2409,25.24000,101.13000,0,70000000000.0,地表,383.60
YN,QF001,QF001,27.03000,98.86000,0,70000000000.0,地表,499.54
YN,E0116,E0116,24.81000,101.38000,0,70000000000.0,地表,453.06
YN,E2202,E2202,24.47000,101.57000,0,70000000000.0,地表,858.24
YN,E2408,E2408,24.97000,101.26000,0,70000000000.0,地表,783.20
YN,F2703,F2703,24.15000,101.71000,0,70000000000.0,地表,478.71
YN,E0104,E0104,24.87000,101.32000,0,70000000000.0,地表,900.00
YN,E2410,E2410,25.01000,101.22000,0,70000000000.0,地表,543.73
YN,E2208,E2208,24.53000,101.48000,0,70000000000.0,地表,853.65
YN,LX001,LX001,25.57000,100.74000,0,70000000000.0,地表,319.32
YN,L2306,L2306,25.34000,100.91000,0,70000000000.0,地表,463.39
YN,F2704,F2704,23.97000,101.70000,0,70000000000.0,地表,463.96
YN,E2405,E2405,25.16000,101.02000,0,70000000000.0,地表,629.90
YN,L2309,L2309,25.31000,100.90000,0,70000000000.0,地表,604.46
YN,L2302,L2302,25.49000,100.74000,0,70000000000.0,地表,416.78
YN,E0115,E0115,24.89000,101.17000,0,70000000000.0,地表,697.00
YN,FXP02,FXP02,23.81000,101.72000,0,70000000000.0,基岩,873.13
YN,E2201,E2201,24.28000,101.51000,0,70000000000.0,地表,900.00
YN,E0108,E0108,25.02000,101.04000,0,70000000000.0,地表,900.00
YN,E2209,E2209,24.46000,101.37000,0,70000000000.0,地表,900.00
YN,EC001,EC001,24.91000,101.09000,0,70000000000.0,地表,581.07
YN,E0111,E0111,24.64000,101.23000,0,70000000000.0,地表,459.11
YN,E0112,E0112,24.57000,101.27000,0,70000000000.0,地表,622.01
YN,L2308,L2308,25.37000,100.70000,0,70000000000.0,地表,417.62
YN,QLP01,QLP01,26.47000,99.42000,0,70000000000.0,基岩,900.00
YN,LX002,LX002,25.30000,100.74000,0,70000000000.0,地表,451.36
YN,LX003,LX003,25.57000,100.50000,0,70000000000.0,地表,418.78
YN,F2709,F2709,24.32000,101.38000,0,70000000000.0,地表,389.39
YN,E0113,E0113,24.77000,101.10000,0,70000000000.0,地表,900.00
YN,J2209,J2209,23.23000,101.75000,0,70000000000.0,地表,400.88
YN,Q2304,Q2304,26.70000,98.90000,0,70000000000.0,地表,900.00
YN,JM001,JM001,23.13000,101.76000,0,70000000000.0,地表,900.00
YN,ES002,ES002,24.46000,101.24000,0,70000000000.0,地表,560.08
YN,E0110,E0110,24.66000,101.09000,0,70000000000.0,地表,608.03
YN,E2402,E2402,25.09000,100.79000,0,70000000000.0,地表,900.00
YN,E2401,E2401,25.02000,100.83000,0,70000000000.0,地表,900.00
YN,LMD01,LMD01,25.49000,100.43000,0,70000000000.0,基岩,875.75
YN,E0101,E0101,24.87000,100.93000,0,70000000000.0,地表,736.77
YN,E0117,E0117,24.59000,101.09000,0,70000000000.0,地表,900.00
YN,J2508,J2508,24.11000,101.33000,0,70000000000.0,地表,636.32
YN,E2403,E2403,24.91000,100.86000,0,70000000000.0,地表,900.00
YN,J2503,J2503,23.93000,101.40000,0,70000000000.0,地表,828.07
YN,LDL01,LDL01,25.61000,100.25000,0,70000000000.0,基岩,600.00
YN,LM001,LM001,25.35000,100.49000,0,70000000000.0,地表,522.66
YN,L2501,L2501,25.12000,100.65000,0,70000000000.0,地表,546.39
YN,L2504,L2504,25.25000,100.54000,0,70000000000.0,地表,406.81
YN,J2504,J2504,24.21000,101.22000,0,70000000000.0,地表,900.00
YN,J2315,J2315,24.31000,101.16000,0,70000000000.0,地表,900.00
YN,L2505,L2505,25.04000,100.64000,0,70000000000.0,地表,429.11
YN,E2404,E2404,24.81000,100.79000,0,70000000000.0,地表,564.20
YN,J2303,J2303,24.28000,101.10000,0,70000000000.0,地表,789.87
YN,J2308,J2308,24.65000,100.88000,0,70000000000.0,地表,658.42
YN,L2503,L2503,24.92000,100.67000,0,70000000000.0,地表,900.00
YN,JMJ05,JMJ05,22.91000,101.56000,0,70000000000.0,基岩,575.56
YN,L2701,L2701,25.41000,100.24000,0,70000000000.0,地表,619.47
YN,K2301,K2301,21.74000,101.64000,0,70000000000.0,地表,433.68
YN,LNJ02,LNJ02,25.05000,100.52000,0,70000000000.0,基岩,546.67
YN,L2703,L2703,25.32000,100.28000,0,70000000000.0,地表,814.54
YN,J2314,J2314,24.65000,100.73000,0,70000000000.0,地表,764.46
YN,L2702,L2702,25.36000,100.14000,0,70000000000.0,地表,525.74
YN,L2709,L2709,25.16000,100.32000,0,70000000000.0,地表,524.22
YN,L2706,L2706,25.09000,100.37000,0,70000000000.0,地表,871.99
YN,L2601,L2601,24.92000,100.50000,0,70000000000.0,地表,374.85
YN,JJ003,JJ003,24.73000,100.62000,0,70000000000.0,地表,777.83
YN,L2708,L2708,25.10000,100.32000,0,70000000000.0,地表,791.49
YN,J2304,J2304,24.56000,100.72000,0,70000000000.0,地表,900.00
YN,L2604,L2604,24.79000,100.54000,0,70000000000.0,地表,729.31
YN,LW001,LW001,25.36000,100.03000,0,70000000000.0,地表,900.00
YN,L2603,L2603,25.01000,100.33000,0,70000000000.0,地表,501.09
YN,L2202,L2202,25.39000,99.89000,0,70000000000.0,地表,741.29
YN,L2907,L2907,25.96000,99.17000,0,70000000000.0,地表,900.00
YN,LNJ01,LNJ01,24.92000,100.28000,0,70000000000.0,基岩,619.89
YN,JN002,JN002,23.05000,101.21000,0,70000000000.0,地表,576.13
YN,L2705,L2705,24.98000,100.22000,0,70000000000.0,地表,900.00
YN,J2310,J2310,24.64000,100.48000,0,70000000000.0,地表,665.31
YN,L2602,L2602,24.84000,100.33000,0,70000000000.0,地表,847.60
YN,J2307,J2307,24.47000,100.57000,0,70000000000.0,地表,900.00
YN,S2205,S2205,24.74000,100.34000,0,70000000000.0,地表,575.42
YN,L2704,L2704,25.03000,100.06000,0,70000000000.0,地表,567.72
YN,S2107,S2107,24.87000,100.06000,0,70000000000.0,地表,900.00
YN,Q0104,Q0104,25.97000,98.68000,0,70000000000.0,地表,546.88
YN,QLS01,QLS01,25.83000,98.85000,0,70000000000.0,基岩,713.05
YN,SFQ01,SFQ01,24.84000,99.99000,0,70000000000.0,基岩,573.53
YN,M2402,M2402,25.00000,99.84000,0,70000000000.0,地表,474.41
YN,LYL02,LYL02,25.65000,99.09000,0,70000000000.0,基岩,417.99
YN,LYP02,LYP02,25.26000,99.57000,0,70000000000.0,基岩,736.86
YN,JN001,JN001,23.00000,100.88000,0,70000000000.0,地表,553.00
YN,ML003,ML003,25.45000,99.26000,0,70000000000.0,地表,778.56
YN,S2106,S2106,24.68000,100.03000,0,70000000000.0,地表,900.00
YN,SY001,SY001,24.44000,100.14000,0,70000000000.0,地表,536.30
YN,SFQ02,SFQ02,24.52000,100.01000,0,70000000000.0,基岩,900.00
YN,JS004,JS004,22.84000,100.78000,0,70000000000.0,地表,354.11
YN,SF001,SF001,24.58000,99.94000,0,70000000000.0,地表,543.62
YN,M8108,M8108,25.67000,98.68000,0,70000000000.0,地表,566.08
YN,MCN01,MCN01,25.05000,99.48000,0,70000000000.0,基岩,763.59
YN,JJ007,JJ007,23.21000,100.59000,0,70000000000.0,地表,459.09
YN,JJG03,JJG03,23.07000,100.63000,0,70000000000.0,基岩,900.00
YN,M2408,M2408,24.72000,99.70000,0,70000000000.0,地表,573.54
YN,S2104,S2104,24.62000,99.77000,0,70000000000.0,地表,488.56
YN,S2108,S2108,24.37000,99.93000,0,70000000000.0,地表,532.32
YN,SLX01,SLX01,23.88000,100.17000,0,70000000000.0,基岩,527.62
YN,MLY01,MLY01,25.12000,99.15000,0,70000000000.0,基岩,701.97
YN,M0214,M0214,25.27000,98.94000,0,70000000000.0,地表,557.57
YN,SYX02,SYX02,24.24000,99.90000,0,70000000000.0,基岩,900.00
YN,M2410,M2410,24.68000,99.55000,0,70000000000.0,地表,632.25
YN,SY003,SY003,24.15000,99.95000,0,70000000000.0,地表,788.80
YN,M2403,M2403,24.81000,99.40000,0,70000000000.0,地表,401.37
YN,M0213,M0213,25.00000,99.18000,0,70000000000.0,地表,348.05
YN,M2406,M2406,24.52000,99.64000,0,70000000000.0,地表,487.07
YN,MCN02,MCN02,24.70000,99.48000,0,70000000000.0,基岩,634.39
YN,S2103,S2103,24.29000,99.77000,0,70000000000.0,地表,347.32
YN,M2102,M2102,24.86000,99.24000,0,70000000000.0,地表,549.72
YN,SFQ03,SFQ03,24.37000,99.67000,0,70000000000.0,基岩,847.36
YN,S2210,S2210,24.10000,99.80000,0,70000000000.0,地表,524.73
YN,M2103,M2103,24.72000,99.29000,0,70000000000.0,地表,900.00
YN,JLC04,JLC04,22.66000,100.38000,0,70000000000.0,基岩,789.07
YN,S2306,S2306,24.20000,99.69000,0,70000000000.0,地表,584.05
YN,M2107,M2107,24.78000,99.16000,0,70000000000.0,地表,282.67
YN,S0204,S0204,23.85000,99.89000,0,70000000000.0,地表,900.00
YN,M2104,M2104,24.63000,99.29000,0,70000000000.0,地表,533.06
YN,MSD01,MSD01,24.72000,99.19000,0,70000000000.0,基岩,503.68
YN,JJG01,JJG01,23.11000,100.19000,0,70000000000.0,基岩,423.45
YN,S2312,S2312,24.03000,99.74000,0,70000000000.0,地表,640.05
YN,MS001,MS001,24.84000,99.03000,0,70000000000.0,地表,560.72
YN,M2407,M2407,24.52000,99.35000,0,70000000000.0,地表,845.21
YN,S2308,S2308,24.26000,99.56000,0,70000000000.0,地表,547.70
YN,SG002,SG002,23.95000,99.76000,0,70000000000.0,地表,441.03
YN,M2401,M2401,24.40000,99.43000,0,70000000000.0,地表,896.84
YN,MS002,MS002,24.61000,99.23000,0,70000000000.0,地表,291.87
YN,S2601,S2601,23.79000,99.81000,0,70000000000.0,地表,900.00
YN,KMH03,KMH03,22.11000,100.30000,0,70000000000.0,基岩,900.00
YN,M2105,M2105,24.67000,99.10000,0,70000000000.0,地表,592.77
YN,S2309,S2309,24.09000,99.54000,0,70000000000.0,地表,900.00
YN,MSD02,MSD02,24.54000,99.13000,0,70000000000.0,基岩,576.57
YN,M2101,M2101,24.41000,99.23000,0,70000000000.0,地表,612.36
YN,M2312,M2312,24.66000,98.98000,0,70000000000.0,地表,609.03
YN,SSJ01,SSJ01,23.49000,99.84000,0,70000000000.0,基岩,727.12
YN,S2311,S2311,24.04000,99.50000,0,70000000000.0,地表,900.00
YN,M2106,M2106,24.47000,99.14000,0,70000000000.0,地表,558.05
YN,SYD03,SYD03,24.34000,99.25000,0,70000000000.0,基岩,519.84
YN,M2301,M2301,24.57000,99.03000,0,70000000000.0,地表,900.00
YN,DAL,DAL,21.75000,100.14000,0,70000000000.0,基岩,895.14
YN,S2504,S2504,23.54000,99.75000,0,70000000000.0,地表,719.00
YN,KM005,KM005,22.22000,100.12000,0,70000000000.0,地表,590.64
YN,SYD01,SYD01,24.08000,99.41000,0,70000000000.0,基岩,744.77
YN,J2821,J2821,23.16000,99.90000,0,70000000000.0,地表,851.12
YN,S2307,S2307,24.21000,99.28000,0,70000000000.0,地表,709.24
YN,SGM02,SGM02,23.76000,99.59000,0,70000000000.0,基岩,761.79
YN,S2310,S2310,24.10000,99.34000,0,70000000000.0,地表,900.00
YN,S2501,S2501,23.23000,99.83000,0,70000000000.0,地表,900.00
YN,S2301,S2301,23.82000,99.49000,0,70000000000.0,地表,736.24
YN,MLL01,MLL01,24.54000,98.88000,0,70000000000.0,基岩,510.84
YN,S2302,S2302,23.94000,99.39000,0,70000000000.0,地表,900.00
YN,K2211,K2211,21.94000,100.03000,0,70000000000.0,地表,900.00
YN,S2505,S2505,23.38000,99.70000,0,70000000000.0,地表,884.36
YN,JLC03,JLC03,22.55000,99.92000,0,70000000000.0,基岩,339.44
YN,J2801,J2801,23.20000,99.73000,0,70000000000.0,地表,900.00
YN,SYD02,SYD02,24.04000,99.25000,0,70000000000.0,基岩,900.00
YN,M2305,M2305,24.25000,99.05000,0,70000000000.0,地表,607.74
YN,JL001,JL001,22.91000,99.80000,0,70000000000.0,地表,616.86
YN,S2305,S2305,24.10000,99.15000,0,70000000000.0,地表,683.71
YN,S2304,S2304,23.87000,99.30000,0,70000000000.0,地表,845.44
YN,J2822,J2822,22.72000,99.81000,0,70000000000.0,地表,338.45
YN,S2602,S2602,23.64000,99.43000,0,70000000000.0,地表,571.05
YN,SZ001,SZ001,23.73000,99.32000,0,70000000000.0,地表,623.01
YN,S2402,S2402,23.93000,99.17000,0,70000000000.0,地表,596.50
YN,S2313,S2313,23.87000,99.21000,0,70000000000.0,地表,752.31
YN,J2803,J2803,22.44000,99.79000,0,70000000000.0,地表,411.65
YN,S2703,S2703,23.25000,99.55000,0,70000000000.0,地表,642.33
YN,JLC02,JLC02,22.64000,99.75000,0,70000000000.0,基岩,501.75
YN,J2810,J2810,22.99000,99.65000,0,70000000000.0,地表,776.35
YN,SG001,SG001,23.55000,99.39000,0,70000000000.0,地表,382.61
YN,SCY03,SCY03,23.31000,99.51000,0,70000000000.0,基岩,515.99
YN,J2813,J2813,22.15000,99.79000,0,70000000000.0,地表,438.90
YN,SGM01,SGM01,23.42000,99.40000,0,70000000000.0,基岩,781.42
YN,S2607,S2607,23.47000,99.36000,0,70000000000.0,地表,572.04
YN,S2706,S2706,23.35000,99.41000,0,70000000000.0,地表,773.44
YN,J2903,J2903,22.80000,99.62000,0,70000000000.0,地表,542.87
YN,S2605,S2605,23.63000,99.24000,0,70000000000.0,地表,616.61
YN,SZ003,SZ003,23.75000,99.15000,0,70000000000.0,地表,732.19
YN,J2814,J2814,22.20000,99.70000,0,70000000000.0,地表,500.18
YN,S2702,S2702,23.19000,99.42000,0,70000000000.0,地表,900.00
YN,SZK01,SZK01,23.89000,99.00000,0,70000000000.0,基岩,900.00
YN,JX001,JX001,22.65000,99.59000,0,70000000000.0,地表,900.00
YN,J2808,J2808,22.52000,99.61000,0,70000000000.0,地表,473.15
YN,S2603,S2603,23.41000,99.27000,0,70000000000.0,地表,522.55
YN,J2902,J2902,22.85000,99.47000,0,70000000000.0,地表,870.03
YN,JML02,JML02,22.34000,99.58000,0,70000000000.0,基岩,418.34
YN,SZ002,SZ002,23.91000,98.89000,0,70000000000.0,地表,469.73
YN,SC002,SC002,23.27000,99.29000,0,70000000000.0,地表,466.81
YN,S2405,S2405,23.66000,99.04000,0,70000000000.0,地表,900.00
YN,JML01,JML01,22.15000,99.57000,0,70000000000.0,基岩,466.84
YN,S2608,S2608,23.56000,99.08000,0,70000000000.0,地表,295.21
YN,JXM01,JXM01,22.73000,99.44000,0,70000000000.0,基岩,585.45
YN,J2904,J2904,22.65000,99.46000,0,70000000000.0,地表,900.00
YN,SZK02,SZK02,23.80000,98.89000,0,70000000000.0,基岩,900.00
YN,S2705,S2705,23.24000,99.23000,0,70000000000.0,地表,776.18
YN,J2901,J2901,22.51000,99.47000,0,70000000000.0,地表,656.59
YN,SCY02,SCY02,23.14000,99.26000,0,70000000000.0,基岩,627.28
YN,S2401,S2401,23.66000,98.97000,0,70000000000.0,地表,900.00
YN,SGM03,SGM03,23.48000,99.07000,0,70000000000.0,基岩,748.99
YN,J2905,J2905,22.73000,99.38000,0,70000000000.0,地表,876.71
YN,S2403,S2403,23.92000,98.73000,0,70000000000.0,地表,748.73
YN,S2406,S2406,23.77000,98.83000,0,70000000000.0,地表,491.08
YN,J2701,J2701,22.38000,99.41000,0,70000000000.0,地表,479.91
YN,NMS01,NMS01,24.23000,98.32000,0,70000000000.0,基岩,435.93
YN,S2701,S2701,23.31000,99.06000,0,70000000000.0,地表,680.91
YN,JM003,JM003,22.24000,99.38000,0,70000000000.0,地表,327.12
YN,SC001,SC001,23.49000,98.91000,0,70000000000.0,地表,799.51
YN,SCY01,SCY01,23.18000,98.98000,0,70000000000.0,基岩,571.96
YN,S2704,S2704,23.26000,98.93000,0,70000000000.0,地表,582.13
HE,R0026,R0026,39.90000,117.09000,0,70000000000.0,地表,204.93
BJ,ES002,ES002,39.93000,116.16000,0,70000000000.0,地表,492.64
TJ,WY001,WY001,38.95000,117.04000,0,70000000000.0,地表,202.70
BJ,ES004,ES004,39.92000,116.20000,0,70000000000.0,地表,276.49
BJ,BBS,八宝山台,39.91000,116.24000,0,70000000000.0,基岩,246.70
BJ,DF003,DF003,39.86000,116.16000,0,70000000000.0,地表,313.99
TJ,W0002,静海一中台,38.94000,116.96000,0,70000000000.0,地表,183.65
TJ,NHZ,南河镇台,39.03000,117.10000,0,70000000000.0,基岩,191.49
BJ,F0008,F0008,39.92000,116.31000,0,70000000000.0,地表,225.34
HE,RP001,RP001,39.88000,116.96000,0,70000000000.0,地表,183.12
BJ,D0002,D0002,39.87000,116.23000,0,70000000000.0,地表,239.77
BJ,BX002,BX002,39.93000,116.34000,0,70000000000.0,地表,190.21
TJ,H0001,育红中学台,39.06000,117.10000,0,70000000000.0,地表,180.00
BJ,BX001,BX001,39.93000,116.37000,0,70000000000.0,地表,230.92
HE,R0031,R0031,38.95000,116.31000,0,70000000000.0,地表,180.00
BJ,D0003,D0003,39.87000,116.26000,0,70000000000.0,地表,222.70
TJ,JIH,静海台,38.94000,116.86000,0,70000000000.0,基岩,203.17
BJ,DF001,DF001,39.81000,116.16000,0,70000000000.0,地表,320.19
HE,YAJ,YAJ,39.93000,116.83000,0,70000000000.0,基岩,202.62
HE,F0134,F0134,39.03000,116.17000,0,70000000000.0,地表,217.70
BJ,AD002,AD002,39.93000,116.41000,0,70000000000.0,地表,229.43
BJ,C0006,C0006,39.94000,116.47000,0,70000000000.0,地表,231.06
BJ,D0007,D0007,39.82000,116.20000,0,70000000000.0,地表,310.78
BJ,TT005,TT005,39.94000,116.72000,0,70000000000.0,地表,214.78
BJ,D0004,D0004,39.87000,116.31000,0,70000000000.0,地表,217.56
TJ,W0007,四小屯中心小学台,39.02000,116.99000,0,70000000000.0,地表,215.17
TJ,W0003,梁头镇中学台,38.98000,116.91000,0,70000000000.0,地表,192.48
BJ,CC002,CC002,39.93000,116.48000,0,70000000000.0,地表,215.44
BJ,TIT,天坛台,39.89000,116.41000,0,70000000000.0,基岩,229.18
BJ,DF005,DF005,39.82000,116.24000,0,70000000000.0,地表,242.74
BJ,AD003,AD003,39.89000,116.44000,0,70000000000.0,地表,221.25
BJ,B0001,B0001,39.87000,116.37000,0,70000000000.0,地表,241.13
BJ,D0001,丰台地震局,39.84000,116.29000,0,70000000000.0,地表,206.52
HE,RL001,RL001,39.71000,117.10000,0,70000000000.0,地表,208.33
TJ,H0003,天津中北中学台,39.12000,117.08000,0,70000000000.0,地表,215.61
HE,F0143,F0143,39.12000,116.12000,0,70000000000.0,地表,180.00
BJ,DF004,DF004,39.86000,116.36000,0,70000000000.0,地表,180.00
TJ,WL001,WL001,39.02000,116.92000,0,70000000000.0,地表,191.53
BJ,XIJ,西集台,39.83000,116.88000,0,70000000000.0,基岩,223.83
BJ,C0002,C0002,39.87000,116.47000,0,70000000000.0,地表,234.99
BJ,D0005,D0005,39.84000,116.38000,0,70000000000.0,地表,237.73
BJ,C0003,C0003,39.87000,116.55000,0,70000000000.0,地表,214.86
BJ,C0007,C0007,39.85000,116.48000,0,70000000000.0,地表,214.09
BJ,TT002,TT002,39.85000,116.71000,0,70000000000.0,地表,186.50
TJ,HZ001,HZ001,39.09000,116.97000,0,70000000000.0,地表,199.59
HE,F0135,F0135,39.06000,116.28000,0,70000000000.0,地表,180.00
TJ,G0001,集贤里小学台,39.17000,117.06000,0,70000000000.0,地表,205.05
TJ,W0004,台头镇中学台,39.01000,116.79000,0,70000000000.0,地表,192.97
HE,R0034,R0034,38.99000,116.69000,0,70000000000.0,地表,204.35
HE,F0136,F0136,39.09000,116.24000,0,70000000000.0,地表,208.23
TJ,HY001,HY001,39.13000,117.01000,0,70000000000.0,地表,224.13
BJ,CC001,CC001,39.85000,116.59000,0,70000000000.0,地表,209.97
HE,WBH,WBH,39.67000,117.05000,0,70000000000.0,基岩,202.18
TJ,H0005,西青实验小学台,39.14000,117.01000,0,70000000000.0,地表,204.68
TJ,GS001,GS001,39.26000,117.10000,0,70000000000.0,地表,188.00
BJ,D0006,D0006,39.80000,116.37000,0,70000000000.0,地表,223.60
HE,F0127,F0127,39.56000,116.10000,0,70000000000.0,地表,216.33
TJ,WT001,WT001,39.03000,116.77000,0,70000000000.0,地表,225.23
TJ,P0005,大良中学台,39.54000,117.10000,0,70000000000.0,地表,180.61
TJ,P0003,武清国防教育基地台,39.62000,117.05000,0,70000000000.0,地表,204.42
HE,R0032,R0032,39.03000,116.48000,0,70000000000.0,地表,210.27
HE,WZZ,WZZ,39.02000,116.57000,0,70000000000.0,基岩,187.62
BJ,MD004,MD004,39.80000,116.44000,0,70000000000.0,地表,202.10
BJ,MD001,MD001,39.76000,116.34000,0,70000000000.0,地表,216.60
TJ,PJ001,PJ001,39.48000,117.10000,0,70000000000.0,地表,205.50
TJ,PX002,PX002,39.40000,117.11000,0,70000000000.0,地表,180.92
TJ,QIG,青光台,39.21000,117.02000,0,70000000000.0,基岩,183.83
HE,R0010,R0010,39.11000,116.87000,0,70000000000.0,地表,207.70
BJ,CIQ,次渠台台,39.79000,116.57000,0,70000000000.0,基岩,194.10
HE,R0008,R0008,39.06000,116.68000,0,70000000000.0,地表,214.66
HE,F0039,F0039,39.28000,116.17000,0,70000000000.0,地表,207.66
HE,R0019,R0019,39.38000,116.14000,0,70000000000.0,地表,200.78
TJ,PY001,PY001,39.38000,117.06000,0,70000000000.0,地表,180.00
BJ,TT001,TT001,39.71000,116.87000,0,70000000000.0,地表,199.43
TJ,P0002,杨村第三中学台,39.37000,117.05000,0,70000000000.0,地表,194.50
BJ,MD003,MD003,39.69000,116.31000,0,70000000000.0,地表,183.54
HE,R0022,R0022,39.19000,116.26000,0,70000000000.0,地表,180.00
TJ,PX001,PX001,39.63000,116.96000,0,70000000000.0,地表,201.41
HE,R0020,R0020,39.47000,116.16000,0,70000000000.0,地表,194.01
HE,R0021,R0021,39.24000,116.23000,0,70000000000.0,地表,202.14
HE,RW001,RW001,39.13000,116.39000,0,70000000000.0,地表,184.12
BJ,TT003,TT003,39.71000,116.79000,0,70000000000.0,地表,200.99
TJ,P0007,南蔡村中学台,39.48000,117.01000,0,70000000000.0,地表,220.11
HE,R0006,R0006,39.12000,116.74000,0,70000000000.0,地表,208.93
TJ,PW001,PW001,39.19000,116.88000,0,70000000000.0,地表,201.24
BJ,DAX,大兴台,39.70000,116.41000,0,70000000000.0,基岩,180.00
HE,R0007,R0007,39.11000,116.52000,0,70000000000.0,地表,202.35
TJ,PM001,PM001,39.53000,116.98000,0,70000000000.0,地表,218.78
BJ,TT004,TT004,39.72000,116.71000,0,70000000000.0,地表,196.55
HE,R0002,R0002,39.17000,116.83000,0,70000000000.0,地表,199.29
BJ,MD005,MD005,39.64000,116.35000,0,70000000000.0,地表,180.65
TJ,PG001,PG001,39.62000,116.86000,0,70000000000.0,地表,201.32
TJ,WUQ,武清台,39.45000,116.96000,0,70000000000.0,基岩,189.92
HE,R0023,R0023,39.34000,116.26000,0,70000000000.0,地表,187.57
HE,R0009,R0009,39.15000,116.65000,0,70000000000.0,地表,204.78
BJ,MD006,MD006,39.68000,116.50000,0,70000000000.0,地表,199.66
TJ,PS001,PS001,39.30000,116.90000,0,70000000000.0,地表,202.65
HE,R0039,R0039,39.17000,116.54000,0,70000000000.0,地表,180.00
TJ,P0006,黄花店初级中学台,39.35000,116.90000,0,70000000000.0,地表,207.73
HE,NTZ,NTZ,39.30000,116.33000,0,70000000000.0,基岩,190.58
BJ,YUF,榆垡台,39.52000,116.32000,0,70000000000.0,基岩,225.17
HE,R0038,R0038,39.20000,116.72000,0,70000000000.0,地表,230.39
TJ,PC001,PC001,39.51000,116.87000,0,70000000000.0,地表,224.49
HE,YOQ,永清台,39.23000,116.44000,0,70000000000.0,基岩,193.04
BJ,FHY,凤河营台,39.62000,116.69000,0,70000000000.0,基岩,198.24
HE,RJ001,RJ001,39.44000,116.33000,0,70000000000.0,地表,224.94
HE,R0040,R0040,39.22000,116.66000,0,70000000000.0,地表,223.64
BJ,MD002,MD002,39.54000,116.39000,0,70000000000.0,地表,218.26
HE,WBZ,WBZ,39.61000,116.58000,0,70000000000.0,基岩,206.00
TJ,PD001,PD001,39.45000,116.84000,0,70000000000.0,地表,217.38
HE,R0003,R0003,39.43000,116.84000,0,70000000000.0,地表,191.15
HE,R0037,R0037,39.24000,116.56000,0,70000000000.0,地表,206.00
HE,RA001,RA001,39.30000,116.76000,0,70000000000.0,地表,189.05
HE,R0004,R0004,39.27000,116.71000,0,70000000000.0,地表,206.20
HE,RB001,RB001,39.54000,116.70000,0,70000000000.0,地表,200.77
HE,R0001,R0001,39.36000,116.74000,0,70000000000.0,地表,194.25
HE,R0041,R0041,39.33000,116.49000,0,70000000000.0,地表,203.60
HE,R0024,R0024,39.51000,116.56000,0,70000000000.0,地表,217.22
HE,R0005,R0005,39.47000,116.69000,0,70000000000.0,地表,199.01
HE,BGZ,BGZ,39.35000,116.66000,0,70000000000.0,基岩,204.74
HE,RB002,RB002,39.50000,116.60000,0,70000000000.0,地表,202.40
HE,R0036,R0036,39.39000,116.51000,0,70000000000.0,地表,243.09
YN,C2726,C2726,27.64000,104.86000,0,70000000000.0,地表,653.94
YN,C2733,C2733,27.62000,105.22000,0,70000000000.0,地表,880.90
YN,C2702,C2702,27.66000,105.08000,0,70000000000.0,地表,772.35
YN,C2724,C2724,27.69000,105.23000,0,70000000000.0,地表,792.10
YN,CWX01,CWX01,27.79000,104.96000,0,70000000000.0,基岩,786.88
SC,E2405,E2405,27.74000,105.29000,0,70000000000.0,地表,771.16
YN,C2723,C2723,27.74000,105.14000,0,70000000000.0,地表,740.23
YN,C2907,C2907,27.75000,105.24000,0,70000000000.0,地表,793.36
SC,E2402,E2402,27.96000,105.45000,0,70000000000.0,地表,784.44
SC,EX001,EX001,28.14000,105.36000,0,70000000000.0,地表,844.15
SC,XYHN,XYHN,27.99000,105.35000,0,70000000000.0,基岩,764.56
XZ,GM001,GM001,29.22000,94.22000,0,70000000000.0,基岩,900.00
XJ,N002C,N002C,42.19000,82.66000,0,70000000000.0,地表,327.24
XJ,N002A,N002A,41.90000,82.64000,0,70000000000.0,地表,377.05
NX,B000F,B000F,38.93000,106.67000,0,70000000000.0,地表,183.06
NX,BP003,BP003,38.93000,106.54000,0,70000000000.0,地表,194.02
NX,C0015,C0015,37.97000,105.94000,0,70000000000.0,地表,360.35
NX,B0007,B0007,38.86000,106.63000,0,70000000000.0,地表,208.45
NX,TLE,陶乐台,38.81000,106.70000,0,70000000000.0,基岩,230.89
NX,B000A,B000A,38.93000,106.36000,0,70000000000.0,地表,180.00
NX,C0011,C0011,37.96000,106.11000,0,70000000000.0,地表,208.20
NX,C0016,C0016,37.99000,106.02000,0,70000000000.0,地表,208.25
NX,CQ001,CQ001,37.99000,106.05000,0,70000000000.0,地表,230.96
NX,C0012,C0012,37.97000,106.17000,0,70000000000.0,地表,209.89
NX,B0015,B0015,38.88000,106.46000,0,70000000000.0,地表,189.31
NX,C0014,C0014,38.03000,105.95000,0,70000000000.0,地表,243.70
NX,B0010,B0010,38.82000,106.59000,0,70000000000.0,地表,189.38
NX,C000F,C000F,37.98000,106.26000,0,70000000000.0,地表,207.55
NX,BP002,BP002,38.89000,106.27000,0,70000000000.0,地表,238.06
NX,C000E,C000E,38.00000,106.21000,0,70000000000.0,地表,219.15
NX,PLYF,PLYF,38.85000,106.39000,0,70000000000.0,基岩,186.57
NX,B0016,B0016,38.80000,106.51000,0,70000000000.0,地表,185.48
NX,B0006,B0006,38.72000,106.63000,0,70000000000.0,地表,196.39
NX,A0018,A0018,38.03000,106.30000,0,70000000000.0,地表,240.01
NX,B0013,B0013,38.85000,106.20000,0,70000000000.0,地表,369.89
NX,CQ003,CQ003,38.11000,105.93000,0,70000000000.0,地表,275.13
NX,C0018,C0018,38.08000,106.03000,0,70000000000.0,地表,198.52
NX,C001E,C001E,38.06000,106.13000,0,70000000000.0,地表,232.21
NX,A0017,A0017,38.16000,106.58000,0,70000000000.0,地表,272.05
NX,A0003,A0003,38.14000,105.94000,0,70000000000.0,地表,299.04
NX,B001C,B001C,38.82000,106.26000,0,70000000000.0,地表,198.50
NX,B000C,B000C,38.73000,106.53000,0,70000000000.0,地表,180.00
NX,LWU,灵武台,38.10000,106.33000,0,70000000000.0,基岩,253.01
NX,BP001,BP001,38.74000,106.46000,0,70000000000.0,地表,214.43
NX,C001B,C001B,38.13000,106.05000,0,70000000000.0,地表,204.48
NX,A000A,A000A,38.74000,106.03000,0,70000000000.0,地表,900.00
NX,A002B,A002B,38.10000,106.24000,0,70000000000.0,地表,200.12
NX,B0018,B0018,38.75000,106.41000,0,70000000000.0,地表,218.16
NX,C001D,C001D,38.12000,106.12000,0,70000000000.0,地表,217.27
NX,XQYYH,XQYYH,38.61000,106.60000,0,70000000000.0,基岩,261.36
NX,A0008,A0008,38.68000,105.98000,0,70000000000.0,地表,481.87
NX,A0012,A0012,38.63000,106.56000,0,70000000000.0,地表,252.21
NX,YNMN,YNMN,38.21000,105.98000,0,70000000000.0,基岩,312.88
NX,A000D,A000D,38.74000,106.17000,0,70000000000.0,地表,267.33
NX,AH002,AH002,38.74000,106.20000,0,70000000000.0,地表,232.03
NX,A000C,A000C,38.74000,106.27000,0,70000000000.0,地表,193.49
NX,A0016,A0016,38.16000,106.28000,0,70000000000.0,地表,200.09
NX,A0028,A0028,38.64000,106.49000,0,70000000000.0,地表,188.10
NX,A0020,A0020,38.25000,105.98000,0,70000000000.0,地表,317.41
NX,A0027,A0027,38.67000,106.06000,0,70000000000.0,地表,288.78
NX,A000E,A000E,38.66000,106.42000,0,70000000000.0,地表,230.86
NX,A0004,A0004,38.38000,105.93000,0,70000000000.0,地表,407.79
NX,A0009,A0009,38.67000,106.12000,0,70000000000.0,地表,238.08
NX,A0005,A0005,38.22000,106.10000,0,70000000000.0,地表,204.96
NX,A000B,A000B,38.67000,106.33000,0,70000000000.0,地表,190.06
NX,A0013,A0013,38.63000,106.06000,0,70000000000.0,地表,266.44
NX,A000F,A000F,38.58000,106.48000,0,70000000000.0,地表,190.06
NX,A0006,A0006,38.22000,106.34000,0,70000000000.0,地表,420.55
NX,AY001,AY001,38.22000,106.19000,0,70000000000.0,地表,216.61
NX,A0021,A0021,38.22000,106.20000,0,70000000000.0,地表,216.61
NX,A0019,A0019,38.24000,106.36000,0,70000000000.0,地表,481.50
NX,AH001,AH001,38.66000,106.23000,0,70000000000.0,地表,266.61
NX,A0001,A0001,38.53000,106.00000,0,70000000000.0,地表,456.35
NX,A0022,A0022,38.29000,106.07000,0,70000000000.0,地表,210.74
NX,A0011,A0011,38.51000,106.46000,0,70000000000.0,地表,197.15
NX,A0025,A0025,38.62000,106.29000,0,70000000000.0,地表,208.45
NX,A0007,A0007,38.46000,106.02000,0,70000000000.0,地表,307.14
NX,A001D,A001D,38.58000,106.37000,0,70000000000.0,地表,215.94
NX,A002C,A002C,38.35000,106.06000,0,70000000000.0,地表,200.54
NX,A0002,A0002,38.58000,106.14000,0,70000000000.0,地表,221.10
NX,A0026,A0026,38.40000,106.42000,0,70000000000.0,地表,180.00
NX,A0010,A0010,38.58000,106.28000,0,70000000000.0,地表,195.01
NX,A0015,A0015,38.48000,106.07000,0,70000000000.0,地表,228.01
NX,YNSL,YNSL,38.33000,106.14000,0,70000000000.0,基岩,215.37
NX,A0014,A0014,38.39000,106.10000,0,70000000000.0,地表,228.43
NX,A0024,A0024,38.34000,106.20000,0,70000000000.0,地表,247.58
NX,A001F,A001F,38.40000,106.36000,0,70000000000.0,地表,224.93
NX,A0029,A0029,38.52000,106.32000,0,70000000000.0,地表,180.00
NX,A002A,A002A,38.53000,106.25000,0,70000000000.0,地表,196.22
NX,A001E,A001E,38.46000,106.35000,0,70000000000.0,地表,215.23
NX,A001C,A001C,38.46000,106.17000,0,70000000000.0,地表,216.60
NX,A0023,A0023,38.40000,106.27000,0,70000000000.0,地表,199.58
XJ,P0021,P0021,38.82000,75.84000,0,70000000000.0,地表,498.19
XJ,Q008C,Q008C,38.77000,76.31000,0,70000000000.0,地表,296.34
XJ,Q0059,Q0059,38.43000,76.71000,0,70000000000.0,地表,344.18
XJ,Q0091,Q0091,38.65000,76.19000,0,70000000000.0,地表,380.05
XJ,P0020,P0020,38.49000,76.35000,0,70000000000.0,地表,422.65
XJ,RK001,RK001,37.21000,79.28000,0,70000000000.0,地表,392.26
XJ,RP002,RP002,37.36000,78.79000,0,70000000000.0,地表,276.70
XJ,HTTZ0,和田台阵0台,37.16000,79.06000,0,70000000000.0,基岩,263.99
FJ,C5615,德化县美湖台,25.62000,118.08000,0,70000000000.0,地表,895.24
FJ,C5611,德化县赤水台,25.64000,118.13000,0,70000000000.0,地表,900.00
FJ,C5616,德化县阳山台,25.55000,118.04000,0,70000000000.0,地表,900.00
FJ,C5610,德化县国宝台,25.60000,118.18000,0,70000000000.0,地表,900.00
FJ,C5514,永春县桂洋台,25.47000,118.07000,0,70000000000.0,地表,900.00
FJ,C5609,德化县盖德林地台,25.52000,118.16000,0,70000000000.0,地表,900.00
FJ,C5619,德化县仙境台,25.53000,118.23000,0,70000000000.0,地表,900.00
FJ,C5512,永春县呈祥台,25.44000,118.14000,0,70000000000.0,地表,900.00
FJ,C5416,安溪县湖头下镇台,25.32000,118.02000,0,70000000000.0,地表,900.00
FJ,C5601,德化县雷峰镇台,25.57000,118.30000,0,70000000000.0,地表,900.00
FJ,C5510,永春县西昌台,25.38000,118.13000,0,70000000000.0,地表,900.00
FJ,C5415,安溪县湖头郭山台,25.23000,118.04000,0,70000000000.0,地表,482.08
FJ,C5521,永春县达埔楚安台,25.33000,118.14000,0,70000000000.0,地表,580.38
FJ,C5618,德化县龙门滩镇台,25.50000,118.35000,0,70000000000.0,地表,900.00
FJ,C5617,德化县三班台,25.45000,118.29000,0,70000000000.0,地表,587.12
FJ,C5508,永春县吾峰培民台,25.37000,118.22000,0,70000000000.0,地表,900.00
FJ,C5417,安溪县美洋台,25.26000,118.12000,0,70000000000.0,地表,900.00
FJ,C5520,永春县介福台,25.43000,118.31000,0,70000000000.0,地表,286.13
FJ,C5509,永春县吾东台,25.38000,118.28000,0,70000000000.0,地表,900.00
FJ,C5507,永春县石鼓台,25.34000,118.25000,0,70000000000.0,地表,651.25
FJ,B4005,B4005,25.59000,118.58000,0,70000000000.0,地表,900.00
FJ,C5505,永春县德田机房台,25.25000,118.19000,0,70000000000.0,地表,900.00
FJ,C5504,永春县岵山潘溪台,25.29000,118.24000,0,70000000000.0,地表,900.00
FJ,C5423,安溪县蓬莱岭南台,25.11000,118.08000,0,70000000000.0,地表,900.00
FJ,CY001,CY001,25.31000,118.29000,0,70000000000.0,地表,447.36
FJ,C5918,南安县蓬华华美台,25.20000,118.19000,0,70000000000.0,地表,684.60
FJ,C5502,永春县胡洋清白台,25.39000,118.41000,0,70000000000.0,地表,416.34
FJ,C5402,安溪县官桥驷岭台,25.02000,118.05000,0,70000000000.0,地表,353.87
FJ,B4015,B4015,25.60000,118.75000,0,70000000000.0,地表,900.00
FJ,C5503,永春县溪南台,25.30000,118.35000,0,70000000000.0,地表,900.00
FJ,B4003,B4003,25.63000,118.81000,0,70000000000.0,地表,786.69
FJ,B4014,B4014,25.55000,118.70000,0,70000000000.0,地表,900.00
FJ,CX001,CX001,25.07000,118.16000,0,70000000000.0,地表,900.00
FJ,C5916,南安县码头大庭台,25.20000,118.31000,0,70000000000.0,地表,322.96
FJ,C5401,安溪县龙门台,24.94000,118.11000,0,70000000000.0,地表,900.00
FJ,B4017,B4017,25.44000,118.66000,0,70000000000.0,地表,900.00
FJ,B1006,B1006,25.62000,118.95000,0,70000000000.0,地表,900.00
FJ,C5905,南安县翔云台,24.97000,118.16000,0,70000000000.0,地表,587.36
FJ,B4002,B4002,25.51000,118.79000,0,70000000000.0,地表,366.93
FJ,B1005,B1005,25.65000,119.04000,0,70000000000.0,地表,394.49
FJ,C5914,南安县向阳台,25.27000,118.49000,0,70000000000.0,地表,482.92
FJ,B4001,B4001,25.44000,118.73000,0,70000000000.0,地表,900.00
FJ,C5919,南安县金淘盖溪台,25.12000,118.34000,0,70000000000.0,地表,788.43
FJ,C5920,南安县眉山台,25.09000,118.31000,0,70000000000.0,地表,900.00
FJ,B4007,B4007,25.32000,118.57000,0,70000000000.0,地表,334.52
FJ,XYBT,XYBT,25.45000,118.75000,0,70000000000.0,基岩,900.00
FJ,D2404,同安区汀溪镇西源台,24.83000,118.10000,0,70000000000.0,地表,543.17
FJ,C5915,南安县九都镇区台,25.20000,118.45000,0,70000000000.0,地表,900.00
FJ,C5907,南安县仑仓台,25.01000,118.28000,0,70000000000.0,地表,900.00
FJ,C5906,南安县英都台,24.97000,118.25000,0,70000000000.0,地表,806.38
FJ,C5104,洛江区虹山台,25.27000,118.59000,0,70000000000.0,地表,810.00
FJ,B4106,城厢区常太王宫台,25.49000,118.91000,0,70000000000.0,地表,900.00
FJ,BX001,BX001,25.33000,118.69000,0,70000000000.0,地表,398.14
FJ,D2408,同安区新民镇凤南台,24.69000,118.07000,0,70000000000.0,地表,900.00
FJ,C5912,南安县罗东厚阳台,25.18000,118.52000,0,70000000000.0,地表,459.40
FJ,C5913,南安县乐峰台,25.20000,118.55000,0,70000000000.0,地表,579.64
FJ,XMTA,XMTA,24.76000,118.14000,0,70000000000.0,基岩,460.13
FJ,C5902,南安县美林溪洲台,25.00000,118.35000,0,70000000000.0,地表,670.26
FJ,B4009,B4009,25.32000,118.72000,0,70000000000.0,地表,415.89
FJ,DT001,DT001,24.72000,118.13000,0,70000000000.0,地表,249.96
FJ,C5901,南安县省东檀林台,25.02000,118.39000,0,70000000000.0,地表,459.67
FJ,D2406,同安区大同街道台,24.74000,118.15000,0,70000000000.0,地表,616.04
FJ,C5908,南安县东田台,24.92000,118.30000,0,70000000000.0,地表,751.42
FJ,D2303,霞阳模块局台,24.54000,118.02000,0,70000000000.0,地表,600.00
FJ,D2202,集美区后溪台,24.63000,118.08000,0,70000000000.0,地表,900.00
FJ,C5103,洛江区罗溪三合台,25.20000,118.60000,0,70000000000.0,地表,652.54
FJ,D2403,同安区新民镇台,24.69000,118.13000,0,70000000000.0,地表,303.62
FJ,C5910,南安县洪梅台,25.13000,118.54000,0,70000000000.0,地表,667.80
FJ,CN001,CN001,24.96000,118.38000,0,70000000000.0,地表,900.00
FJ,DJ001,DJ001,24.58000,118.09000,0,70000000000.0,地表,288.36
FJ,B4103,城厢区凤凰山台,25.42000,118.97000,0,70000000000.0,地表,900.00
FJ,D2405,同安区五显镇溪西台,24.77000,118.23000,0,70000000000.0,地表,550.88
FJ,BX101,BX101,25.42000,118.99000,0,70000000000.0,地表,721.62
FJ,C5904,南安县柳城杏莲台,24.93000,118.38000,0,70000000000.0,地表,900.00
FJ,B4302,荔城区荔城台,25.43000,119.02000,0,70000000000.0,地表,299.09
FJ,B4104,城厢区华亭兴沙台,25.38000,118.94000,0,70000000000.0,地表,900.00
FJ,C5102,洛江区马甲双溪口台,25.16000,118.64000,0,70000000000.0,地表,900.00
FJ,B4105,城厢区霞林坂头台,25.41000,119.00000,0,70000000000.0,地表,330.93
FJ,C5911,南安县洪濑坝田台,25.06000,118.53000,0,70000000000.0,地表,900.00
FJ,D2402,同安区西柯镇丙洲台,24.65000,118.17000,0,70000000000.0,地表,600.00
FJ,C5909,南安县康美福台,25.01000,118.48000,0,70000000000.0,地表,277.94
FJ,DX001,DX001,24.75000,118.25000,0,70000000000.0,地表,343.29
FJ,D2401,同安区洪塘镇三忠台,24.70000,118.22000,0,70000000000.0,地表,300.36
FJ,B4305,荔城区新度步云台,25.41000,119.03000,0,70000000000.0,地表,235.81
FJ,E6904,龙海市中银分局台,24.41000,118.04000,0,70000000000.0,地表,900.00
FJ,B4011,B4011,25.29000,118.85000,0,70000000000.0,地表,900.00
FJ,B4013,B4013,25.21000,118.74000,0,70000000000.0,地表,497.40
FJ,D2501,翔安区马巷镇同美台,24.67000,118.21000,0,70000000000.0,地表,335.06
FJ,DS001,DS001,24.46000,118.08000,0,70000000000.0,地表,807.95
FJ,XMSM,厦门思明台,24.45000,118.08000,0,70000000000.0,基岩,900.00
FJ,DS002,DS002,24.48000,118.10000,0,70000000000.0,地表,600.00
FJ,D2502,翔安区新圩镇台,24.71000,118.26000,0,70000000000.0,地表,739.57
FJ,B4304,荔城区新度下坂台,25.38000,119.03000,0,70000000000.0,地表,228.62
FJ,C5903,南安县霞美邱钟台,24.92000,118.45000,0,70000000000.0,地表,577.50
FJ,B4012,B4012,25.25000,118.84000,0,70000000000.0,地表,900.00
FJ,C5105,洛江区本部河市新台,25.05000,118.62000,0,70000000000.0,地表,511.20
FJ,D2101,湖里区钟宅五缘湾台,24.52000,118.17000,0,70000000000.0,地表,335.62
FJ,C5921,南安县官桥泗溪台,24.80000,118.38000,0,70000000000.0,地表,900.00
FJ,D2102,思明区厦门地震台,24.43000,118.12000,0,70000000000.0,地表,900.00
FJ,C5101,鲤城区泉州地震台,24.98000,118.58000,0,70000000000.0,地表,900.00
FJ,D2504,翔安区内厝镇前安台,24.68000,118.31000,0,70000000000.0,地表,900.00
FJ,CL101,CL101,25.00000,118.61000,0,70000000000.0,地表,900.00
FJ,C5203,泉港区界山玉湖台,25.22000,118.89000,0,70000000000.0,地表,418.38
FJ,E6903,龙海市隆教分局台,24.26000,118.06000,0,70000000000.0,地表,900.00
FJ,C5802,晋江市磁灶洋尾台,24.83000,118.45000,0,70000000000.0,地表,284.08
FJ,C5922,南安县大盈台,24.77000,118.40000,0,70000000000.0,地表,611.54
FJ,D2503,翔安区新店镇吕塘台,24.61000,118.28000,0,70000000000.0,地表,540.28
FJ,C5301,惠安县尾山台,25.06000,118.73000,0,70000000000.0,地表,621.35
FJ,CL001,CL001,24.89000,118.55000,0,70000000000.0,地表,715.04
FJ,C5205,泉港区前黄坝头台,25.16000,118.88000,0,70000000000.0,地表,466.92
FJ,C5803,晋江市内坑柑市台,24.79000,118.48000,0,70000000000.0,地表,245.92
FJ,C5801,晋江市西园车厝台,24.83000,118.52000,0,70000000000.0,地表,458.97
FJ,C5302,惠安县黄塘台,25.01000,118.71000,0,70000000000.0,地表,770.59
FJ,B4401,秀屿区东庄台,25.25000,119.04000,0,70000000000.0,地表,600.00
FJ,C5304,惠安县北关台,25.03000,118.75000,0,70000000000.0,地表,746.44
FJ,CJ001,CJ001,24.73000,118.46000,0,70000000000.0,地表,262.66
FJ,C5923,南安县石井院前台,24.63000,118.38000,0,70000000000.0,地表,788.57
FJ,HAKS,HAKS,25.03000,118.78000,0,70000000000.0,基岩,532.48
FJ,D2505,翔安区大嶝环嶝台,24.56000,118.34000,0,70000000000.0,地表,600.00
FJ,C5201,泉港区后龙台,25.14000,118.93000,0,70000000000.0,地表,411.11
FJ,CH001,CH001,25.05000,118.81000,0,70000000000.0,地表,361.14
FJ,C5315,惠安县洛阳后亭台,24.95000,118.71000,0,70000000000.0,地表,343.11
FJ,C5308,惠安县吹楼台,25.05000,118.85000,0,70000000000.0,地表,341.61
FJ,C5804,晋江市灵源林口台,24.75000,118.53000,0,70000000000.0,地表,367.44
FJ,C5812,晋江市罗山台,24.78000,118.56000,0,70000000000.0,地表,357.37
FJ,C5303,惠安县惠安台,24.99000,118.80000,0,70000000000.0,地表,617.54
FJ,JJDS,JJDS,24.68000,118.50000,0,70000000000.0,基岩,406.58
FJ,B4409,秀屿区东埔台,25.16000,119.05000,0,70000000000.0,地表,600.00
FJ,C5811,晋江市西滨台,24.80000,118.62000,0,70000000000.0,地表,237.79
FJ,C5305,惠安县涂寨台,24.99000,118.83000,0,70000000000.0,地表,370.45
FJ,C5312,惠安县东园台,24.92000,118.75000,0,70000000000.0,地表,498.15
FJ,C5810,晋江市新塘台,24.78000,118.61000,0,70000000000.0,地表,208.08
FJ,C5314,惠安县百崎里春台,24.88000,118.72000,0,70000000000.0,地表,623.32
FJ,FQDH,FQDH,25.42000,119.66000,0,70000000000.0,基岩,600.00
FJ,C5309,惠安县东桥台,25.01000,118.90000,0,70000000000.0,地表,417.13
FJ,C5806,晋江市东石张厝台,24.64000,118.52000,0,70000000000.0,地表,445.35
FJ,C5313,惠安县张坂台,24.91000,118.80000,0,70000000000.0,地表,436.01
FJ,C5805,晋江市永和茂亭台,24.68000,118.57000,0,70000000000.0,地表,344.59
FJ,C5310,惠安县东岭台,24.98000,118.90000,0,70000000000.0,地表,474.90
FJ,C5807,晋江市英林伍堡台,24.62000,118.55000,0,70000000000.0,地表,453.66
FJ,CS001,CS001,24.77000,118.72000,0,70000000000.0,地表,343.93
FJ,SSXZ,SSXZ,24.76000,118.74000,0,70000000000.0,基岩,279.85
FJ,C5809,晋江市深沪华山台,24.63000,118.62000,0,70000000000.0,地表,282.20
FJ,C5702,石狮市鸿山东埔台,24.76000,118.77000,0,70000000000.0,地表,600.00
FJ,C5808,晋江市金井围头台,24.53000,118.57000,0,70000000000.0,地表,359.20
SC,U2804,U2804,32.10000,102.80000,0,70000000000.0,地表,900.00
SC,MEKCD,MEKCD,32.19000,101.83000,0,70000000000.0,基岩,734.13
SC,U2401,U2401,32.54000,103.63000,0,70000000000.0,地表,835.69
SC,UH002,UH002,32.25000,102.88000,0,70000000000.0,地表,900.00
SC,U2407,U2407,32.64000,103.35000,0,70000000000.0,地表,900.00
SC,U3304,U3304,32.45000,102.25000,0,70000000000.0,地表,430.34
SC,UE001,UE001,33.48000,103.36000,0,70000000000.0,地表,823.36
SC,US004,US004,32.92000,103.39000,0,70000000000.0,地表,552.88
SC,ABCL,ABCL,32.73000,102.04000,0,70000000000.0,基岩,576.72
SC,SPSBZ,SPSBZ,32.61000,103.07000,0,70000000000.0,基岩,865.51
SC,UA001,UA001,32.86000,101.99000,0,70000000000.0,地表,544.58
SC,U3202,U3202,33.59000,103.09000,0,70000000000.0,地表,394.01
SC,U3302,U3302,32.65000,102.33000,0,70000000000.0,地表,490.67
SC,UY004,UY004,32.96000,103.04000,0,70000000000.0,地表,445.30
SX,L0005,L0005,36.61000,111.71000,0,70000000000.0,地表,436.40
SX,LX001,LX001,36.65000,110.84000,0,70000000000.0,地表,383.19
SX,L0007,L0007,36.63000,110.71000,0,70000000000.0,地表,379.47
SX,HJSFC,HJSFC,35.72000,110.70000,0,70000000000.0,基岩,697.26
SX,XIJLQ,XIJLQ,36.67000,110.86000,0,70000000000.0,基岩,416.30
SX,L0056,L0056,35.77000,110.70000,0,70000000000.0,地表,354.76
SX,L0057,L0057,35.81000,110.66000,0,70000000000.0,地表,536.12
SX,L0106,L0106,36.61000,111.57000,0,70000000000.0,地表,478.58
SX,L0011,L0011,36.55000,110.81000,0,70000000000.0,地表,533.58
SX,L0006,L0006,36.50000,111.71000,0,70000000000.0,地表,463.36
SX,L0107,L0107,36.52000,111.64000,0,70000000000.0,地表,528.96
SX,L0009,L0009,36.63000,111.10000,0,70000000000.0,地表,514.61
SX,L0084,L0084,36.60000,110.99000,0,70000000000.0,地表,450.35
SX,LD001,LD001,36.45000,110.76000,0,70000000000.0,地表,484.01
SX,L0048,L0048,36.62000,111.37000,0,70000000000.0,地表,333.95
SX,L0081,L0081,36.50000,110.86000,0,70000000000.0,地表,389.34
SX,L0104,L0104,36.53000,111.55000,0,70000000000.0,地表,492.70
SX,L0079,L0079,35.72000,111.24000,0,70000000000.0,地表,296.31
SX,L0014,L0014,36.41000,111.66000,0,70000000000.0,地表,316.47
SX,L0108,L0108,36.55000,111.44000,0,70000000000.0,地表,462.14
SX,L0111,L0111,36.57000,111.29000,0,70000000000.0,地表,389.14
SX,L0085,L0085,36.38000,110.81000,0,70000000000.0,地表,586.88
SX,L0058,L0058,36.53000,111.05000,0,70000000000.0,地表,515.75
SX,L0017,L0017,36.46000,111.52000,0,70000000000.0,地表,440.06
SX,LC001,LC001,36.14000,110.70000,0,70000000000.0,地表,355.56
SX,LS001,LS001,36.42000,111.54000,0,70000000000.0,地表,492.13
SX,L0087,L0087,36.47000,111.45000,0,70000000000.0,地表,730.53
SX,L0114,L0114,36.40000,110.91000,0,70000000000.0,地表,538.42
SX,L0042,L0042,36.17000,110.72000,0,70000000000.0,地表,410.30
SX,L0060,L0060,36.45000,111.00000,0,70000000000.0,地表,531.02
SX,L0115,L0115,36.48000,111.34000,0,70000000000.0,地表,494.52
SX,L0035,L0035,36.11000,111.63000,0,70000000000.0,地表,282.87
SX,L0110,L0110,36.47000,111.11000,0,70000000000.0,地表,612.50
SX,PUXPC,PUXPC,36.43000,111.06000,0,70000000000.0,基岩,592.55
SX,L0113,L0113,36.40000,111.33000,0,70000000000.0,地表,350.75
SX,YDJJD,YDJJD,36.08000,111.37000,0,70000000000.0,基岩,795.55
QH,CEDQS,CEDQS,33.83000,97.12000,0,70000000000.0,基岩,311.05
XZ,CUQ,CUQ,31.02000,85.14000,0,70000000000.0,基岩,453.36
XZ,D0002,D0002,30.20000,84.50000,0,70000000000.0,地表,475.48
XZ,E0003,E0003,30.60000,89.83000,0,70000000000.0,地表,325.94
XZ,AD003,AD003,29.89000,90.36000,0,70000000000.0,基岩,383.49
XZ,C0011,C0011,29.26000,90.42000,0,70000000000.0,地表,900.00
XZ,A0021,A0021,29.49000,90.27000,0,70000000000.0,地表,835.41
XZ,C0031,C0031,28.81000,90.45000,0,70000000000.0,地表,307.80
XZ,C0012,C0012,29.12000,90.36000,0,70000000000.0,地表,881.49
XZ,A0022,A0022,29.34000,90.29000,0,70000000000.0,地表,900.00
XZ,LKZ,浪卡子台,28.97000,90.39000,0,70000000000.0,基岩,454.34
XZ,A0044,A0044,29.41000,90.21000,0,70000000000.0,地表,893.95
XZ,D0018,D0018,29.28000,90.25000,0,70000000000.0,地表,880.55
XZ,A0046,A0046,29.50000,90.16000,0,70000000000.0,地表,900.00
XZ,NMU,尼木台,29.43000,90.15000,0,70000000000.0,基岩,374.41
XZ,D0019,D0019,29.23000,90.16000,0,70000000000.0,地表,462.47
XZ,A0023,A0023,29.55000,90.02000,0,70000000000.0,地表,900.00
XZ,A0020,A0020,29.35000,90.09000,0,70000000000.0,地表,495.78
XZ,D0010,D0010,29.13000,90.13000,0,70000000000.0,地表,701.19
XZ,D0017,D0017,29.28000,90.08000,0,70000000000.0,地表,581.10
XZ,C0032,C0032,28.61000,90.20000,0,70000000000.0,地表,301.30
XZ,D0016,D0016,29.17000,89.96000,0,70000000000.0,地表,900.00
XZ,D0014,D0014,29.23000,89.84000,0,70000000000.0,地表,672.23
XZ,D0011,D0011,29.30000,89.78000,0,70000000000.0,地表,505.17
XZ,D0013,D0013,29.25000,89.79000,0,70000000000.0,地表,900.00
XZ,D0012,D0012,29.29000,89.76000,0,70000000000.0,地表,753.17
XZ,DS001,DS001,29.33000,85.23000,0,70000000000.0,基岩,559.90
XZ,D0015,D0015,30.01000,89.08000,0,70000000000.0,地表,900.00
XZ,DK001,DK001,28.57000,89.68000,0,70000000000.0,基岩,900.00
XZ,DJ001,DJ001,28.91000,89.61000,0,70000000000.0,基岩,281.07
XZ,DJ002,DJ002,28.86000,85.29000,0,70000000000.0,基岩,584.82
XZ,DB001,DB001,29.10000,89.26000,0,70000000000.0,基岩,276.63
XZ,D0003,D0003,30.07000,86.94000,0,70000000000.0,地表,424.94
XZ,RKZ,日喀则台,29.23000,88.87000,0,70000000000.0,基岩,553.88
XZ,DN001,DN001,28.17000,85.97000,0,70000000000.0,基岩,890.88
NX,E0030,E0030,37.43000,105.31000,0,70000000000.0,地表,335.93
NX,E0033,E0033,37.51000,105.36000,0,70000000000.0,地表,223.32
NX,E002C,E002C,37.44000,105.50000,0,70000000000.0,地表,295.88
NX,E0035,E0035,37.42000,105.58000,0,70000000000.0,地表,298.78
NX,E002B,E002B,37.49000,105.44000,0,70000000000.0,地表,217.58
NX,E0032,E0032,37.56000,105.37000,0,70000000000.0,地表,467.28
NX,E0042,E0042,37.51000,105.52000,0,70000000000.0,地表,468.70
NM,C0004,C0004,39.33000,106.85000,0,70000000000.0,地表,367.30
NX,EZ001,EZ001,37.49000,105.68000,0,70000000000.0,地表,220.10
NX,E0037,E0037,37.45000,105.84000,0,70000000000.0,地表,290.11
NX,B0008,B0008,39.31000,106.76000,0,70000000000.0,地表,328.57
NX,EZ003,EZ003,37.55000,105.67000,0,70000000000.0,地表,388.39
NX,E0036,E0036,37.52000,105.81000,0,70000000000.0,地表,271.07
NX,C0008,C0008,37.47000,106.13000,0,70000000000.0,地表,290.45
NX,CY002,CY002,37.78000,107.15000,0,70000000000.0,地表,433.33
NX,B001D,B001D,39.29000,106.68000,0,70000000000.0,地表,376.42
NX,E003E,E003E,37.57000,105.74000,0,70000000000.0,地表,281.64
NX,E003B,E003B,37.55000,105.87000,0,70000000000.0,地表,282.06
NM,C0006,C0006,39.13000,106.90000,0,70000000000.0,地表,394.45
NX,C0013,C0013,37.54000,106.26000,0,70000000000.0,地表,326.65
NM,M0003,M0003,37.88000,105.40000,0,70000000000.0,地表,293.72
NX,C0006,C0006,37.56000,106.09000,0,70000000000.0,地表,363.38
NX,B0014,B0014,39.16000,106.78000,0,70000000000.0,地表,192.82
NX,BH002,BH002,39.18000,106.68000,0,70000000000.0,地表,397.59
NX,YCWLJ,YCWLJ,37.75000,106.91000,0,70000000000.0,基岩,362.26
NX,B0011,B0011,39.04000,106.96000,0,70000000000.0,地表,355.80
NX,E0034,E0034,37.63000,105.93000,0,70000000000.0,地表,371.09
NX,B001A,B001A,39.17000,106.66000,0,70000000000.0,地表,342.12
NX,E003C,E003C,37.65000,105.87000,0,70000000000.0,地表,342.54
NX,BH003,BH003,39.14000,106.70000,0,70000000000.0,地表,199.34
NX,C0037,C0037,37.84000,106.97000,0,70000000000.0,地表,416.59
NX,PLHYZ,PLHYZ,39.02000,106.91000,0,70000000000.0,基岩,305.47
NX,B0001,B0001,39.07000,106.80000,0,70000000000.0,地表,180.08
NX,E003D,E003D,37.71000,105.83000,0,70000000000.0,地表,277.03
NX,B0002,B0002,39.09000,106.72000,0,70000000000.0,地表,180.00
NX,E001D,E001D,37.69000,105.95000,0,70000000000.0,地表,413.08
NX,CL001,CL001,37.65000,106.28000,0,70000000000.0,地表,374.30
NX,B0019,B0019,39.15000,106.39000,0,70000000000.0,地表,661.88
NX,C0030,C0030,38.00000,107.04000,0,70000000000.0,地表,278.32
NX,B000B,B000B,39.05000,106.72000,0,70000000000.0,地表,212.68
NX,B0012,B0012,39.09000,106.61000,0,70000000000.0,地表,196.89
NX,B0009,B0009,39.06000,106.59000,0,70000000000.0,地表,217.27
NX,C001A,C001A,37.78000,105.88000,0,70000000000.0,地表,329.79
NX,DWKGK,DWKGK,39.10000,106.13000,0,70000000000.0,基岩,465.01
NX,B000E,B000E,38.99000,106.75000,0,70000000000.0,地表,180.00
NX,BP004,BP004,38.90000,106.80000,0,70000000000.0,地表,243.14
NX,CQ002,CQ002,37.83000,105.90000,0,70000000000.0,地表,302.69
NX,C0031,C0031,38.08000,106.95000,0,70000000000.0,地表,353.53
NX,B000D,B000D,38.99000,106.59000,0,70000000000.0,地表,180.00
NX,B0004,B0004,39.03000,106.43000,0,70000000000.0,地表,264.71
NX,B0005,B0005,39.04000,106.35000,0,70000000000.0,地表,281.35
NX,A002E,A002E,37.78000,106.32000,0,70000000000.0,地表,356.59
NX,C0009,C0009,37.79000,106.14000,0,70000000000.0,地表,326.28
NX,YCGSW,YCGSW,38.11000,106.94000,0,70000000000.0,基岩,340.03
NX,C000B,C000B,37.80000,106.22000,0,70000000000.0,地表,272.60
NX,B0003,B0003,38.86000,106.78000,0,70000000000.0,地表,242.30
NX,C0017,C0017,37.89000,105.90000,0,70000000000.0,地表,236.58
NX,A001A,A001A,37.83000,106.34000,0,70000000000.0,地表,347.12
NX,C000D,C000D,37.84000,106.27000,0,70000000000.0,地表,211.44
NX,B001B,B001B,38.96000,106.44000,0,70000000000.0,地表,210.07
NX,C0019,C0019,37.88000,106.02000,0,70000000000.0,地表,342.25
NX,B0017,B0017,38.97000,106.29000,0,70000000000.0,地表,279.92
NX,C000C,C000C,37.87000,106.19000,0,70000000000.0,地表,218.60
NX,C001C,C001C,37.89000,106.08000,0,70000000000.0,地表,200.43
NX,AL002,AL002,37.89000,106.39000,0,70000000000.0,地表,282.06
NX,AL001,AL001,37.89000,106.28000,0,70000000000.0,地表,213.45
NX,C000A,C000A,37.93000,106.22000,0,70000000000.0,地表,210.59
NX,C0010,C0010,37.93000,106.30000,0,70000000000.0,地表,205.64
NX,A001B,A001B,37.96000,106.37000,0,70000000000.0,地表,301.77
NM,K0022,K0022,39.42000,106.99000,0,70000000000.0,地表,336.26
XJ,F002A,F002A,44.05000,80.85000,0,70000000000.0,地表,326.53
XJ,F0039,F0039,44.05000,80.89000,0,70000000000.0,地表,297.02
XJ,F007F,F007F,44.09000,81.49000,0,70000000000.0,地表,495.96
XJ,F008E,F008E,43.86000,81.70000,0,70000000000.0,地表,304.41
XJ,CBC,察布查尔台,43.52000,81.44000,0,70000000000.0,基岩,548.69
XJ,F008C,F008C,43.74000,81.68000,0,70000000000.0,地表,262.79
XJ,F007D,F007D,44.00000,81.53000,0,70000000000.0,地表,596.37
XJ,FI001,FI001,43.98000,81.53000,0,70000000000.0,地表,365.82
XJ,F0084,F0084,43.93000,81.55000,0,70000000000.0,地表,296.17
XJ,F0072,F0072,44.01000,81.42000,0,70000000000.0,地表,299.99
XJ,F007C,F007C,43.95000,81.50000,0,70000000000.0,地表,316.57
XJ,F0077,F0077,43.82000,81.54000,0,70000000000.0,地表,279.87
XJ,F0087,F0087,43.86000,81.42000,0,70000000000.0,地表,307.19
XJ,F006E,F006E,43.88000,81.34000,0,70000000000.0,地表,280.75
XJ,F0073,F0073,43.89000,81.30000,0,70000000000.0,地表,324.11
XJ,FC001,FC001,43.83000,81.18000,0,70000000000.0,地表,282.32
NX,ES002,ES002,37.41000,105.42000,0,70000000000.0,地表,351.47
NX,E002D,E002D,37.41000,105.50000,0,70000000000.0,地表,340.68
NX,C002F,C002F,37.44000,106.96000,0,70000000000.0,地表,236.84
NX,CH001,CH001,37.41000,106.07000,0,70000000000.0,地表,273.56
NX,DWKST,DWKST,39.25000,106.34000,0,70000000000.0,基岩,486.12
NX,QTXSG,QTXSG,38.01000,105.86000,0,70000000000.0,基岩,363.54
XZ,G0003,G0003,30.26000,94.83000,0,70000000000.0,地表,900.00
XZ,BOM,波密台,29.87000,95.77000,0,70000000000.0,基岩,900.00
XZ,MOT,MOT,29.33000,95.32000,0,70000000000.0,基岩,746.50
NM,GH001,GH001,45.44000,119.62000,0,70000000000.0,地表,900.00
NM,HLH,霍林郭勒台,45.47000,119.66000,0,70000000000.0,基岩,895.49
NM,G0006,G0006,45.54000,119.65000,0,70000000000.0,地表,718.83
XZ,C0037,C0037,29.38000,91.83000,0,70000000000.0,地表,728.14
XZ,C0039,C0039,29.43000,91.87000,0,70000000000.0,地表,634.40
XZ,A0052,A0052,30.08000,91.77000,0,70000000000.0,地表,540.49
XZ,C0014,C0014,29.41000,92.34000,0,70000000000.0,地表,581.43
XZ,G0006,G0006,29.89000,92.72000,0,70000000000.0,地表,832.42
XZ,A0033,A0033,29.99000,91.90000,0,70000000000.0,地表,766.28
XZ,A0031,A0031,29.75000,91.94000,0,70000000000.0,地表,460.94
XZ,A0030,A0030,30.09000,92.18000,0,70000000000.0,地表,822.43
XZ,A0032,A0032,29.70000,92.24000,0,70000000000.0,地表,876.12
XZ,A0035,A0035,29.89000,91.78000,0,70000000000.0,地表,530.58
XZ,C0015,C0015,29.32000,92.19000,0,70000000000.0,地表,885.67
XZ,C0004,C0004,29.28000,91.10000,0,70000000000.0,地表,282.84
XZ,C0006,C0006,29.35000,91.14000,0,70000000000.0,地表,848.12
XZ,A0007,A0007,29.68000,91.11000,0,70000000000.0,地表,428.50
XZ,A0004,A0004,29.65000,91.11000,0,70000000000.0,地表,225.63
XZ,A0006,A0006,29.64000,91.15000,0,70000000000.0,地表,614.59
XZ,A0002,A0002,29.71000,91.17000,0,70000000000.0,地表,747.63
XZ,A0003,A0003,29.67000,91.20000,0,70000000000.0,地表,900.00
XZ,A0001,A0001,29.64000,91.24000,0,70000000000.0,地表,348.02
XZ,C0009,C0009,29.14000,91.32000,0,70000000000.0,地表,611.48
XZ,C0018,C0018,28.97000,91.54000,0,70000000000.0,地表,900.00
XZ,G0001,G0001,29.05000,93.07000,0,70000000000.0,地表,855.56
XZ,CZ001,CZ001,29.26000,91.34000,0,70000000000.0,基岩,398.12
XZ,C0008,C0008,29.37000,91.29000,0,70000000000.0,地表,900.00
XZ,C0030,C0030,29.25000,91.39000,0,70000000000.0,地表,391.45
XZ,CQ001,CQ001,29.04000,91.69000,0,70000000000.0,基岩,342.20
XZ,C0019,C0019,29.06000,91.71000,0,70000000000.0,地表,617.21
XZ,C0040,C0040,28.99000,91.89000,0,70000000000.0,地表,870.34
XZ,AL001,AL001,29.89000,91.26000,0,70000000000.0,基岩,248.11
XZ,A0027,A0027,29.65000,91.29000,0,70000000000.0,地表,593.40
XZ,C0022,C0022,29.03000,92.13000,0,70000000000.0,地表,548.18
XZ,A0015,A0015,30.14000,91.37000,0,70000000000.0,地表,396.48
XZ,AD002,AD002,29.67000,91.35000,0,70000000000.0,基岩,364.72
XZ,A0016,A0016,30.31000,91.52000,0,70000000000.0,地表,547.01
XZ,C0035,C0035,29.19000,91.77000,0,70000000000.0,地表,460.73
XZ,A0051,A0051,29.70000,91.38000,0,70000000000.0,地表,900.00
XZ,SNA,山南台,29.22000,91.75000,0,70000000000.0,基岩,703.41
XZ,CJ001,CJ001,29.14000,92.58000,0,70000000000.0,基岩,900.00
XZ,A0011,A0011,29.82000,91.42000,0,70000000000.0,地表,299.89
XZ,A0047,A0047,29.75000,91.45000,0,70000000000.0,地表,618.34
XZ,E0009,E0009,30.47000,92.55000,0,70000000000.0,地表,900.00
XZ,A0050,A0050,29.83000,91.49000,0,70000000000.0,地表,900.00
XZ,C0016,C0016,29.23000,92.01000,0,70000000000.0,地表,534.10
XZ,A0010,A0010,30.07000,91.56000,0,70000000000.0,地表,551.96
XZ,A0048,A0048,29.79000,91.52000,0,70000000000.0,地表,776.27
XZ,C0020,C0020,29.22000,92.21000,0,70000000000.0,地表,900.00
XZ,CS001,CS001,29.27000,92.01000,0,70000000000.0,基岩,593.30
XZ,E0013,E0013,30.44000,92.07000,0,70000000000.0,地表,900.00
XZ,G0005,G0005,30.03000,92.90000,0,70000000000.0,地表,557.92
XZ,A0049,A0049,29.87000,91.57000,0,70000000000.0,地表,526.59
XZ,A0034,A0034,29.77000,91.67000,0,70000000000.0,地表,879.88
XJ,HJGGS,HJGGS,42.94000,83.27000,0,70000000000.0,基岩,474.71
XJ,KOL,库尔勒台,41.89000,85.80000,0,70000000000.0,基岩,771.33
XJ,KORKE,KORKE,41.99000,85.53000,0,70000000000.0,基岩,767.97
XJ,N006C,N006C,40.68000,81.99000,0,70000000000.0,地表,215.65
AH,SG001,SG001,33.48000,116.19000,0,70000000000.0,地表,190.00
AH,P0005,P0005,30.63000,118.97000,0,70000000000.0,地表,306.25
JS,HOZ,HOZ,33.30000,118.87000,0,70000000000.0,基岩,218.36
AH,MCG,蒙城台,33.36000,116.49000,0,70000000000.0,基岩,216.07
AH,HY001,HY001,30.85000,116.34000,0,70000000000.0,地表,476.15
JS,HJ001,HJ001,33.03000,118.99000,0,70000000000.0,地表,235.77
JS,NH001,NH001,33.46000,118.22000,0,70000000000.0,地表,204.51
JS,JIH,JIH,32.95000,119.03000,0,70000000000.0,基岩,235.18
AH,SM001,SM001,33.24000,116.54000,0,70000000000.0,地表,198.26
AH,H0002,H0002,30.52000,117.14000,0,70000000000.0,地表,600.00
AH,LS001,LS001,33.46000,117.85000,0,70000000000.0,地表,193.30
AH,PX001,PX001,30.95000,118.81000,0,70000000000.0,地表,218.03
JS,H0005,H0005,33.11000,118.73000,0,70000000000.0,地表,600.00
AH,JIX,泾县台,30.70000,118.38000,0,70000000000.0,基岩,899.75
JS,GC,高淳台,31.35000,119.02000,0,70000000000.0,基岩,405.09
AH,RQ001,RQ001,30.64000,117.84000,0,70000000000.0,地表,325.75
AH,N0009,N0009,31.37000,116.19000,0,70000000000.0,地表,510.14
AH,CG001,CG001,33.34000,117.36000,0,70000000000.0,地表,198.71
AH,MT001,MT001,32.68000,118.97000,0,70000000000.0,地表,224.43
JS,N0003,N0003,33.24000,118.18000,0,70000000000.0,地表,246.28
AH,GZ001,GZ001,30.71000,117.27000,0,70000000000.0,地表,435.95
AH,R0001,R0001,30.70000,117.58000,0,70000000000.0,地表,457.65
JS,AC001,AC001,31.33000,118.90000,0,70000000000.0,地表,225.59
JS,XY,盱眙台,33.01000,118.50000,0,70000000000.0,基岩,426.53
AH,BN001,BN001,30.91000,118.31000,0,70000000000.0,地表,332.84
AH,N0008,N0008,31.41000,116.34000,0,70000000000.0,地表,237.50
AH,N0003,N0003,31.56000,116.28000,0,70000000000.0,地表,413.86
AH,BZ001,BZ001,31.12000,118.59000,0,70000000000.0,地表,329.03
JS,A0001,A0001,31.86000,119.00000,0,70000000000.0,地表,230.95
AH,HQT,霍邱台,32.21000,116.24000,0,70000000000.0,基岩,235.20
JS,H0006,H0006,32.80000,118.58000,0,70000000000.0,地表,278.61
AH,CW001,CW001,33.14000,117.88000,0,70000000000.0,地表,600.00
AH,NH001,NH001,32.34000,116.30000,0,70000000000.0,地表,235.66
AH,G0001,G0001,30.85000,117.71000,0,70000000000.0,地表,600.00
AH,EB001,EB001,31.56000,118.84000,0,70000000000.0,地表,296.48
JS,AL001,AL001,32.33000,118.88000,0,70000000000.0,地表,238.44
JS,A0003,A0003,32.36000,118.86000,0,70000000000.0,地表,228.71
AH,N0002,N0002,31.63000,116.36000,0,70000000000.0,地表,224.51
AH,GY001,GY001,30.93000,117.94000,0,70000000000.0,地表,430.26
JS,AX001,AX001,32.12000,118.88000,0,70000000000.0,地表,407.06
JS,AQ001,AQ001,32.01000,118.86000,0,70000000000.0,地表,276.95
AH,N0001,N0001,31.92000,116.35000,0,70000000000.0,地表,265.60
AH,D0003,D0003,32.65000,116.63000,0,70000000000.0,地表,209.50
AH,DF001,DF001,32.72000,116.71000,0,70000000000.0,地表,223.54
AH,CH001,CH001,32.99000,117.19000,0,70000000000.0,地表,193.86
AH,GT001,GT001,30.97000,117.84000,0,70000000000.0,地表,261.10
JS,H0004,H0004,32.83000,118.32000,0,70000000000.0,地表,294.36
AH,D0004,D0004,32.76000,116.82000,0,70000000000.0,地表,191.43
AH,C0003,C0003,32.98000,117.37000,0,70000000000.0,地表,216.69
AH,B0003,B0003,31.25000,118.42000,0,70000000000.0,地表,224.80
AH,N0005,N0005,31.61000,116.52000,0,70000000000.0,地表,245.50
AH,JAS,嘉山台,32.81000,118.26000,0,70000000000.0,基岩,737.88
AH,NY001,NY001,31.74000,116.47000,0,70000000000.0,地表,273.11
AH,C0002,C0002,32.98000,117.54000,0,70000000000.0,地表,186.98
AH,DTT,当涂台,31.47000,118.58000,0,70000000000.0,基岩,630.92
JS,AG001,AG001,32.05000,118.75000,0,70000000000.0,地表,435.82
JS,A0005,A0005,32.08000,118.74000,0,70000000000.0,地表,318.42
AH,C0001,C0001,32.92000,117.33000,0,70000000000.0,地表,226.80
AH,BEB,蚌埠台,32.91000,117.30000,0,70000000000.0,基岩,239.78
AH,N0012,N0012,31.34000,116.77000,0,70000000000.0,地表,346.39
AH,B0001,B0001,31.34000,118.40000,0,70000000000.0,地表,328.82
AH,D0001,D0001,32.63000,116.82000,0,70000000000.0,地表,358.92
AH,MF001,MF001,32.88000,117.55000,0,70000000000.0,地表,298.50
JS,A0002,A0002,31.86000,118.64000,0,70000000000.0,地表,360.59
AH,DS001,DS001,32.55000,116.79000,0,70000000000.0,地表,202.37
AH,MM001,MM001,32.80000,117.99000,0,70000000000.0,地表,321.75
AH,B0002,B0002,31.41000,118.39000,0,70000000000.0,地表,228.68
AH,N0004,N0004,31.55000,116.70000,0,70000000000.0,地表,287.62
AH,D0006,D0006,32.60000,116.87000,0,70000000000.0,地表,344.14
AH,ML001,ML001,32.46000,118.41000,0,70000000000.0,地表,277.96
AH,N0006,N0006,31.94000,116.63000,0,70000000000.0,地表,279.04
AH,SCH,舒城台,31.35000,116.98000,0,70000000000.0,基岩,502.75
AH,D0005,D0005,32.61000,116.98000,0,70000000000.0,地表,288.00
AH,EY001,EY001,31.67000,118.49000,0,70000000000.0,地表,228.19
AH,EH001,EH001,31.70000,118.50000,0,70000000000.0,地表,315.09
AH,D0002,D0002,32.68000,117.11000,0,70000000000.0,地表,242.21
AH,D0008,D0008,32.37000,116.78000,0,70000000000.0,地表,237.75
AH,AJ001,AJ001,31.33000,117.09000,0,70000000000.0,地表,286.01
AH,NS001,NS001,31.47000,116.92000,0,70000000000.0,地表,210.57
AH,A0010,A0010,31.28000,117.27000,0,70000000000.0,地表,332.89
AH,D0007,D0007,32.15000,116.74000,0,70000000000.0,地表,203.41
JS,A0004,A0004,32.04000,118.46000,0,70000000000.0,地表,377.58
AH,M0002,M0002,32.21000,118.42000,0,70000000000.0,地表,338.28
AH,BW001,BW001,31.30000,117.89000,0,70000000000.0,地表,230.77
AH,M0001,M0001,32.28000,118.31000,0,70000000000.0,地表,330.19
AH,EX001,EX001,31.74000,118.33000,0,70000000000.0,地表,272.35
AH,AF001,AF001,32.47000,117.15000,0,70000000000.0,地表,233.14
AH,A0007,A0007,31.82000,116.91000,0,70000000000.0,地表,256.29
AH,MQ001,MQ001,32.13000,118.29000,0,70000000000.0,地表,231.23
AH,A0008,A0008,31.60000,117.08000,0,70000000000.0,地表,227.74
AH,HEF,合肥台,31.73000,117.00000,0,70000000000.0,基岩,467.78
AH,MD001,MD001,32.54000,117.68000,0,70000000000.0,地表,257.69
AH,BAS,白山台,31.47000,117.38000,0,70000000000.0,基岩,296.89
AH,ES001,ES001,31.74000,118.10000,0,70000000000.0,地表,299.03
AH,AS001,AS001,31.87000,117.10000,0,70000000000.0,地表,238.77
AH,AX001,AX001,31.74000,117.18000,0,70000000000.0,地表,296.78
AH,A0005,A0005,31.65000,117.92000,0,70000000000.0,地表,800.00
AH,AC001,AC001,31.61000,117.83000,0,70000000000.0,地表,781.82
AH,A0009,A0009,32.21000,117.25000,0,70000000000.0,地表,288.18
AH,A0001,A0001,31.82000,117.22000,0,70000000000.0,地表,327.65
AH,A0004,A0004,31.72000,117.35000,0,70000000000.0,地表,241.86
AH,A0003,A0003,31.90000,117.22000,0,70000000000.0,地表,332.89
AH,AB001,AB001,31.79000,117.30000,0,70000000000.0,地表,293.31
AH,AL001,AL001,31.87000,117.27000,0,70000000000.0,地表,212.57
AH,AY001,AY001,31.86000,117.30000,0,70000000000.0,地表,289.69
AH,A0002,A0002,31.90000,117.37000,0,70000000000.0,地表,261.17
AH,AD001,AD001,31.88000,117.44000,0,70000000000.0,地表,238.52
XJ,B0021,B0021,44.54000,88.28000,0,70000000000.0,地表,290.29
XJ,JIMHQ,JIMHQ,44.35000,88.92000,0,70000000000.0,基岩,218.31
XJ,B0030,B0030,43.98000,89.23000,0,70000000000.0,地表,316.62
XJ,B0035,B0035,44.35000,88.72000,0,70000000000.0,地表,224.55
XJ,FKGZN,FKGZN,44.36000,88.44000,0,70000000000.0,基岩,229.09
XJ,B0020,B0020,44.24000,88.71000,0,70000000000.0,地表,236.22
XJ,B0038,B0038,44.09000,88.89000,0,70000000000.0,地表,342.29
XJ,AG002,AG002,43.90000,87.49000,0,70000000000.0,地表,346.76
XJ,B0016,B0016,44.25000,87.96000,0,70000000000.0,地表,245.90
XJ,A000B,A000B,43.92000,87.57000,0,70000000000.0,地表,350.27
XJ,AG007,AG007,43.90000,87.59000,0,70000000000.0,地表,348.98
XJ,A000C,A000C,43.93000,87.61000,0,70000000000.0,地表,342.57
XJ,B003A,B003A,43.85000,88.94000,0,70000000000.0,地表,520.30
XJ,AM003,AM003,43.92000,87.62000,0,70000000000.0,地表,346.52
XJ,BF003,BF003,44.19000,88.47000,0,70000000000.0,地表,274.73
XJ,A0016,A0016,43.92000,87.64000,0,70000000000.0,地表,330.93
XJ,B0012,B0012,44.14000,87.94000,0,70000000000.0,地表,378.58
XJ,B0015,B0015,44.17000,88.07000,0,70000000000.0,地表,292.78
XJ,A001A,A001A,44.00000,87.74000,0,70000000000.0,地表,363.04
XJ,B001D,B001D,44.18000,88.30000,0,70000000000.0,地表,295.19
XJ,A000F,A000F,44.03000,87.80000,0,70000000000.0,地表,310.86
XJ,B0019,B0019,44.10000,88.60000,0,70000000000.0,地表,420.69
XJ,A001B,A001B,43.98000,87.76000,0,70000000000.0,地表,395.10
XJ,B0017,B0017,44.11000,88.06000,0,70000000000.0,地表,485.90
XJ,AS004,AS004,43.78000,87.72000,0,70000000000.0,地表,666.73
XJ,JIMLT,JIMLT,43.95000,88.70000,0,70000000000.0,基岩,602.03
XJ,B0014,B0014,44.10000,88.37000,0,70000000000.0,地表,447.43
XJ,TCH,天池台,43.94000,88.12000,0,70000000000.0,基岩,597.18
XZ,NMA,尼玛台,31.80000,87.23000,0,70000000000.0,基岩,425.02
GZ,E0003,E0003,25.64000,105.60000,0,70000000000.0,地表,888.43
GZ,EX001,EX001,25.43000,105.18000,0,70000000000.0,地表,622.29
GZ,B0001,B0001,25.71000,104.46000,0,70000000000.0,地表,551.84
YN,D2504,D2504,25.81000,104.29000,0,70000000000.0,地表,546.40
YN,D8123,D8123,26.18000,104.10000,0,70000000000.0,地表,438.19
YN,D2503,D2503,25.87000,104.34000,0,70000000000.0,地表,900.00
GZ,EP001,EP001,25.80000,104.93000,0,70000000000.0,地表,768.75
YN,D8102,D8102,26.09000,104.23000,0,70000000000.0,地表,677.58
YN,D8119,D8119,26.02000,104.27000,0,70000000000.0,地表,667.59
YN,D8105,D8105,26.49000,104.38000,0,70000000000.0,地表,469.36
YN,D8106,D8106,26.41000,104.35000,0,70000000000.0,地表,572.76
YN,D8122,D8122,26.22000,104.33000,0,70000000000.0,地表,756.48
GZ,ZHS01,ZHS01,26.64000,104.79000,0,70000000000.0,基岩,701.18
GZ,BZ001,BZ001,26.62000,104.81000,0,70000000000.0,地表,696.91
YN,DX001,DX001,26.46000,104.51000,0,70000000000.0,地表,602.49
YN,D8116,D8116,26.15000,104.46000,0,70000000000.0,地表,621.96
YN,D8101,D8101,26.31000,104.46000,0,70000000000.0,地表,451.50
YN,D8111,D8111,26.35000,104.57000,0,70000000000.0,地表,640.87
GZ,B0002,B0002,26.26000,104.93000,0,70000000000.0,地表,851.76
XJ,G0038,G0038,44.35000,84.57000,0,70000000000.0,地表,319.99
XJ,USUTB,USUTB,44.18000,84.22000,0,70000000000.0,基岩,446.83
XJ,G001D,G001D,44.06000,85.52000,0,70000000000.0,地表,372.24
XJ,CS004,CS004,43.94000,85.68000,0,70000000000.0,地表,474.94
XJ,GW003,GW003,44.17000,84.36000,0,70000000000.0,地表,642.03
XJ,G001C,G001C,44.05000,85.46000,0,70000000000.0,地表,361.19
XJ,G0033,G0033,44.15000,84.46000,0,70000000000.0,地表,556.40
XJ,GS003,GS003,44.05000,85.38000,0,70000000000.0,地表,417.69
XJ,G0016,G0016,43.95000,85.53000,0,70000000000.0,地表,482.67
XJ,G0024,G0024,44.07000,85.10000,0,70000000000.0,地表,540.54
XJ,G000E,G000E,43.98000,85.14000,0,70000000000.0,地表,497.48
XJ,USUBY,USUBY,43.99000,84.91000,0,70000000000.0,基岩,900.00
XJ,G0032,G0032,43.94000,84.56000,0,70000000000.0,地表,681.49
XJ,HJGBJ,HJGBJ,43.14000,85.28000,0,70000000000.0,基岩,865.41
XJ,M0012,M0012,43.32000,85.01000,0,70000000000.0,地表,900.00
SC,V3272,V3272台,32.67000,98.23000,0,70000000000.0,地表,553.14
QH,YUSJG,YUSJG,33.01000,97.02000,0,70000000000.0,基岩,588.41
QH,GC063,GC063,33.39000,97.11000,0,70000000000.0,地表,896.68
SC,U2611,U2611,31.74000,101.72000,0,70000000000.0,地表,900.00
SC,U2604,U2604,31.64000,101.43000,0,70000000000.0,地表,900.00
SC,MEKME,MEKME,31.86000,101.71000,0,70000000000.0,基岩,900.00
SC,U2606,U2606,31.81000,101.65000,0,70000000000.0,地表,900.00
SC,U0103,U0103,32.16000,101.73000,0,70000000000.0,地表,900.00
SC,U3004,U3004,31.80000,101.07000,0,70000000000.0,地表,900.00
SC,U2605,U2605,31.81000,101.49000,0,70000000000.0,地表,900.00
SC,UR001,UR001,31.78000,101.31000,0,70000000000.0,地表,900.00
SC,V3301,V3301,31.94000,100.94000,0,70000000000.0,地表,900.00
SC,U3001,U3001,32.40000,101.09000,0,70000000000.0,地表,496.23
SC,UM004,UM004,32.22000,101.59000,0,70000000000.0,地表,675.54
SC,RTSL,RTSL,31.90000,101.11000,0,70000000000.0,基岩,900.00
SC,UR004,UR004,32.07000,100.98000,0,70000000000.0,地表,857.67
SC,U3003,U3003,32.35000,101.18000,0,70000000000.0,地表,636.61
SC,UR003,UR003,32.31000,101.27000,0,70000000000.0,地表,597.71
SC,W2212,W2212,27.90000,100.95000,0,70000000000.0,地表,578.37
SC,W2218,W2218,27.97000,101.02000,0,70000000000.0,地表,900.00
SC,W2203,W2203,27.87000,100.50000,0,70000000000.0,地表,900.00
YN,PNL07,PNL07,27.85000,100.68000,0,70000000000.0,基岩,471.64
SC,WY001,WY001,27.67000,101.45000,0,70000000000.0,地表,484.45
SC,W2312,W2312,27.90000,101.51000,0,70000000000.0,地表,900.00
SC,W2214,W2214,28.01000,101.48000,0,70000000000.0,地表,900.00
SC,W2208,W2208,27.87000,101.26000,0,70000000000.0,地表,900.00
SC,W2220,W2220,27.93000,101.29000,0,70000000000.0,地表,900.00
SC,W2205,W2205,28.34000,101.35000,0,70000000000.0,地表,900.00
SC,W2207,W2207,27.99000,101.22000,0,70000000000.0,地表,767.19
SC,V3704,V3704,28.05000,100.33000,0,70000000000.0,地表,900.00
SC,W3312,冕宁大桥台,28.74000,102.15000,0,70000000000.0,地表,660.76
SC,W3307,冕宁漫水台,28.21000,102.17000,0,70000000000.0,地表,699.79
SC,W3313,W3313,28.32000,102.11000,0,70000000000.0,地表,886.92
SC,WN002,WN002,28.46000,102.07000,0,70000000000.0,地表,333.88
SC,W0115,W0115,27.95000,101.96000,0,70000000000.0,地表,900.00
SC,W3318,W3318,28.53000,101.89000,0,70000000000.0,地表,900.00
SC,V2410,V2410,28.66000,101.73000,0,70000000000.0,地表,900.00
SC,V2406,V2406,28.74000,101.68000,0,70000000000.0,地表,900.00
SC,YYMZP,YYMZP,28.08000,101.78000,0,70000000000.0,基岩,547.21
SC,V2414,V2414,28.48000,101.74000,0,70000000000.0,地表,900.00
SC,VJ002,VJ002,28.61000,101.69000,0,70000000000.0,地表,569.90
SC,V2405,V2405,28.44000,101.69000,0,70000000000.0,地表,706.28
SC,LBXJ,拉波乡基准站,29.13000,100.60000,0,70000000000.0,基岩,603.94
SC,MLMDL,MLMDL,28.60000,101.22000,0,70000000000.0,基岩,900.00
XJ,Q0052,Q0052,38.42000,77.38000,0,70000000000.0,地表,196.27
XJ,Q0053,Q0053,38.53000,77.38000,0,70000000000.0,地表,199.82
XJ,Q003E,Q003E,38.56000,77.55000,0,70000000000.0,地表,215.61
XJ,P006B,P006B,39.33000,75.28000,0,70000000000.0,地表,341.17
XJ,Q008A,Q008A,38.90000,75.94000,0,70000000000.0,地表,418.45
XJ,KSH,喀什台,39.15000,75.57000,0,70000000000.0,基岩,350.77
XJ,Q008F,Q008F,39.01000,75.88000,0,70000000000.0,地表,344.81
XJ,Q008B,Q008B,38.95000,76.02000,0,70000000000.0,地表,366.94
XJ,P002B,P002B,39.08000,75.78000,0,70000000000.0,地表,289.87
XJ,Q0061,Q0061,39.18000,75.71000,0,70000000000.0,地表,314.09
XJ,Q005E,Q005E,39.27000,75.60000,0,70000000000.0,地表,286.17
XJ,PW001,PW001,39.72000,75.25000,0,70000000000.0,地表,375.91
XJ,Q0060,Q0060,39.45000,75.44000,0,70000000000.0,地表,421.47
XJ,Q0065,Q0065,39.26000,75.71000,0,70000000000.0,地表,236.75
XJ,P0066,P0066,40.33000,75.14000,0,70000000000.0,地表,597.33
XJ,P0067,P0067,40.27000,75.19000,0,70000000000.0,地表,561.11
XJ,P006D,P006D,40.22000,75.23000,0,70000000000.0,地表,754.52
XJ,QS005,QS005,39.48000,75.63000,0,70000000000.0,地表,327.07
XJ,Q005D,Q005D,39.56000,75.54000,0,70000000000.0,地表,354.57
XJ,Q005C,Q005C,39.41000,75.73000,0,70000000000.0,地表,279.37
XJ,P006E,P006E,39.82000,75.42000,0,70000000000.0,地表,412.51
XJ,P006F,P006F,39.74000,75.48000,0,70000000000.0,地表,360.63
XJ,P0037,P0037,39.68000,75.54000,0,70000000000.0,地表,601.57
XJ,P0054,P0054,40.51000,75.39000,0,70000000000.0,地表,441.63
XJ,Q0063,Q0063,39.52000,75.74000,0,70000000000.0,地表,489.97
XJ,PW008,PW008,39.77000,75.59000,0,70000000000.0,地表,470.23
XJ,P0053,P0053,40.36000,75.42000,0,70000000000.0,地表,415.52
XJ,P0071,P0071,39.84000,75.56000,0,70000000000.0,地表,628.70
XJ,Q0064,Q0064,39.52000,75.82000,0,70000000000.0,地表,482.59
XJ,Q003A,Q003A,39.47000,75.88000,0,70000000000.0,地表,268.75
XJ,P0076,P0076,40.03000,75.48000,0,70000000000.0,地表,767.35
XJ,P0052,P0052,39.70000,75.72000,0,70000000000.0,地表,395.74
XJ,PW002,PW002,39.95000,75.55000,0,70000000000.0,地表,667.80
XJ,PT006,PT006,39.62000,75.83000,0,70000000000.0,地表,347.50
XJ,Q0038,Q0038,39.49000,76.10000,0,70000000000.0,地表,238.82
XJ,ATS,阿图什台,39.80000,75.84000,0,70000000000.0,基岩,385.53
XJ,P003D,P003D,39.87000,75.84000,0,70000000000.0,地表,470.62
XJ,WQATL,WQATL,40.05000,75.79000,0,70000000000.0,基岩,562.65
XJ,P0072,P0072,40.16000,75.78000,0,70000000000.0,地表,461.84
XJ,P003E,P003E,40.01000,75.88000,0,70000000000.0,地表,396.97
XJ,P0038,P0038,39.94000,75.94000,0,70000000000.0,地表,427.23
XJ,PT002,PT002,39.83000,76.06000,0,70000000000.0,地表,311.77
QH,C0014,C0014,37.17000,102.15000,0,70000000000.0,地表,395.55
GS,GS210,GS210,38.65000,101.53000,0,70000000000.0,地表,290.28
QH,CQ010,CQ010,38.18000,100.24000,0,70000000000.0,地表,636.07
QH,C0017,C0017,37.26000,102.14000,0,70000000000.0,地表,605.80
GS,G000E,G000E,38.64000,101.13000,0,70000000000.0,地表,347.50
GS,GS201,GS201,38.64000,101.27000,0,70000000000.0,地表,279.50
QH,C0057,C0057,38.18000,100.32000,0,70000000000.0,地表,720.42
QH,C0058,C0058,38.12000,100.31000,0,70000000000.0,地表,850.18
GS,GS002,GS002,38.58000,101.24000,0,70000000000.0,地表,333.19
QH,C0049,C0049,37.97000,100.28000,0,70000000000.0,地表,862.54
GS,YCFNB,YCFNB,38.09000,102.14000,0,70000000000.0,基岩,652.77
QH,C0019,C0019,37.24000,101.94000,0,70000000000.0,地表,798.20
GS,H0015,H0015,37.91000,102.20000,0,70000000000.0,地表,796.69
GS,SDNLJ,SDNLJ,38.50000,101.42000,0,70000000000.0,基岩,462.12
QH,C0020,C0020,37.36000,101.99000,0,70000000000.0,地表,769.99
GS,G0009,G0009,38.50000,101.33000,0,70000000000.0,地表,449.52
QH,AD010,AD010,37.14000,101.60000,0,70000000000.0,地表,637.36
QH,CQ012,CQ012,38.06000,100.44000,0,70000000000.0,地表,745.77
GS,GS209,GS209,38.44000,101.50000,0,70000000000.0,地表,408.40
GS,G0001,G0001,38.45000,101.45000,0,70000000000.0,地表,522.81
QH,AD002,AD002,37.11000,101.33000,0,70000000000.0,地表,565.60
GS,CY204,CY204,38.37000,101.64000,0,70000000000.0,地表,363.40
GS,GM204,GM204,38.39000,100.93000,0,70000000000.0,地表,378.20
GS,G0002,G0002,38.42000,101.12000,0,70000000000.0,地表,423.69
GS,C0005,C0005,38.19000,101.86000,0,70000000000.0,地表,462.31
GS,GS003,GS003,38.40000,101.05000,0,70000000000.0,地表,369.66
GS,G0004,G0004,38.40000,101.17000,0,70000000000.0,地表,522.49
GS,SUNHC,SUNHC,37.83000,102.01000,0,70000000000.0,基岩,446.08
QH,C0040,C0040,38.04000,100.54000,0,70000000000.0,地表,508.79
GS,G0014,G0014,38.31000,100.88000,0,70000000000.0,地表,404.61
GS,G0005,G0005,38.34000,101.02000,0,70000000000.0,地表,336.24
GS,C0003,C0003,38.29000,101.59000,0,70000000000.0,地表,341.41
GS,G0010,G0010,38.27000,100.91000,0,70000000000.0,地表,453.48
GS,GS207,GS207,38.30000,101.02000,0,70000000000.0,地表,378.45
GS,GS001,GS001,38.32000,101.18000,0,70000000000.0,地表,385.87
QH,C0041,C0041,38.03000,100.64000,0,70000000000.0,地表,618.48
QH,CQ046,CQ046,37.72000,100.57000,0,70000000000.0,地表,406.57
QH,CM015,CM015,37.33000,101.60000,0,70000000000.0,地表,832.62
GS,G0006,G0006,38.30000,101.22000,0,70000000000.0,地表,381.48
GS,C0008,C0008,38.20000,101.59000,0,70000000000.0,地表,360.87
GS,CY004,CY004,38.22000,101.51000,0,70000000000.0,地表,344.44
QH,C0038,C0038,37.99000,100.76000,0,70000000000.0,地表,310.12
QH,C0039,C0039,37.92000,100.73000,0,70000000000.0,地表,595.85
GS,GS206,GS206,38.17000,101.16000,0,70000000000.0,地表,427.51
QH,C0026,C0026,37.48000,101.53000,0,70000000000.0,地表,401.93
QH,C0032,C0032,37.41000,101.28000,0,70000000000.0,地表,626.78
QH,MEYQS,MEYQS,37.47000,101.40000,0,70000000000.0,基岩,452.50
GS,G0008,G0008,38.09000,101.36000,0,70000000000.0,地表,377.67
GS,GS205,GS205,38.10000,101.20000,0,70000000000.0,地表,390.22
QH,CQ013,CQ013,37.97000,100.93000,0,70000000000.0,地表,664.55
QH,CM016,CM016,37.57000,101.44000,0,70000000000.0,地表,447.40
GS,GS204,GS204,38.03000,101.24000,0,70000000000.0,地表,666.33
QH,C0035,C0035,37.90000,101.01000,0,70000000000.0,地表,407.50
QH,C0027,C0027,37.63000,101.35000,0,70000000000.0,地表,579.89
GS,GS203,GS203,37.91000,101.26000,0,70000000000.0,地表,744.68
QH,C0036,C0036,37.84000,101.11000,0,70000000000.0,地表,467.15
QH,C0028,C0028,37.71000,101.31000,0,70000000000.0,地表,485.05
XJ,N0075,N0075,40.19000,81.02000,0,70000000000.0,地表,199.49
XJ,F0083,F0083,43.96000,81.67000,0,70000000000.0,地表,483.93
XJ,F0015,F0015,43.80000,81.25000,0,70000000000.0,地表,318.45
XJ,FI002,FI002,43.92000,81.69000,0,70000000000.0,地表,433.89
XJ,F008A,F008A,43.87000,81.79000,0,70000000000.0,地表,371.28
XJ,F0049,F0049,43.91000,82.09000,0,70000000000.0,地表,495.47
XJ,F0082,F0082,43.86000,81.95000,0,70000000000.0,地表,497.31
XJ,F0040,F0040,43.90000,82.31000,0,70000000000.0,地表,431.60
XJ,F0079,F0079,43.78000,81.65000,0,70000000000.0,地表,231.54
XJ,F0078,F0078,43.82000,81.84000,0,70000000000.0,地表,281.82
XJ,FN004,FN004,43.86000,82.19000,0,70000000000.0,地表,467.38
XJ,YNIDM,YNIDM,43.79000,81.93000,0,70000000000.0,基岩,667.10
XJ,N0072,N0072,40.44000,81.17000,0,70000000000.0,地表,187.97
XJ,F0089,F0089,43.75000,81.86000,0,70000000000.0,地表,312.83
XJ,F0044,F0044,43.81000,82.31000,0,70000000000.0,地表,313.66
XJ,F004A,F004A,43.81000,82.46000,0,70000000000.0,地表,469.51
XJ,N0071,N0071,40.55000,81.05000,0,70000000000.0,地表,221.41
XJ,F0085,F0085,43.72000,81.87000,0,70000000000.0,地表,274.08
XJ,FN002,FN002,43.78000,82.52000,0,70000000000.0,地表,273.19
XJ,FI003,FI003,43.68000,81.79000,0,70000000000.0,地表,261.16
XJ,ALR,阿拉尔台,40.49000,81.32000,0,70000000000.0,基岩,198.43
XJ,N006F,N006F,40.66000,81.02000,0,70000000000.0,地表,190.49
XJ,NL001,NL001,40.56000,81.27000,0,70000000000.0,地表,186.82
XJ,F0017,F0017,43.60000,81.92000,0,70000000000.0,地表,315.62
XJ,NILAY,NILAY,43.64000,82.23000,0,70000000000.0,基岩,351.07
XJ,N006E,N006E,40.68000,81.32000,0,70000000000.0,地表,213.96
XJ,N006B,N006B,40.85000,81.07000,0,70000000000.0,地表,214.33
XJ,F0021,F0021,43.51000,82.06000,0,70000000000.0,地表,344.90
XJ,N006D,N006D,40.55000,81.70000,0,70000000000.0,地表,201.60
XJ,GLXAK,GLXAK,43.46000,81.90000,0,70000000000.0,基岩,583.29
XJ,FG001,FG001,43.50000,82.23000,0,70000000000.0,地表,249.02
XJ,N0073,N0073,40.66000,81.51000,0,70000000000.0,地表,206.87
XJ,F001E,F001E,43.47000,82.13000,0,70000000000.0,地表,312.60
XJ,FG002,FG002,43.49000,82.41000,0,70000000000.0,地表,263.27
XJ,F001A,F001A,43.48000,82.30000,0,70000000000.0,地表,339.13
XJ,F0063,F0063,43.45000,82.96000,0,70000000000.0,地表,276.75
XJ,F0019,F0019,43.46000,82.25000,0,70000000000.0,地表,293.95
XJ,F0020,F0020,43.44000,82.18000,0,70000000000.0,地表,345.51
XJ,XYTXY,XYTXY,43.39000,83.16000,0,70000000000.0,基岩,705.80
XJ,F0016,F0016,43.42000,82.47000,0,70000000000.0,地表,352.76
XJ,XYTMC,XYTMC,43.41000,82.66000,0,70000000000.0,基岩,541.28
XJ,TEKQL,TEKQL,43.23000,81.64000,0,70000000000.0,基岩,541.31
XJ,NA003,NA003,40.70000,81.77000,0,70000000000.0,地表,221.36
XJ,F0018,F0018,43.37000,82.27000,0,70000000000.0,地表,568.33
XJ,FZ002,FZ002,42.86000,81.08000,0,70000000000.0,地表,346.05
XJ,F0056,F0056,43.23000,81.83000,0,70000000000.0,地表,424.91
XJ,FN006,FN006,43.21000,81.84000,0,70000000000.0,地表,323.77
XJ,F001C,F001C,43.31000,82.49000,0,70000000000.0,地表,702.31
XJ,F0054,F0054,43.16000,81.74000,0,70000000000.0,地表,528.27
XJ,F0053,F0053,43.18000,81.82000,0,70000000000.0,地表,265.78
XJ,N0074,N0074,40.75000,81.93000,0,70000000000.0,地表,192.99
XJ,F004F,F004F,43.21000,81.95000,0,70000000000.0,地表,343.69
XJ,FG003,FG003,43.28000,82.65000,0,70000000000.0,地表,440.15
XJ,F004C,F004C,43.18000,81.88000,0,70000000000.0,地表,315.16
XJ,F004D,F004D,43.23000,82.09000,0,70000000000.0,地表,388.11
XJ,F005D,F005D,43.26000,82.36000,0,70000000000.0,地表,701.99
XJ,F001B,F001B,43.25000,82.81000,0,70000000000.0,地表,407.54
XJ,FN005,FN005,43.23000,82.29000,0,70000000000.0,地表,358.32
XJ,ZSXSE,ZSXSE,42.86000,81.34000,0,70000000000.0,基岩,594.76
XJ,FN007,FN007,43.09000,81.77000,0,70000000000.0,地表,351.92
XJ,F001D,F001D,43.22000,82.62000,0,70000000000.0,地表,800.79
XJ,F004E,F004E,43.11000,82.14000,0,70000000000.0,地表,453.05
XJ,KUQAG,KUQAG,42.19000,83.20000,0,70000000000.0,基岩,732.83
XJ,BCGKL,BCGKL,42.29000,82.93000,0,70000000000.0,基岩,589.32
YN,R2207,R2207,27.92000,99.27000,0,70000000000.0,地表,900.00
SC,WT001,WT001,27.80000,102.77000,0,70000000000.0,地表,473.43
YN,D8103,D8103,26.32000,103.99000,0,70000000000.0,地表,285.79
SC,W2901,布拖包谷坪台,27.43000,102.82000,0,70000000000.0,地表,900.00
YN,DHZ01,DHZ01,26.46000,103.85000,0,70000000000.0,基岩,584.86
SC,W2907,布拖乌依台,27.48000,102.93000,0,70000000000.0,地表,900.00
QH,HM071,HM071,38.25000,90.85000,0,70000000000.0,地表,368.06
FJ,H0011,H0011,26.56000,118.13000,0,70000000000.0,地表,900.00
FJ,A0002,A0002,26.01000,119.00000,0,70000000000.0,地表,900.00
FJ,A0014,A0014,25.89000,118.63000,0,70000000000.0,地表,900.00
FJ,G6014,G6014,26.29000,118.49000,0,70000000000.0,地表,900.00
FJ,A0005,A0005,26.02000,118.84000,0,70000000000.0,地表,900.00
FJ,A0019,A0019,25.90000,118.68000,0,70000000000.0,地表,900.00
FJ,C5506,永春县桃城仓山台,25.36000,118.36000,0,70000000000.0,地表,900.00
FJ,G7012,G7012,26.37000,117.88000,0,70000000000.0,地表,550.26
FJ,J2014,J2014,26.63000,119.02000,0,70000000000.0,地表,778.65
FJ,E6914,龙海市紫泥新洋台,24.47000,117.86000,0,70000000000.0,地表,231.75
FJ,A9009,A9009,26.07000,118.68000,0,70000000000.0,地表,900.00
FJ,C5306,惠安县大淡台,24.92000,118.89000,0,70000000000.0,地表,447.24
ZJ,CR001,CR001,27.79000,120.66000,0,70000000000.0,地表,900.00
FJ,G5004,G5004,25.54000,117.96000,0,70000000000.0,地表,900.00
FJ,EL101,EL101,24.45000,117.83000,0,70000000000.0,地表,226.56
FJ,D2407,同安区莲花镇蔗内台,24.76000,117.99000,0,70000000000.0,地表,900.00
FJ,C5501,永春县外山机房台,25.32000,118.47000,0,70000000000.0,地表,900.00
FJ,J2006,J2006,26.76000,118.71000,0,70000000000.0,地表,841.32
FJ,G6002,G6002,25.93000,118.21000,0,70000000000.0,地表,900.00
FJ,A9008,A9008,26.14000,118.74000,0,70000000000.0,地表,371.65
FJ,A0003,A0003,25.84000,118.50000,0,70000000000.0,地表,900.00
FJ,G7008,G7008,26.13000,117.77000,0,70000000000.0,地表,900.00
FJ,G7010,G7010,26.34000,117.95000,0,70000000000.0,地表,659.74
FJ,G5006,G5006,25.94000,117.89000,0,70000000000.0,地表,900.00
FJ,J3008,J3008,26.96000,119.01000,0,70000000000.0,地表,583.70
FJ,G6007,G6007,26.24000,118.26000,0,70000000000.0,地表,900.00
FJ,J2004,J2004,26.57000,118.93000,0,70000000000.0,地表,900.00
FJ,C5408,安溪县西坪宝山台,24.99000,117.87000,0,70000000000.0,地表,900.00
FJ,C5409,安溪县西坪龙地台,25.03000,117.96000,0,70000000000.0,地表,900.00
FJ,E6907,龙海市海澄分局台,24.42000,117.85000,0,70000000000.0,地表,289.26
FJ,A6009,A6009,26.35000,118.96000,0,70000000000.0,地表,569.97
FJ,E6901,龙海市浮宫美山台,24.35000,117.94000,0,70000000000.0,地表,423.64
FJ,A0017,A0017,25.98000,118.93000,0,70000000000.0,地表,900.00
FJ,A0009,A0009,25.78000,118.86000,0,70000000000.0,地表,900.00
FJ,A6008,A6008,26.27000,118.88000,0,70000000000.0,地表,900.00
FJ,E6915,龙海市石码台,24.45000,117.81000,0,70000000000.0,地表,600.00
FJ,A9003,A9003,26.02000,118.58000,0,70000000000.0,地表,900.00
FJ,H2004,H2004,26.96000,118.00000,0,70000000000.0,地表,900.00
FJ,H9003,H9003,27.09000,118.49000,0,70000000000.0,地表,846.49
FJ,G6011,G6011,26.19000,118.08000,0,70000000000.0,地表,900.00
FJ,J3004,J3004,26.93000,118.82000,0,70000000000.0,地表,900.00
FJ,J3005,J3005,26.90000,118.98000,0,70000000000.0,地表,777.20
FJ,J3009,J3009,26.82000,119.01000,0,70000000000.0,地表,900.00
FJ,A9006,A9006,26.31000,118.72000,0,70000000000.0,地表,753.23
FJ,A9002,A9002,26.19000,118.66000,0,70000000000.0,地表,900.00
FJ,A9005,A9005,26.15000,118.84000,0,70000000000.0,地表,900.00
FJ,C5705,石狮市灵秀台,24.73000,118.61000,0,70000000000.0,地表,396.56
FJ,C5311,惠安县小乍台,24.95000,119.00000,0,70000000000.0,地表,600.00
FJ,H0004,H0004,26.63000,117.99000,0,70000000000.0,地表,900.00
FJ,G6001,G6001,26.19000,117.84000,0,70000000000.0,地表,900.00
FJ,H9010,H9010,27.17000,118.85000,0,70000000000.0,地表,900.00
FJ,G6005,G6005,26.17000,117.91000,0,70000000000.0,地表,415.96
FJ,G5008,G5008,26.04000,117.88000,0,70000000000.0,地表,900.00
FJ,G6013,G6013,26.06000,117.94000,0,70000000000.0,地表,711.46
FJ,G5002,G5002,25.80000,117.93000,0,70000000000.0,地表,900.00
FJ,C5614,德化县春美台,25.69000,118.00000,0,70000000000.0,地表,900.00
FJ,J2010,J2010,26.50000,118.84000,0,70000000000.0,地表,900.00
FJ,G6015,G6015,25.95000,118.37000,0,70000000000.0,地表,706.65
FJ,A0013,A0013,25.90000,118.58000,0,70000000000.0,地表,900.00
FJ,A0001,A0001,25.90000,118.76000,0,70000000000.0,地表,666.42
FJ,C5307,惠安县五峰台,24.89000,118.92000,0,70000000000.0,地表,396.47
FJ,H1008,H1008,27.32000,118.26000,0,70000000000.0,地表,637.50
FJ,G6008,G6008,26.10000,118.26000,0,70000000000.0,地表,900.00
FJ,G6012,G6012,26.18000,118.33000,0,70000000000.0,地表,503.17
FJ,JG001,JG001,26.58000,118.74000,0,70000000000.0,地表,718.56
FJ,E6501,长泰县武安蔡坑台,24.60000,117.80000,0,70000000000.0,地表,558.26
FJ,E6905,龙海市白水分局台,24.33000,117.87000,0,70000000000.0,地表,293.53
FJ,E6906,龙海市东园厚境台,24.38000,117.88000,0,70000000000.0,地表,477.98
FJ,G7004,G7004,26.44000,117.80000,0,70000000000.0,地表,900.00
FJ,G7001,G7001,26.24000,117.81000,0,70000000000.0,地表,900.00
FJ,H9011,H9011,27.04000,118.62000,0,70000000000.0,地表,798.71
FJ,H0008,H0008,26.69000,118.34000,0,70000000000.0,地表,900.00
FJ,G5005,G5005,25.98000,117.79000,0,70000000000.0,地表,900.00
FJ,JS001,JS001,27.46000,119.50000,0,70000000000.0,地表,900.00
FJ,G5013,G5013,25.99000,117.85000,0,70000000000.0,地表,900.00
FJ,G6006,G6006,26.33000,118.25000,0,70000000000.0,地表,900.00
FJ,G6010,G6010,26.37000,118.37000,0,70000000000.0,地表,900.00
FJ,H0003,H0003,26.49000,118.58000,0,70000000000.0,地表,900.00
FJ,J3002,J3002,26.80000,118.94000,0,70000000000.0,地表,798.35
FJ,C5421,安溪县蓝田台,25.13000,117.87000,0,70000000000.0,地表,442.43
FJ,E6503,长泰县岩溪上蔡台,24.72000,117.75000,0,70000000000.0,地表,283.58
FJ,E6917,龙海市东美台,24.49000,117.81000,0,70000000000.0,地表,239.14
FJ,E6314,漳浦县赤湖台,24.11000,117.87000,0,70000000000.0,地表,282.23
FJ,A9011,A9011,26.12000,118.78000,0,70000000000.0,地表,900.00
FJ,AM101,AM101,26.20000,118.88000,0,70000000000.0,地表,900.00
FJ,J0013,J0013,26.71000,119.60000,0,70000000000.0,地表,600.00
FJ,A9010,A9010,26.08000,118.84000,0,70000000000.0,地表,900.00
FJ,BX201,BX201,25.26000,119.11000,0,70000000000.0,地表,356.58
FJ,H5001,H5001,27.47000,118.81000,0,70000000000.0,地表,562.61
FJ,H6007,H6007,27.38000,118.88000,0,70000000000.0,地表,900.00
FJ,H0014,H0014,26.63000,118.53000,0,70000000000.0,地表,900.00
FJ,H0001,H0001,26.57000,118.50000,0,70000000000.0,地表,711.63
FJ,G5003,G5003,25.69000,117.90000,0,70000000000.0,地表,900.00
FJ,J2011,J2011,26.73000,118.80000,0,70000000000.0,地表,284.30
FJ,H0015,H0015,26.42000,118.50000,0,70000000000.0,地表,900.00
FJ,JJ001,JJ001,26.67000,119.54000,0,70000000000.0,地表,900.00
FJ,D2204,厦门集美区敬贤台,24.58000,118.09000,0,70000000000.0,地表,288.36
FJ,H3001,H3001,27.59000,118.47000,0,70000000000.0,地表,900.00
FJ,H1006,H1006,27.38000,118.34000,0,70000000000.0,地表,900.00
FJ,H9006,H9006,27.14000,118.15000,0,70000000000.0,地表,900.00
FJ,SXJX,松溪旧县台,27.61000,118.85000,0,70000000000.0,基岩,900.00
FJ,H9012,H9012,26.96000,118.46000,0,70000000000.0,地表,710.55
FJ,G7014,G7014,26.40000,118.00000,0,70000000000.0,地表,900.00
FJ,H0009,H0009,26.60000,118.19000,0,70000000000.0,地表,900.00
FJ,JP001,JP001,26.92000,118.97000,0,70000000000.0,地表,900.00
FJ,J2008,J2008,26.48000,118.67000,0,70000000000.0,地表,900.00
FJ,C5411,安溪县感德台,25.30000,117.85000,0,70000000000.0,地表,784.64
FJ,C5606,德化县葛坑台,25.84000,118.20000,0,70000000000.0,地表,900.00
FJ,JY001,JY001,27.10000,119.63000,0,70000000000.0,地表,343.77
FJ,A9007,A9007,26.44000,118.76000,0,70000000000.0,地表,900.00
FJ,E6505,长泰县岩溪湖珠台,24.80000,117.78000,0,70000000000.0,地表,900.00
FJ,E6309,漳浦县官浔台,24.32000,117.74000,0,70000000000.0,地表,540.05
FJ,C5422,安溪县尚卿台,25.11000,117.96000,0,70000000000.0,地表,900.00
FJ,E6908,龙海市东泗台,24.36000,117.77000,0,70000000000.0,地表,900.00
FJ,E6317,漳浦县深土台,24.07000,117.80000,0,70000000000.0,地表,900.00
FJ,C5404,安溪县大坪香仑台,24.92000,117.97000,0,70000000000.0,地表,900.00
FJ,D2203,厦门集美东辉台,24.64000,118.00000,0,70000000000.0,地表,551.45
FJ,B4018,B4018,25.55000,118.50000,0,70000000000.0,地表,900.00
FJ,B4004,B4004,25.43000,118.58000,0,70000000000.0,地表,900.00
FJ,H2005,H2005,27.12000,117.86000,0,70000000000.0,地表,683.93
FJ,H1009,H1009,27.25000,118.13000,0,70000000000.0,地表,900.00
FJ,H6002,H6002,27.43000,118.63000,0,70000000000.0,地表,814.85
FJ,G5001,G5001,26.09000,117.83000,0,70000000000.0,地表,900.00
FJ,G5011,G5011,25.78000,117.76000,0,70000000000.0,地表,900.00
FJ,J3003,J3003,27.08000,118.97000,0,70000000000.0,地表,900.00
FJ,J2005,J2005,26.62000,118.65000,0,70000000000.0,地表,401.52
FJ,G6003,G6003,25.96000,118.08000,0,70000000000.0,地表,900.00
FJ,J2002,J2002,26.59000,118.74000,0,70000000000.0,地表,900.00
FJ,C5608,德化县汤头台,25.81000,118.13000,0,70000000000.0,地表,900.00
FJ,XPSC,XPSC,26.85000,119.95000,0,70000000000.0,基岩,900.00
FJ,J1011,J1011,26.68000,120.00000,0,70000000000.0,地表,900.00
FJ,C5703,石狮市锦尚台,24.73000,118.73000,0,70000000000.0,地表,421.81
FJ,PTDZ,PTDZ,25.23000,118.98000,0,70000000000.0,基岩,451.36
FJ,H8004,H8004,27.64000,117.92000,0,70000000000.0,地表,839.14
FJ,H8002,H8002,27.62000,118.22000,0,70000000000.0,地表,900.00
FJ,H8005,H8005,27.50000,118.07000,0,70000000000.0,地表,900.00
FJ,H2007,H2007,27.05000,117.87000,0,70000000000.0,地表,882.76
FJ,H9013,H9013,27.18000,118.39000,0,70000000000.0,地表,900.00
FJ,H9009,H9009,27.01000,118.29000,0,70000000000.0,地表,900.00
FJ,H9008,H9008,26.93000,118.28000,0,70000000000.0,地表,900.00
FJ,H0007,H0007,26.70000,118.08000,0,70000000000.0,地表,900.00
FJ,H6006,H6006,27.25000,118.90000,0,70000000000.0,地表,900.00
ZJ,K0001,K0001,27.57000,119.46000,0,70000000000.0,地表,900.00
FJ,H0013,H0013,26.59000,118.25000,0,70000000000.0,地表,900.00
FJ,H9015,H9015,26.83000,118.54000,0,70000000000.0,地表,773.67
FJ,G5009,G5009,25.85000,117.82000,0,70000000000.0,地表,900.00
FJ,G6004,G6004,26.18000,118.21000,0,70000000000.0,地表,900.00
FJ,J8005,J8005,27.34000,120.06000,0,70000000000.0,地表,900.00
FJ,JV001,JV001,27.34000,120.21000,0,70000000000.0,地表,900.00
FJ,JZ101,JZ101,27.21000,119.90000,0,70000000000.0,地表,900.00
FJ,E6105,龙文区龙文中学台,24.51000,117.74000,0,70000000000.0,地表,811.22
FJ,E6315,漳浦县六鳌台,23.94000,117.75000,0,70000000000.0,地表,535.07
FJ,ZPLA,漳浦六鳌台,23.93000,117.75000,0,70000000000.0,基岩,433.65
FJ,A9014,A9014,26.37000,118.88000,0,70000000000.0,地表,861.17
FJ,C5403,安溪县虎邱竹园台,24.98000,117.99000,0,70000000000.0,地表,900.00
FJ,A9004,A9004,26.07000,118.77000,0,70000000000.0,地表,824.64
FJ,J1013,J1013,26.85000,119.85000,0,70000000000.0,地表,900.00
FJ,A9012,A9012,25.96000,118.74000,0,70000000000.0,地表,732.89
FJ,E6902,龙海市港尾分局台,24.32000,118.00000,0,70000000000.0,地表,778.62
FJ,J0004,J0004,26.57000,119.60000,0,70000000000.0,地表,600.00
FJ,B4010,B4010,25.37000,118.82000,0,70000000000.0,地表,843.29
FJ,A7001,A7001,26.33000,119.85000,0,70000000000.0,地表,900.00
FJ,JJJJ,晋江金井台,24.55000,118.59000,0,70000000000.0,基岩,646.37
FJ,QGQH,泉港前黄台,25.15000,118.90000,0,70000000000.0,基岩,395.57
FJ,G7006,G7006,26.56000,117.78000,0,70000000000.0,地表,900.00
ZJ,C0002,C0002,27.55000,119.72000,0,70000000000.0,地表,900.00
FJ,H0005,H0005,26.49000,118.29000,0,70000000000.0,地表,491.81
FJ,E6502,长泰县陈巷祖地台,24.68000,117.85000,0,70000000000.0,地表,900.00
FJ,A9015,A9015,26.29000,118.80000,0,70000000000.0,地表,900.00
FJ,C5917,南安县诗山社一台,25.17000,118.28000,0,70000000000.0,地表,900.00
FJ,J1006,J1006,26.93000,120.24000,0,70000000000.0,地表,600.00
FJ,J8014,J8014,26.95000,120.32000,0,70000000000.0,地表,900.00
FJ,A0018,A0018,26.02000,118.93000,0,70000000000.0,地表,900.00
FJ,YTFQ,永泰富泉台,25.82000,118.87000,0,70000000000.0,基岩,900.00
FJ,XYSC,仙游石苍台,25.61000,118.74000,0,70000000000.0,基岩,900.00
FJ,B1004,B1004,25.72000,119.03000,0,70000000000.0,地表,900.00
FJ,A7013,A7013,26.28000,119.79000,0,70000000000.0,地表,900.00
FJ,H1004,H1004,27.39000,117.85000,0,70000000000.0,地表,900.00
FJ,H2002,H2002,26.91000,118.14000,0,70000000000.0,地表,611.04
FJ,H6005,H6005,27.36000,119.04000,0,70000000000.0,地表,900.00
ZJ,C0004,C0004,27.77000,119.99000,0,70000000000.0,地表,900.00
FJ,H6008,H6008,27.21000,118.97000,0,70000000000.0,地表,900.00
FJ,C5605,德化县桂阳乡台,25.77000,118.23000,0,70000000000.0,地表,893.54
FJ,C5604,德化县桂阳洪田台,25.80000,118.33000,0,70000000000.0,地表,900.00
FJ,J8008,J8008,27.25000,120.34000,0,70000000000.0,地表,900.00
FJ,E6310,漳浦县赤岭台,24.24000,117.81000,0,70000000000.0,地表,531.98
FJ,A9001,A9001,26.19000,118.80000,0,70000000000.0,地表,900.00
FJ,C5602,德化县南埕镇区台,25.64000,118.38000,0,70000000000.0,地表,900.00
FJ,J1009,J1009,26.88000,120.04000,0,70000000000.0,地表,600.00
FJ,A0016,A0016,25.82000,118.89000,0,70000000000.0,地表,900.00
FJ,LJHW,LJHW,26.35000,119.91000,0,70000000000.0,基岩,900.00
FJ,H2006,H2006,26.80000,117.78000,0,70000000000.0,地表,900.00
FJ,HS201,HS201,27.54000,118.78000,0,70000000000.0,地表,900.00
FJ,H0012,H0012,26.77000,117.96000,0,70000000000.0,地表,591.76
FJ,H9007,H9007,27.26000,118.50000,0,70000000000.0,地表,898.11
FJ,H6004,H6004,27.34000,118.73000,0,70000000000.0,地表,316.46
FJ,H6003,H6003,27.47000,119.03000,0,70000000000.0,地表,900.00
FJ,H9004,H9004,27.16000,118.63000,0,70000000000.0,地表,483.84
FJ,G7007,G7007,26.43000,117.90000,0,70000000000.0,地表,900.00
ZJ,CT001,CT001,27.67000,119.96000,0,70000000000.0,地表,677.72
FJ,J3007,J3007,27.02000,119.04000,0,70000000000.0,地表,900.00
FJ,C5412,安溪县桃舟镇台,25.36000,117.77000,0,70000000000.0,地表,633.79
FJ,J2009,J2009,26.64000,118.88000,0,70000000000.0,地表,900.00
FJ,C5613,德化县大铭台,25.69000,118.08000,0,70000000000.0,地表,900.00
FJ,J8007,J8007,27.36000,120.26000,0,70000000000.0,地表,900.00
FJ,J7002,J7002,27.12000,119.73000,0,70000000000.0,地表,900.00
FJ,E6316,漳浦县六鳌龙美台,24.00000,117.80000,0,70000000000.0,地表,339.61
FJ,C5511,永春县苏坑镇台,25.44000,118.21000,0,70000000000.0,地表,900.00
FJ,C5603,德化县丘坂台,25.74000,118.40000,0,70000000000.0,地表,900.00
FJ,DH001,DH001,24.57000,117.94000,0,70000000000.0,地表,900.00
FJ,A0012,A0012,25.74000,118.47000,0,70000000000.0,地表,900.00
FJ,C5418,安溪县魁斗台,25.14000,118.16000,0,70000000000.0,地表,900.00
FJ,J8013,J8013,27.04000,120.24000,0,70000000000.0,地表,805.93
FJ,XPSS,霞浦三沙台,26.93000,120.19000,0,70000000000.0,基岩,900.00
FJ,A0015,A0015,25.83000,118.76000,0,70000000000.0,地表,343.82
FJ,A0010,A0010,25.74000,118.72000,0,70000000000.0,地表,900.00
FJ,B4016,B4016,25.48000,118.60000,0,70000000000.0,地表,900.00
FJ,B4006,B4006,25.38000,118.63000,0,70000000000.0,地表,426.77
FJ,J1002,J1002,26.55000,119.83000,0,70000000000.0,地表,900.00
FJ,B4008,B4008,25.34000,118.67000,0,70000000000.0,地表,435.90
FJ,B1007,B1007,25.56000,119.00000,0,70000000000.0,地表,900.00
FJ,PTLC,莆田荔城台,25.45000,119.01000,0,70000000000.0,基岩,515.65
FJ,H1005,H1005,27.30000,117.84000,0,70000000000.0,地表,505.35
FJ,H1001,H1001,27.49000,118.19000,0,70000000000.0,地表,735.97
FJ,H1010,H1010,27.47000,118.46000,0,70000000000.0,地表,900.00
FJ,J4009,J4009,27.45000,119.37000,0,70000000000.0,地表,900.00
FJ,SNQY,寿宁清源台,27.40000,119.48000,0,70000000000.0,基岩,840.31
FJ,J3010,J3010,26.82000,118.84000,0,70000000000.0,地表,799.40
FJ,G5007,G5007,25.62000,117.87000,0,70000000000.0,地表,900.00
FJ,ZNSC,ZNSC,27.11000,119.33000,0,70000000000.0,基岩,490.22
FJ,C5407,安溪县芦田三洋台,25.06000,117.82000,0,70000000000.0,地表,900.00
FJ,E6504,长泰县枋洋林墩台,24.79000,117.91000,0,70000000000.0,地表,900.00
FJ,FDQY,福鼎秦屿台,27.12000,120.26000,0,70000000000.0,基岩,900.00
FJ,ZPCH,漳浦赤湖台,24.14000,117.87000,0,70000000000.0,基岩,759.49
FJ,A0011,A0011,25.81000,118.58000,0,70000000000.0,地表,900.00
FJ,NDZW,宁德樟湾台,26.68000,119.56000,0,70000000000.0,基岩,900.00
FJ,A0006,A0006,25.81000,118.95000,0,70000000000.0,地表,900.00
FJ,A3002,A3002,26.00000,119.45000,0,70000000000.0,地表,900.00
FJ,H0002,H0002,26.77000,118.26000,0,70000000000.0,地表,309.65
FJ,H6001,H6001,27.30000,119.14000,0,70000000000.0,地表,496.38
FJ,PNTK,屏南棠口台,26.98000,118.97000,0,70000000000.0,基岩,900.00
FJ,G5014,G5014,25.53000,117.90000,0,70000000000.0,地表,605.76
FJ,G6009,G6009,26.12000,118.41000,0,70000000000.0,地表,900.00
FJ,C5612,德化县上涌台,25.73000,118.15000,0,70000000000.0,地表,556.92
FJ,J2013,J2013,26.37000,118.73000,0,70000000000.0,地表,900.00
FJ,J6002,J6002,27.16000,119.94000,0,70000000000.0,地表,900.00
FJ,MQDQ,闽清东桥台,26.38000,118.91000,0,70000000000.0,基岩,900.00
FJ,D2301,海沧区海沧镇台,24.46000,117.98000,0,70000000000.0,地表,289.09
FJ,A6003,A6003,26.16000,118.99000,0,70000000000.0,地表,896.89
FJ,A0007,A0007,25.86000,118.97000,0,70000000000.0,地表,900.00
FJ,NAKM,NAKM,25.07000,118.48000,0,70000000000.0,基岩,900.00
FJ,B2001,B2001,25.51000,119.03000,0,70000000000.0,地表,900.00
FJ,H8001,H8001,27.68000,118.14000,0,70000000000.0,地表,407.63
FJ,H1007,H1007,27.34000,118.13000,0,70000000000.0,地表,569.05
ZJ,K0004,K0004,27.61000,118.94000,0,70000000000.0,地表,700.71
FJ,HZ001,HZ001,27.36000,118.85000,0,70000000000.0,地表,900.00
FJ,G7011,G7011,26.55000,117.99000,0,70000000000.0,地表,900.00
FJ,H9001,H9001,27.24000,118.76000,0,70000000000.0,地表,900.00
FJ,G7009,G7009,26.27000,117.87000,0,70000000000.0,地表,825.13
FJ,C5413,安溪县剑斗台,25.33000,117.93000,0,70000000000.0,地表,900.00
FJ,C5607,德化县杨梅台,25.87000,118.27000,0,70000000000.0,地表,450.64
FJ,GTSK,GTSK,26.37000,118.73000,0,70000000000.0,基岩,900.00
FJ,ET001,ET001,24.62000,117.76000,0,70000000000.0,地表,294.08
FJ,E6913,龙海市榜山雩林台,24.47000,117.75000,0,70000000000.0,地表,391.77
FJ,C5513,永春县锦斗台,25.43000,118.10000,0,70000000000.0,地表,900.00
FJ,J7004,J7004,26.92000,119.64000,0,70000000000.0,地表,534.67
FJ,DHTZ,德化唐寨台,25.51000,118.22000,0,70000000000.0,基岩,728.90
FJ,E6301,漳浦县湖西台,24.18000,117.82000,0,70000000000.0,地表,468.38
FJ,E6916,龙海市鸿渐台,24.50000,117.92000,0,70000000000.0,地表,856.98
FJ,E6311,漳浦县佛昙台,24.17000,117.90000,0,70000000000.0,地表,380.40
FJ,FAXB,FAXB,26.77000,119.67000,0,70000000000.0,基岩,900.00
FJ,E6313,漳浦县前亭台,24.23000,117.97000,0,70000000000.0,地表,872.51
FJ,AY001,AY001,25.86000,118.96000,0,70000000000.0,地表,900.00
FJ,C5704,石狮市永宁机房台,24.68000,118.68000,0,70000000000.0,地表,411.93
FJ,FQDZ,福清东张台,25.70000,119.29000,0,70000000000.0,基岩,899.99
FJ,FQJY,FQJY,25.53000,119.31000,0,70000000000.0,基岩,899.28
FJ,HAJF,惠安净峰台,24.98000,118.96000,0,70000000000.0,基岩,532.62
FJ,H1003,H1003,27.36000,117.96000,0,70000000000.0,地表,900.00
FJ,H9014,H9014,27.09000,118.27000,0,70000000000.0,地表,900.00
FJ,GS101,GS101,26.41000,117.78000,0,70000000000.0,地表,442.04
FJ,H0010,H0010,26.42000,118.23000,0,70000000000.0,地表,900.00
FJ,GY101,GY101,26.17000,118.16000,0,70000000000.0,地表,900.00
FJ,C5515,永春县下洋大荣台,25.48000,117.93000,0,70000000000.0,地表,900.00
FJ,ZRCB,ZRCB,27.25000,119.90000,0,70000000000.0,基岩,900.00
FJ,J8003,J8003,27.27000,120.11000,0,70000000000.0,地表,900.00
FJ,A9013,A9013,26.22000,118.85000,0,70000000000.0,地表,835.93
FJ,E6312,漳浦县马坪台,24.25000,117.91000,0,70000000000.0,地表,236.84
FJ,DH101,DH101,24.49000,118.08000,0,70000000000.0,地表,352.65
FJ,WYXF,武夷新丰台,27.75000,118.01000,0,70000000000.0,基岩,883.30
FJ,H0006,H0006,26.75000,118.10000,0,70000000000.0,地表,900.00
FJ,G7002,G7002,26.39000,117.80000,0,70000000000.0,地表,299.82
FJ,HY001,HY001,26.66000,118.18000,0,70000000000.0,地表,900.00
FJ,JOYS,JOYS,26.89000,118.54000,0,70000000000.0,基岩,900.00
FJ,FDGL,福鼎贯岭台,27.37000,120.24000,0,70000000000.0,基岩,900.00
FJ,J8012,J8012,27.34000,120.21000,0,70000000000.0,地表,574.85
ZJ,C0006,C0006,27.47000,121.07000,0,70000000000.0,地表,900.00
FJ,YTGY,永泰盖洋台,25.84000,118.47000,0,70000000000.0,基岩,900.00
FJ,AXCN,安溪参内台,25.08000,118.21000,0,70000000000.0,基岩,823.36
FJ,A6011,A6011,26.09000,119.00000,0,70000000000.0,地表,900.00
FJ,MHZQ,闽侯竹岐台,26.10000,119.03000,0,70000000000.0,基岩,900.00
FJ,QZH,泉州国家台,24.94000,118.59000,0,70000000000.0,基岩,900.00
FJ,HW001,HW001,27.75000,118.01000,0,70000000000.0,地表,883.30
FJ,HJ001,HJ001,27.04000,118.33000,0,70000000000.0,地表,900.00
FJ,H9002,H9002,26.81000,118.44000,0,70000000000.0,地表,900.00
FJ,C5516,永春县横坑台,25.41000,117.90000,0,70000000000.0,地表,900.00
FJ,CTCX,长泰陈巷台,24.70000,117.74000,0,70000000000.0,基岩,671.50
FJ,GTHT,GTHT,26.68000,119.05000,0,70000000000.0,基岩,900.00
FJ,C5519,永春县玉斗白荇台,25.36000,118.06000,0,70000000000.0,地表,900.00
FJ,D2302,厦门海沧东孚溪头台,24.59000,117.91000,0,70000000000.0,地表,900.00
FJ,NAMS,NAMS,25.16000,118.41000,0,70000000000.0,基岩,900.00
FJ,XMXA,XMXA,24.62000,118.28000,0,70000000000.0,基岩,783.28
FJ,ZHNZ,政和南庄台,27.36000,118.86000,0,70000000000.0,基岩,900.00
FJ,G5016,G5016,25.55000,117.77000,0,70000000000.0,地表,900.00
ZJ,CC001,CC001,27.49000,120.42000,0,70000000000.0,地表,900.00
FJ,C5414,安溪县湖上台,25.25000,117.97000,0,70000000000.0,地表,900.00
FJ,YXTC,YXTC,26.07000,118.54000,0,70000000000.0,基岩,900.00
FJ,A4004,A4004,26.29000,119.25000,0,70000000000.0,地表,724.69
FJ,H5002,H5002,27.53000,118.73000,0,70000000000.0,地表,900.00
FJ,H9005,H9005,27.01000,118.14000,0,70000000000.0,地表,764.09
FJ,YXBM,尤溪坂面台,26.04000,118.11000,0,70000000000.0,基岩,900.00
FJ,XMJM,厦门集美台,24.65000,117.97000,0,70000000000.0,基岩,900.00
FJ,LHLJ,LHLJ,24.29000,118.08000,0,70000000000.0,基岩,864.93
FJ,HJ101,HJ101,27.33000,118.11000,0,70000000000.0,地表,418.44
FJ,JOJA,建瓯建安台,27.06000,118.34000,0,70000000000.0,基岩,900.00
FJ,NPDK,南平东坑台,26.62000,118.19000,0,70000000000.0,基岩,900.00
FJ,YXMX,YXMX,26.32000,118.19000,0,70000000000.0,基岩,900.00
FJ,C5518,永春县坑仔口福地台,25.40000,117.98000,0,70000000000.0,地表,900.00
FJ,C5405,安溪县虎邱罗岩台,24.92000,117.87000,0,70000000000.0,地表,900.00
FJ,LHHC,LHHC,24.39000,117.80000,0,70000000000.0,基岩,900.00
FJ,AXDP,安溪大坪台,24.90000,117.97000,0,70000000000.0,基岩,900.00
FJ,H8003,H8003,27.65000,117.97000,0,70000000000.0,地表,880.00
FJ,JYTC,JYTC,27.30000,118.08000,0,70000000000.0,基岩,836.51
FJ,AXCK,安溪长坑台,25.23000,117.87000,0,70000000000.0,基岩,769.35
FJ,YCYD,YCYD,25.40000,118.05000,0,70000000000.0,基岩,900.00
FJ,YCSG,永春石鼓台,25.34000,118.23000,0,70000000000.0,基岩,900.00
FJ,HS001,HS001,26.80000,117.81000,0,70000000000.0,地表,555.60
FJ,SCLX,顺昌岚下台,26.97000,117.98000,0,70000000000.0,基岩,900.00
FJ,J6004,J6004,27.12000,119.80000,0,70000000000.0,地表,900.00
FJ,H2003,H2003,26.82000,117.93000,0,70000000000.0,地表,673.52
FJ,CZ001,CZ001,24.89000,118.60000,0,70000000000.0,地表,302.09
SC,VD001,VD001,31.23000,101.51000,0,70000000000.0,地表,900.00
SC,U2601,U2601,31.40000,101.75000,0,70000000000.0,地表,445.98
SC,V2604,V2604,31.28000,101.18000,0,70000000000.0,地表,520.37
SC,V2710,V2710,31.68000,100.90000,0,70000000000.0,地表,461.44
SC,UC002,UC002,31.55000,101.67000,0,70000000000.0,地表,775.08
SC,V2711,V2711,31.70000,100.92000,0,70000000000.0,地表,289.99
SC,V2611,V2611,31.44000,101.16000,0,70000000000.0,地表,522.64
QH,GOMTG,GOMTG,34.22000,92.32000,0,70000000000.0,基岩,422.47
XJ,LB001,LB001,43.53000,93.43000,0,70000000000.0,地表,363.59
XJ,LW001,LW001,43.46000,94.85000,0,70000000000.0,地表,382.41
XJ,LY001,LY001,42.82000,93.52000,0,70000000000.0,地表,294.88
XJ,YWU,伊吾台,43.23000,94.65000,0,70000000000.0,基岩,378.70
GX,TE,TE,24.98000,107.17000,0,70000000000.0,基岩,900.00
XJ,E0001,E0001,45.17000,82.58000,0,70000000000.0,地表,401.06
XJ,E0007,E0007,45.03000,82.58000,0,70000000000.0,地表,612.39
XJ,ALAJS,ALAJS,44.95000,82.55000,0,70000000000.0,基岩,375.05
XJ,ALS,阿拉山口台,45.15000,82.12000,0,70000000000.0,基岩,616.60
XJ,EB002,EB002,44.82000,82.60000,0,70000000000.0,地表,277.29
XJ,E0005,E0005,44.84000,82.36000,0,70000000000.0,地表,267.57
XJ,E0012,E0012,44.91000,82.21000,0,70000000000.0,地表,349.19
XJ,E000E,E000E,44.92000,82.12000,0,70000000000.0,地表,371.64
XJ,E0004,E0004,44.89000,82.15000,0,70000000000.0,地表,290.25
XJ,E0013,E0013,44.93000,82.07000,0,70000000000.0,地表,312.96
XJ,E000A,E000A,44.81000,82.26000,0,70000000000.0,地表,280.64
XJ,E0008,E0008,44.72000,82.41000,0,70000000000.0,地表,245.94
XJ,EB001,EB001,44.90000,82.08000,0,70000000000.0,地表,299.28
XJ,E0019,E0019,44.65000,82.51000,0,70000000000.0,地表,255.55
XJ,E000D,E000D,44.89000,82.07000,0,70000000000.0,地表,288.56
XJ,EW002,EW002,45.08000,81.66000,0,70000000000.0,地表,386.62
XJ,E000F,E000F,44.86000,82.11000,0,70000000000.0,地表,283.12
XJ,BLEND,BLEND,44.79000,82.21000,0,70000000000.0,基岩,349.70
XJ,E000C,E000C,44.85000,82.07000,0,70000000000.0,地表,354.18
XJ,E0009,E0009,44.73000,82.27000,0,70000000000.0,地表,280.26
XJ,E0022,E0022,45.01000,81.70000,0,70000000000.0,地表,360.82
XJ,WNQCG,WNQCG,45.13000,81.40000,0,70000000000.0,基岩,506.48
XJ,E0018,E0018,44.53000,82.56000,0,70000000000.0,地表,317.92
XJ,E001B,E001B,44.61000,82.29000,0,70000000000.0,地表,279.81
XJ,E000B,E000B,44.57000,82.32000,0,70000000000.0,地表,300.45
XJ,E0021,E0021,44.70000,82.05000,0,70000000000.0,地表,474.77
XJ,EJ002,EJ002,44.62000,82.13000,0,70000000000.0,地表,435.94
XJ,E002B,E002B,44.95000,81.43000,0,70000000000.0,地表,408.63
XJ,E0017,E0017,44.38000,82.48000,0,70000000000.0,地表,450.74
XJ,JGHDH,JGHDH,44.47000,82.25000,0,70000000000.0,基岩,562.02
XJ,E0028,E0028,44.98000,80.92000,0,70000000000.0,地表,431.07
XJ,PSAKL,PSAKL,37.27000,77.86000,0,70000000000.0,基岩,518.76
XJ,YCH,叶城台,37.39000,77.36000,0,70000000000.0,基岩,367.01
XJ,F003F,F003F,44.20000,82.24000,0,70000000000.0,地表,900.00
XJ,Q0080,Q0080,37.53000,77.11000,0,70000000000.0,地表,601.48
XJ,RT001,RT001,37.64000,80.34000,0,70000000000.0,地表,188.09
XJ,F003E,F003E,44.11000,82.12000,0,70000000000.0,地表,519.45
XJ,F0088,F0088,44.24000,81.87000,0,70000000000.0,地表,379.24
XJ,QE002,QE002,37.56000,77.45000,0,70000000000.0,地表,327.81
XJ,SHCDM,SHCDM,37.80000,76.60000,0,70000000000.0,基岩,599.39
XJ,RP003,RP003,37.50000,78.03000,0,70000000000.0,地表,374.23
XJ,Q0087,Q0087,37.63000,77.38000,0,70000000000.0,地表,438.66
XJ,Q007C,Q007C,37.60000,77.64000,0,70000000000.0,地表,325.50
XJ,Q007F,Q007F,37.78000,76.91000,0,70000000000.0,地表,333.35
XJ,YNIMZ,YNIMZ,44.01000,82.01000,0,70000000000.0,基岩,510.49
XJ,Q0082,Q0082,37.72000,77.24000,0,70000000000.0,地表,509.40
XJ,RP001,RP001,37.62000,78.28000,0,70000000000.0,地表,276.93
XJ,Q007D,Q007D,37.74000,77.48000,0,70000000000.0,地表,321.61
XJ,YNIKL,YNIKL,44.09000,81.56000,0,70000000000.0,基岩,601.10
XJ,Q007E,Q007E,37.77000,77.73000,0,70000000000.0,地表,299.55
XJ,QC003,QC003,37.98000,76.86000,0,70000000000.0,地表,297.61
XJ,QE001,QE001,37.87000,77.45000,0,70000000000.0,地表,295.93
XJ,Q0085,Q0085,37.93000,77.33000,0,70000000000.0,地表,267.88
XJ,Q00A1,Q00A1,38.03000,76.96000,0,70000000000.0,地表,250.31
XJ,Q0086,Q0086,37.97000,77.17000,0,70000000000.0,地表,275.87
XJ,Q007B,Q007B,37.93000,77.61000,0,70000000000.0,地表,243.90
XJ,PW004,PW004,39.25000,75.08000,0,70000000000.0,地表,577.99
XJ,Q0084,Q0084,38.03000,77.52000,0,70000000000.0,地表,217.10
XJ,PW003,PW003,39.32000,75.08000,0,70000000000.0,地表,434.61
XJ,Q0057,Q0057,38.17000,77.07000,0,70000000000.0,地表,264.27
XJ,Q009F,Q009F,38.09000,77.37000,0,70000000000.0,地表,245.46
XJ,TEKKL,TEKKL,43.26000,82.15000,0,70000000000.0,基岩,683.48
XJ,PA002,PA002,39.00000,75.55000,0,70000000000.0,地表,436.16
XJ,QZ001,QZ001,38.18000,77.27000,0,70000000000.0,地表,236.14
XJ,Q0051,Q0051,38.28000,77.18000,0,70000000000.0,地表,260.44
XJ,Q00A0,Q00A0,38.23000,77.37000,0,70000000000.0,地表,262.36
XJ,Q0083,Q0083,38.20000,77.52000,0,70000000000.0,地表,180.00
XJ,QS006,QS006,39.10000,75.67000,0,70000000000.0,地表,329.12
XJ,Q0054,Q0054,38.32000,77.37000,0,70000000000.0,地表,230.10
XJ,QC001,QC001,38.39000,77.23000,0,70000000000.0,地表,205.96
XJ,Q0055,Q0055,38.45000,77.08000,0,70000000000.0,地表,228.61
XJ,HCXLS,HCXLS,43.93000,80.49000,0,70000000000.0,基岩,256.50
XJ,Q0050,Q0050,38.42000,77.60000,0,70000000000.0,地表,203.30
XJ,Q0056,Q0056,38.57000,77.13000,0,70000000000.0,地表,211.35
XJ,P0065,P0065,40.38000,74.98000,0,70000000000.0,地表,634.50
GD,G0405,G0405,20.86000,109.71000,0,70000000000.0,地表,445.07
GX,EY001,EY001,21.51000,109.31000,0,70000000000.0,地表,240.63
GD,G2306,G2306,21.06000,109.73000,0,70000000000.0,地表,264.07
GD,G8204,G8204,20.99000,109.72000,0,70000000000.0,地表,442.99
GD,G2310,G2310,21.10000,109.70000,0,70000000000.0,地表,290.25
GX,E0001,E0001,21.45000,109.06000,0,70000000000.0,地表,462.40
GX,WZD,WZD,21.03000,109.10000,0,70000000000.0,基岩,626.28
GS,YZXCG,YZXCG,35.81000,104.06000,0,70000000000.0,基岩,900.00
NX,C0001,C0001,37.41000,105.96000,0,70000000000.0,地表,322.54
NX,C0005,C0005,37.28000,105.92000,0,70000000000.0,地表,433.77
NX,ZNXB,ZNXB,37.43000,105.72000,0,70000000000.0,基岩,440.24
GS,DJ201,DJ201,37.40000,104.24000,0,70000000000.0,地表,255.16
NX,E0038,E0038,37.36000,105.77000,0,70000000000.0,地表,489.54
NX,ZHW,ZHW,37.59000,105.24000,0,70000000000.0,基岩,300.28
NX,C002C,C002C,37.16000,105.95000,0,70000000000.0,地表,387.01
NX,C0002,C0002,37.14000,105.93000,0,70000000000.0,地表,413.40
GS,D0029,D0029,37.08000,104.06000,0,70000000000.0,地表,385.43
NX,C0023,C0023,36.93000,105.99000,0,70000000000.0,地表,416.94
GS,BYBWC,BYBWC,36.63000,104.01000,0,70000000000.0,基岩,366.50
NX,HSBDH,HSBDH,37.19000,105.82000,0,70000000000.0,基岩,414.00
NX,E002F,E002F,37.53000,105.07000,0,70000000000.0,地表,303.02
GS,D0023,D0023,37.14000,104.15000,0,70000000000.0,地表,338.43
GS,YZXQC,YZXQC,36.29000,104.20000,0,70000000000.0,基岩,595.62
NX,E0043,E0043,37.34000,105.63000,0,70000000000.0,地表,246.39
NX,C0021,C0021,37.04000,105.90000,0,70000000000.0,地表,284.78
NX,E0040,E0040,37.50000,105.20000,0,70000000000.0,地表,220.04
NX,CT001,CT001,37.00000,105.91000,0,70000000000.0,地表,297.49
NX,EZ002,EZ002,37.26000,105.70000,0,70000000000.0,地表,320.45
GS,D002A,D002A,36.93000,104.11000,0,70000000000.0,地表,419.58
GS,JGTZQ,JGTZQ,36.83000,104.09000,0,70000000000.0,基岩,546.94
NX,C001F,C001F,37.10000,105.80000,0,70000000000.0,地表,307.77
NX,TXXL,TXXL,36.95000,105.87000,0,70000000000.0,基岩,310.25
NX,E001C,E001C,37.46000,105.10000,0,70000000000.0,地表,232.56
NX,ES001,ES001,37.46000,105.02000,0,70000000000.0,地表,435.10
GS,BYBSL,BYBSL,36.58000,104.13000,0,70000000000.0,基岩,338.45
GS,D0027,D0027,37.20000,104.34000,0,70000000000.0,地表,409.28
NX,E001E,E001E,37.41000,105.21000,0,70000000000.0,地表,443.17
NX,E0017,E0017,37.11000,105.71000,0,70000000000.0,地表,337.06
NX,E001B,E001B,37.39000,105.23000,0,70000000000.0,地表,396.39
NX,E003A,E003A,36.95000,105.79000,0,70000000000.0,地表,355.10
GS,D0036,D0036,37.06000,104.37000,0,70000000000.0,地表,488.54
NX,EZ004,EZ004,37.07000,105.61000,0,70000000000.0,地表,413.91
NX,E0024,E0024,37.28000,105.20000,0,70000000000.0,地表,450.09
GS,D0039,D0039,37.13000,104.53000,0,70000000000.0,地表,501.79
NX,HYU,HYU,36.50000,105.60000,0,70000000000.0,基岩,657.74
NX,XSH,XSH,37.25000,105.20000,0,70000000000.0,基岩,467.15
GS,JYHBW,JYHBW,36.47000,104.43000,0,70000000000.0,基岩,721.52
NX,E0031,E0031,37.12000,105.45000,0,70000000000.0,地表,425.35
GS,JYHSL,JYHSL,37.04000,104.47000,0,70000000000.0,基岩,816.60
NX,E003F,E003F,36.93000,105.57000,0,70000000000.0,地表,445.26
NX,E0039,E0039,37.05000,105.47000,0,70000000000.0,地表,348.82
NX,E0027,E0027,37.13000,105.27000,0,70000000000.0,地表,401.72
NX,E0026,E0026,37.02000,105.43000,0,70000000000.0,地表,330.69
GS,D003B,D003B,37.07000,104.65000,0,70000000000.0,地表,474.34
GS,D003A,D003A,37.03000,104.76000,0,70000000000.0,地表,349.15
NX,E002A,E002A,37.01000,105.20000,0,70000000000.0,地表,376.14
NX,E0028,E0028,37.03000,105.15000,0,70000000000.0,地表,327.69
GS,D002B,D002B,37.04000,104.89000,0,70000000000.0,地表,320.51
NX,E001F,E001F,36.94000,105.26000,0,70000000000.0,地表,419.48
NX,ES003,ES003,36.94000,105.25000,0,70000000000.0,地表,289.56
GS,D002F,D002F,37.02000,105.00000,0,70000000000.0,地表,283.42
NX,E0023,E0023,36.94000,105.21000,0,70000000000.0,地表,284.99
GS,D0019,D0019,36.92000,104.80000,0,70000000000.0,地表,275.60
GS,DY001,DY001,36.97000,105.02000,0,70000000000.0,地表,392.85
GS,D0037,D0037,36.95000,105.10000,0,70000000000.0,地表,299.11
GS,JYHGW,JYHGW,36.53000,105.09000,0,70000000000.0,基岩,851.36
QH,B0077,B0077,36.10000,102.36000,0,70000000000.0,地表,564.04
QH,B0078,B0078,36.11000,102.45000,0,70000000000.0,地表,723.06
QH,B0085,B0085,35.89000,102.33000,0,70000000000.0,地表,467.75
QH,BX004,BX004,35.74000,102.32000,0,70000000000.0,地表,609.49
QH,B0081,B0081,36.10000,102.55000,0,70000000000.0,地表,596.66
GS,YJGTJ,YJGTJ,35.99000,103.18000,0,70000000000.0,基岩,539.37
QH,B0080,B0080,36.04000,102.50000,0,70000000000.0,地表,731.99
QH,B0089,B0089,35.78000,102.39000,0,70000000000.0,地表,516.94
QH,B0084,B0084,36.01000,102.59000,0,70000000000.0,地表,604.88
QH,B0082,B0082,35.94000,102.53000,0,70000000000.0,地表,365.27
QH,BX003,BX003,35.84000,102.50000,0,70000000000.0,地表,376.70
GS,N0048,N0048,35.53000,102.86000,0,70000000000.0,地表,609.92
QH,B0086,B0086,35.84000,102.59000,0,70000000000.0,地表,900.00
QH,BX045,BX045,35.66000,102.62000,0,70000000000.0,地表,730.18
GS,JSNGJ,JSNGJ,35.77000,102.97000,0,70000000000.0,基岩,558.55
GS,A0005,A0005,36.31000,102.92000,0,70000000000.0,地表,596.86
QH,BM051,BM051,36.30000,102.86000,0,70000000000.0,地表,450.42
QH,B0074,B0074,36.19000,102.29000,0,70000000000.0,地表,465.46
GS,LXRNL,LXRNL,35.63000,103.26000,0,70000000000.0,基岩,627.81
QH,F0009,F0009,33.32000,100.55000,0,70000000000.0,地表,488.11
QH,F0007,F0007,33.24000,100.83000,0,70000000000.0,地表,697.49
QH,C0045,C0045,37.88000,100.43000,0,70000000000.0,地表,900.00
QH,F0004,F0004,33.36000,100.95000,0,70000000000.0,地表,542.04
QH,F0005,F0005,33.42000,101.08000,0,70000000000.0,地表,390.33
QH,F0003,F0003,33.60000,100.87000,0,70000000000.0,地表,556.60
GS,CY001,CY001,38.14000,101.98000,0,70000000000.0,地表,463.15
QH,JUZZQ,JUZZQ,33.43000,101.47000,0,70000000000.0,基岩,652.40
GS,C0006,C0006,38.16000,102.14000,0,70000000000.0,地表,355.96
GS,C0009,C0009,38.18000,102.44000,0,70000000000.0,地表,285.68
GS,H0025,H0025,38.15000,102.52000,0,70000000000.0,地表,269.59
GS,HL014,HL014,38.15000,102.59000,0,70000000000.0,地表,242.12
GS,H000B,H000B,38.13000,102.36000,0,70000000000.0,地表,330.93
GS,H0018,H0018,38.13000,102.46000,0,70000000000.0,地表,275.94
GS,HL010,HL010,38.14000,102.73000,0,70000000000.0,地表,209.41
QH,F0011,F0011,33.52000,101.52000,0,70000000000.0,地表,605.67
GS,H0010,H0010,38.08000,102.28000,0,70000000000.0,地表,343.70
GS,MQUJM,MQUJM,33.37000,102.09000,0,70000000000.0,基岩,413.87
GS,HL020,HL020,38.07000,102.36000,0,70000000000.0,地表,336.75
GS,SUNHU,SUNHU,38.00000,101.96000,0,70000000000.0,基岩,615.80
GS,HL205,HL205,38.04000,102.38000,0,70000000000.0,地表,434.78
GS,HL011,HL011,38.06000,102.71000,0,70000000000.0,地表,227.07
GS,HL015,HL015,38.05000,102.59000,0,70000000000.0,地表,293.18
GS,HL019,HL019,38.04000,102.50000,0,70000000000.0,地表,335.53
GS,H0012,H0012,38.01000,102.35000,0,70000000000.0,地表,314.86
QH,F0012,F0012,33.61000,101.54000,0,70000000000.0,地表,543.91
GS,MQUCR,MQUCR,33.49000,101.91000,0,70000000000.0,基岩,643.02
GS,HL004,HL004,38.01000,102.47000,0,70000000000.0,地表,361.80
GS,MQUMX,MQUMX,33.76000,101.24000,0,70000000000.0,基岩,539.51
GS,HL012,HL012,38.02000,102.67000,0,70000000000.0,地表,232.19
QH,F0022,F0022,34.36000,100.49000,0,70000000000.0,地表,400.29
GS,HL003,HL003,37.98000,102.35000,0,70000000000.0,地表,352.92
GS,H000F,H000F,37.99000,102.54000,0,70000000000.0,地表,347.11
GS,HL013,HL013,37.99000,102.72000,0,70000000000.0,地表,235.58
GS,HL008,HL008,37.97000,102.44000,0,70000000000.0,地表,390.47
GS,HL009,HL009,37.97000,102.59000,0,70000000000.0,地表,282.69
GS,HL203,HL203,37.96000,102.50000,0,70000000000.0,地表,348.89
GS,H0022,H0022,37.93000,102.26000,0,70000000000.0,地表,407.71
GS,HL001,HL001,37.95000,102.76000,0,70000000000.0,地表,238.93
GS,HL007,HL007,37.94000,102.54000,0,70000000000.0,地表,333.63
GS,H000A,H000A,37.93000,102.68000,0,70000000000.0,地表,256.59
GS,HL017,HL017,37.91000,102.90000,0,70000000000.0,地表,261.77
GS,H0013,H0013,37.90000,102.75000,0,70000000000.0,地表,266.09
GS,H000D,H000D,37.89000,102.54000,0,70000000000.0,地表,364.01
GS,LQZJT,LQZJT,37.86000,102.56000,0,70000000000.0,基岩,580.68
GS,HL002,HL002,37.86000,102.96000,0,70000000000.0,地表,289.61
GS,HL016,HL016,37.84000,102.75000,0,70000000000.0,地表,312.04
GS,H0009,H0009,37.83000,102.90000,0,70000000000.0,地表,274.42
GS,H0017,H0017,37.82000,102.62000,0,70000000000.0,地表,379.60
GS,MQUAW,MQUAW,33.78000,101.69000,0,70000000000.0,基岩,488.08
GS,HL005,HL005,37.80000,102.53000,0,70000000000.0,地表,422.16
GS,HL018,HL018,37.79000,102.98000,0,70000000000.0,地表,271.03
GS,H000C,H000C,37.78000,102.70000,0,70000000000.0,地表,370.70
GS,HL202,HL202,37.78000,102.75000,0,70000000000.0,地表,337.96
GS,HL201,HL201,37.77000,102.83000,0,70000000000.0,地表,331.06
GS,HL006,HL006,37.75000,102.65000,0,70000000000.0,地表,376.93
GS,HT001,HT001,37.73000,102.41000,0,70000000000.0,地表,555.96
GS,HL204,HL204,37.74000,102.88000,0,70000000000.0,地表,316.51
GS,H000E,H000E,37.74000,102.79000,0,70000000000.0,地表,338.11
GS,JGTSG,JGTSG,37.54000,103.88000,0,70000000000.0,基岩,366.87
GS,H0005,H0005,37.73000,103.00000,0,70000000000.0,地表,299.70
GS,MQUXM,MQUXM,34.22000,101.11000,0,70000000000.0,基岩,531.45
QH,CM005,CM005,37.38000,101.61000,0,70000000000.0,地表,378.83
GS,MQUOL,MQUOL,33.97000,101.77000,0,70000000000.0,基岩,494.48
GS,LQZXH,LQZXH,37.62000,102.76000,0,70000000000.0,基岩,433.48
GS,HG001,HG001,37.61000,103.00000,0,70000000000.0,地表,330.04
QH,TODGB,TODGB,35.35000,100.51000,0,70000000000.0,基岩,749.00
GS,JGTSS,JGTSS,37.33000,103.99000,0,70000000000.0,基岩,467.55
GS,H0006,H0006,37.58000,102.87000,0,70000000000.0,地表,346.45
GS,HG003,HG003,37.48000,103.53000,0,70000000000.0,地表,317.50
GS,HG010,HG010,37.48000,103.44000,0,70000000000.0,地表,328.56
GS,HG007,HG007,37.55000,102.96000,0,70000000000.0,地表,346.19
GS,LQZZY,LQZZY,37.53000,102.68000,0,70000000000.0,基岩,602.83
GS,H0021,H0021,37.51000,102.44000,0,70000000000.0,地表,592.08
GS,JGTYT,JGTYT,37.19000,104.09000,0,70000000000.0,基岩,292.70
GS,HG006,HG006,37.52000,102.89000,0,70000000000.0,地表,349.01
GS,H0008,H0008,37.50000,102.45000,0,70000000000.0,地表,783.22
GS,D0026,D0026,37.21000,103.96000,0,70000000000.0,地表,369.48
GS,GLGMQ,GLGMQ,37.41000,103.36000,0,70000000000.0,基岩,539.82
GS,HG002,HG002,37.46000,102.89000,0,70000000000.0,地表,484.30
GS,HT003,HT003,37.45000,102.59000,0,70000000000.0,地表,614.76
GS,HG004,HG004,37.43000,102.83000,0,70000000000.0,地表,448.51
QH,CM014,CM014,37.28000,102.00000,0,70000000000.0,地表,585.44
GS,HG012,HG012,37.40000,102.75000,0,70000000000.0,地表,409.60
QH,ZEKNX,ZEKNX,35.04000,100.89000,0,70000000000.0,基岩,417.84
GS,HG005,HG005,37.38000,102.96000,0,70000000000.0,地表,316.17
GS,HG203,HG203,37.21000,103.67000,0,70000000000.0,地表,434.17
GS,D0025,D0025,37.17000,103.71000,0,70000000000.0,地表,571.63
GS,HT007,HT007,37.32000,103.00000,0,70000000000.0,地表,649.32
QH,HENNM,HENNM,34.58000,101.35000,0,70000000000.0,基岩,731.15
GS,JGTST,JGTST,37.09000,103.82000,0,70000000000.0,基岩,629.02
QH,AD011,AD011,37.02000,101.63000,0,70000000000.0,地表,608.75
QH,HUYBH,HUYBH,36.66000,101.19000,0,70000000000.0,基岩,539.04
GS,HG017,HG017,37.22000,103.36000,0,70000000000.0,地表,534.32
QH,CM006,CM006,37.20000,102.18000,0,70000000000.0,地表,723.70
GS,HT004,HT004,37.25000,102.86000,0,70000000000.0,地表,616.28
GS,H002A,H002A,37.23000,102.68000,0,70000000000.0,地表,446.44
GS,HT005,HT005,37.11000,103.50000,0,70000000000.0,地表,365.54
QH,DATQT,DATQT,36.94000,101.70000,0,70000000000.0,基岩,558.10
QH,C0015,C0015,37.15000,102.24000,0,70000000000.0,地表,325.18
GS,D0028,D0028,36.91000,103.90000,0,70000000000.0,地表,427.79
GS,HT010,HT010,37.19000,102.80000,0,70000000000.0,地表,521.68
GS,TZGDC,TZGDC,37.15000,102.98000,0,70000000000.0,基岩,529.49
GS,TZGSS,TZGSS,37.09000,103.33000,0,70000000000.0,基岩,402.26
QH,C0013,C0013,37.10000,102.34000,0,70000000000.0,地表,544.86
GS,DJ202,DJ202,36.97000,103.62000,0,70000000000.0,地表,351.75
GS,H0024,H0024,37.02000,103.44000,0,70000000000.0,地表,363.24
QH,B0060,B0060,37.00000,102.13000,0,70000000000.0,地表,900.00
GS,HT009,HT009,37.09000,102.99000,0,70000000000.0,地表,409.60
QH,B0058,B0058,37.03000,102.32000,0,70000000000.0,地表,720.97
GS,H0028,H0028,37.05000,103.16000,0,70000000000.0,地表,473.08
QH,B0059,B0059,36.99000,102.25000,0,70000000000.0,地表,474.33
GS,DJ002,DJ002,36.85000,103.69000,0,70000000000.0,地表,316.26
QH,AD012,AD012,36.78000,101.78000,0,70000000000.0,地表,594.04
GS,AY002,AY002,36.97000,103.35000,0,70000000000.0,地表,338.28
GS,HT202,HT202,37.02000,103.11000,0,70000000000.0,地表,350.11
GS,HT201,HT201,37.02000,103.11000,0,70000000000.0,地表,350.11
GS,H0020,H0020,36.92000,103.47000,0,70000000000.0,地表,482.84
QH,HUZDH,HUZDH,36.92000,102.12000,0,70000000000.0,基岩,900.00
QH,ED020,ED020,36.38000,101.38000,0,70000000000.0,地表,592.28
GS,TZGSM,TZGSM,37.00000,103.03000,0,70000000000.0,基岩,452.96
GS,HT006,HT006,36.98000,103.15000,0,70000000000.0,地表,569.63
GS,H0029,H0029,36.97000,102.63000,0,70000000000.0,地表,774.07
QH,B0061,B0061,36.93000,102.37000,0,70000000000.0,地表,767.69
QH,BH041,BH041,36.95000,102.49000,0,70000000000.0,地表,585.80
GS,HT002,HT002,36.94000,102.86000,0,70000000000.0,地表,619.60
QH,B0057,B0057,36.82000,102.17000,0,70000000000.0,地表,508.03
QH,B0066,B0066,36.89000,102.43000,0,70000000000.0,地表,553.86
QH,B0056,B0056,36.78000,102.09000,0,70000000000.0,地表,550.11
QH,E0018,E0018,36.11000,101.38000,0,70000000000.0,地表,577.91
GS,GALHS,GALHS,36.56000,103.85000,0,70000000000.0,基岩,407.98
QH,AH002,AH002,36.44000,101.63000,0,70000000000.0,地表,453.47
GS,H0027,H0027,36.89000,102.73000,0,70000000000.0,地表,582.03
GS,H0023,H0023,36.89000,102.78000,0,70000000000.0,地表,523.44
QH,B0063,B0063,36.87000,102.58000,0,70000000000.0,地表,589.56
GS,AY010,AY010,36.66000,103.64000,0,70000000000.0,地表,340.35
GS,YDGLS,YDGLS,36.80000,103.32000,0,70000000000.0,基岩,485.18
QH,B0054,B0054,36.71000,102.13000,0,70000000000.0,地表,670.11
QH,B0064,B0064,36.83000,102.65000,0,70000000000.0,地表,900.00
QH,B0065,B0065,36.80000,102.53000,0,70000000000.0,地表,900.00
QH,B0055,B0055,36.71000,102.22000,0,70000000000.0,地表,533.45
QH,BP040,BP040,36.54000,101.95000,0,70000000000.0,地表,473.24
QH,B0053,B0053,36.61000,102.09000,0,70000000000.0,地表,537.75
GS,YDGML,YDGML,36.76000,102.94000,0,70000000000.0,基岩,469.42
QH,B0022,B0022,36.72000,102.42000,0,70000000000.0,地表,900.00
QH,B0020,B0020,36.60000,102.20000,0,70000000000.0,地表,900.00
QH,B0019,B0019,36.61000,102.28000,0,70000000000.0,地表,560.14
GS,LTOXD,LTOXD,35.68000,103.99000,0,70000000000.0,基岩,851.51
QH,B0021,B0021,36.62000,102.40000,0,70000000000.0,地表,821.60
QH,BP042,BP042,36.49000,102.13000,0,70000000000.0,地表,442.40
GS,CLZYC,CLZYC,36.09000,103.85000,0,70000000000.0,基岩,531.21
QH,B0024,B0024,36.48000,102.19000,0,70000000000.0,地表,403.74
QH,LEDSL,LEDSL,36.55000,102.40000,0,70000000000.0,基岩,487.10
GS,AZ002,AZ002,35.83000,103.89000,0,70000000000.0,地表,785.24
QH,B0008,B0008,36.43000,102.14000,0,70000000000.0,地表,548.43
QH,B0011,B0011,36.50000,102.28000,0,70000000000.0,地表,499.28
GS,AY007,AY007,36.31000,103.59000,0,70000000000.0,地表,445.04
QH,BL003,BL003,36.48000,102.27000,0,70000000000.0,地表,336.74
QH,B0025,B0025,36.57000,102.65000,0,70000000000.0,地表,521.13
GS,AQ002,AQ002,35.92000,103.83000,0,70000000000.0,地表,403.36
GS,AA002,AA002,36.12000,103.73000,0,70000000000.0,地表,676.39
QH,B0023,B0023,36.55000,102.55000,0,70000000000.0,地表,556.17
QH,BL001,BL001,36.47000,102.38000,0,70000000000.0,地表,359.63
QH,B0009,B0009,36.46000,102.42000,0,70000000000.0,地表,457.94
QH,B0014,B0014,36.37000,102.22000,0,70000000000.0,地表,548.80
QH,B0012,B0012,36.45000,102.53000,0,70000000000.0,地表,494.17
QH,B0015,B0015,36.36000,102.30000,0,70000000000.0,地表,569.35
QH,BL002,BL002,36.43000,102.50000,0,70000000000.0,地表,578.29
QH,B0071,B0071,36.13000,102.03000,0,70000000000.0,地表,541.24
QH,B0070,B0070,36.20000,102.11000,0,70000000000.0,地表,699.09
QH,B0016,B0016,36.29000,102.25000,0,70000000000.0,地表,900.00
QH,B0017,B0017,36.37000,102.47000,0,70000000000.0,地表,351.95
GS,YDGQS,YDGQS,36.37000,103.09000,0,70000000000.0,基岩,504.79
QH,B0073,B0073,36.14000,102.19000,0,70000000000.0,地表,446.69
QH,B0018,B0018,36.28000,102.42000,0,70000000000.0,地表,526.18
QH,BM050,BM050,36.35000,102.71000,0,70000000000.0,地表,738.81
GS,DXZDB,DXZDB,35.77000,103.58000,0,70000000000.0,基岩,403.28
QH,B0075,B0075,36.00000,102.12000,0,70000000000.0,地表,541.98
QH,BM044,BM044,36.28000,102.60000,0,70000000000.0,地表,452.81
GS,YJGST,YJGST,35.96000,103.45000,0,70000000000.0,基岩,454.78
QH,HULXJ,HULXJ,36.07000,102.25000,0,70000000000.0,基岩,900.00
QH,B0092,B0092,35.70000,102.23000,0,70000000000.0,地表,793.05
GS,JTAXB,JTAXB,40.39000,98.64000,0,70000000000.0,基岩,311.61
GS,FS002,FS002,39.74000,98.76000,0,70000000000.0,地表,265.03
GS,FS208,FS208,39.59000,98.72000,0,70000000000.0,地表,275.05
GS,FS207,FS207,39.59000,98.72000,0,70000000000.0,地表,275.05
GS,SOUJF,SOUJF,39.39000,98.74000,0,70000000000.0,基岩,617.68
GS,FS202,FS202,39.67000,98.60000,0,70000000000.0,地表,330.38
QH,QILYL,QILYL,38.83000,98.41000,0,70000000000.0,基岩,475.72
NX,LWBTG,LWBTG,37.72000,106.47000,0,70000000000.0,基岩,376.96
GD,J8316,J8316,22.53000,112.71000,0,70000000000.0,地表,747.11
GD,J8315,J8315,22.49000,112.73000,0,70000000000.0,地表,309.77
GD,JT004,JT004,21.64000,112.58000,0,70000000000.0,地表,900.00
GD,J8306,J8306,22.45000,112.65000,0,70000000000.0,地表,900.00
GD,JK001,JK001,22.37000,112.70000,0,70000000000.0,地表,242.26
GD,Q8113,Q8113,22.47000,111.90000,0,70000000000.0,地表,419.20
GD,J8312,J8312,22.55000,112.44000,0,70000000000.0,地表,231.33
GD,J8301,J8301,22.49000,112.56000,0,70000000000.0,地表,296.14
GD,Q8106,Q8106,22.35000,111.82000,0,70000000000.0,地表,900.00
GD,J8309,J8309,22.36000,112.67000,0,70000000000.0,地表,236.03
GD,J8302,J8302,22.44000,112.59000,0,70000000000.0,地表,224.97
GD,Q8105,Q8105,22.38000,111.85000,0,70000000000.0,地表,432.76
GD,J8308,J8308,22.51000,112.47000,0,70000000000.0,地表,259.27
GD,Q8103,Q8103,22.49000,111.99000,0,70000000000.0,地表,900.00
GD,J8109,J8109,22.17000,112.74000,0,70000000000.0,地表,530.67
GD,J8313,J8313,22.48000,112.49000,0,70000000000.0,地表,235.16
GD,J8307,J8307,22.49000,112.46000,0,70000000000.0,地表,235.71
GD,W2102,W2102,22.51000,112.16000,0,70000000000.0,地表,900.00
GD,J8311,J8311,22.38000,112.59000,0,70000000000.0,地表,301.10
GD,QY001,QY001,22.19000,111.80000,0,70000000000.0,地表,298.23
GD,W2106,W2106,22.51000,112.20000,0,70000000000.0,地表,900.00
GD,J8101,J8101,22.28000,112.66000,0,70000000000.0,地表,404.75
GD,QY003,QY003,22.31000,111.87000,0,70000000000.0,地表,358.56
GD,J8303,J8303,22.34000,112.59000,0,70000000000.0,地表,222.08
GD,J8111,J8111,22.25000,112.62000,0,70000000000.0,地表,334.66
GD,J8514,J8514,22.37000,112.51000,0,70000000000.0,地表,369.14
GD,J8110,J8110,21.83000,112.55000,0,70000000000.0,地表,679.03
GD,YGD,YGD,21.71000,112.25000,0,70000000000.0,基岩,900.00
GD,J8314,J8314,22.27000,112.55000,0,70000000000.0,地表,436.02
GD,J8112,J8112,21.86000,112.50000,0,70000000000.0,地表,299.60
GD,JT003,JT003,21.86000,112.50000,0,70000000000.0,地表,326.30
GD,J8305,J8305,22.22000,112.55000,0,70000000000.0,地表,401.24
GD,J8512,J8512,22.34000,112.42000,0,70000000000.0,地表,283.73
GD,J8304,J8304,22.12000,112.57000,0,70000000000.0,地表,289.76
GD,JE002,JE002,22.36000,112.36000,0,70000000000.0,地表,243.87
GD,J8508,J8508,22.27000,112.45000,0,70000000000.0,地表,319.61
GD,J8105,J8105,21.99000,112.51000,0,70000000000.0,地表,835.98
GD,J8509,J8509,22.31000,112.37000,0,70000000000.0,地表,252.19
GD,J8102,J8102,21.88000,112.38000,0,70000000000.0,地表,766.49
GD,J8502,J8502,22.31000,112.29000,0,70000000000.0,地表,486.92
GD,Q0410,Q0410,21.87000,112.28000,0,70000000000.0,地表,354.87
GD,J8511,J8511,22.26000,112.36000,0,70000000000.0,地表,258.38
GD,J8113,J8113,22.09000,112.40000,0,70000000000.0,地表,732.33
GD,JE001,JE001,22.19000,112.34000,0,70000000000.0,地表,269.73
GD,J8504,J8504,22.20000,112.31000,0,70000000000.0,地表,900.00
GD,J8503,J8503,22.18000,112.34000,0,70000000000.0,地表,282.32
GD,J8513,J8513,22.19000,112.30000,0,70000000000.0,地表,900.00
GD,ENP,ENP,22.10000,112.14000,0,70000000000.0,基岩,765.14
GD,J8506,J8506,22.17000,112.29000,0,70000000000.0,地表,275.30
XZ,F0001,F0001,30.77000,81.61000,0,70000000000.0,地表,359.00
XZ,PLA,普兰台,30.19000,81.27000,0,70000000000.0,基岩,724.04
JL,DHT,DHT,43.34000,128.22000,0,70000000000.0,基岩,310.74
JL,HD002,HD002,42.89000,128.02000,0,70000000000.0,地表,558.28
GS,GUZLY,GUZLY,41.09000,95.50000,0,70000000000.0,基岩,310.68
GS,FG210,FG210,40.99000,95.82000,0,70000000000.0,地表,323.99
GS,FG209,FG209,40.91000,95.87000,0,70000000000.0,地表,294.18
GS,SBEMZ,SBEMZ,41.09000,96.90000,0,70000000000.0,基岩,323.81
GS,FG208,FG208,40.83000,96.10000,0,70000000000.0,地表,305.14
GS,GT002,GT002,39.74000,99.27000,0,70000000000.0,地表,266.27
GS,FJ001,FJ001,40.17000,99.00000,0,70000000000.0,地表,229.42
GS,FQ001,FQ001,39.36000,99.05000,0,70000000000.0,地表,385.62
GS,FJ002,FJ002,39.98000,98.90000,0,70000000000.0,地表,232.90
GS,FS210,FS210,39.48000,98.93000,0,70000000000.0,地表,346.85
GS,FS206,FS206,39.52000,98.78000,0,70000000000.0,地表,352.29
GS,FS201,FS201,39.58000,98.67000,0,70000000000.0,地表,294.29
GS,JYGYQ,JYGYQ,39.85000,98.17000,0,70000000000.0,基岩,570.57
GD,M2607,M2607,24.81000,115.90000,0,70000000000.0,地表,900.00
GD,M2609,M2609,24.74000,116.01000,0,70000000000.0,地表,900.00
GD,M2706,M2706,24.73000,116.19000,0,70000000000.0,地表,455.22
FJ,F3019,F3019,24.82000,116.40000,0,70000000000.0,地表,900.00
GD,M2606,M2606,24.50000,115.99000,0,70000000000.0,地表,893.71
GD,M2705,M2705,24.59000,116.11000,0,70000000000.0,地表,807.68
GD,M2703,M2703,24.65000,116.22000,0,70000000000.0,地表,900.00
GD,M0311,M0311,24.73000,116.40000,0,70000000000.0,地表,900.00
GD,M2704,M2704,24.67000,116.31000,0,70000000000.0,地表,791.08
GD,M0306,M0306,24.43000,116.09000,0,70000000000.0,地表,900.00
FJ,F1011,F1011,24.74000,116.52000,0,70000000000.0,地表,900.00
GD,M8106,M8106,24.21000,115.92000,0,70000000000.0,地表,900.00
GD,M0312,M0312,24.51000,116.21000,0,70000000000.0,地表,345.60
FJ,F1022,F1022,24.81000,116.75000,0,70000000000.0,地表,900.00
GD,M0301,M0301,24.44000,116.16000,0,70000000000.0,地表,900.00
GD,M0309,M0309,24.65000,116.44000,0,70000000000.0,地表,900.00
GD,M0203,M0203,24.35000,116.08000,0,70000000000.0,地表,840.15
FJ,F1013,F1013,24.81000,116.84000,0,70000000000.0,地表,900.00
GD,M0303,M0303,24.59000,116.38000,0,70000000000.0,地表,831.32
FJ,F1016,F1016,24.75000,116.69000,0,70000000000.0,地表,900.00
GD,M0302,M0302,24.30000,116.09000,0,70000000000.0,地表,215.92
GD,M0201,M0201,24.32000,116.11000,0,70000000000.0,地表,294.54
FJ,F1005,F1005,24.74000,116.73000,0,70000000000.0,地表,900.00
FJ,F1024,F1024,24.69000,116.63000,0,70000000000.0,地表,900.00
FJ,F1002,F1002,24.70000,116.69000,0,70000000000.0,地表,900.00
GD,M0202,M0202,24.30000,116.13000,0,70000000000.0,地表,568.07
FJ,F1004,F1004,24.63000,116.56000,0,70000000000.0,地表,900.00
GD,M0308,M0308,24.52000,116.40000,0,70000000000.0,地表,685.12
GD,MM003,MM003,24.51000,116.41000,0,70000000000.0,地表,350.61
GD,M0307,M0307,24.10000,116.01000,0,70000000000.0,地表,549.64
GD,M0304,M0304,24.15000,116.08000,0,70000000000.0,地表,576.96
GD,M0313,M0313,24.42000,116.34000,0,70000000000.0,地表,900.00
FJ,F1001,F1001,24.71000,116.91000,0,70000000000.0,地表,754.55
FJ,E6605,南靖县金山国道局台,24.76000,117.34000,0,70000000000.0,地表,900.00
FJ,F1009,F1009,24.70000,116.97000,0,70000000000.0,地表,820.40
FJ,F1020,F1020,24.67000,116.89000,0,70000000000.0,地表,900.00
GD,M0310,M0310,24.28000,116.25000,0,70000000000.0,地表,743.83
GD,N8104,N8104,22.81000,115.96000,0,70000000000.0,地表,239.77
FJ,E6608,南靖县梅林支局台,24.70000,117.06000,0,70000000000.0,地表,900.00
GD,M2204,M2204,24.52000,116.58000,0,70000000000.0,地表,796.97
FJ,E6805,华安县沙建汰内台,24.72000,117.55000,0,70000000000.0,地表,900.00
FJ,F1003,F1003,24.64000,116.90000,0,70000000000.0,地表,900.00
GD,M2301,M2301,23.76000,115.96000,0,70000000000.0,地表,900.00
FJ,F1008,F1008,24.66000,117.00000,0,70000000000.0,地表,900.00
GD,V2210,V2210,23.41000,115.90000,0,70000000000.0,地表,301.13
FJ,E6612,南靖县梧宅小学台,24.69000,117.24000,0,70000000000.0,地表,900.00
FJ,F1023,F1023,24.60000,116.84000,0,70000000000.0,地表,900.00
FJ,E6604,南靖县龙山新局台,24.68000,117.36000,0,70000000000.0,地表,900.00
FJ,E6804,华安县丰山台,24.66000,117.63000,0,70000000000.0,地表,409.04
GD,V2209,V2209,23.50000,115.94000,0,70000000000.0,地表,476.69
FJ,E6103,芗城区浦南台,24.64000,117.68000,0,70000000000.0,地表,266.12
FJ,E6609,南靖县书洋支局台,24.63000,117.11000,0,70000000000.0,地表,900.00
GD,V2401,V2401,22.96000,116.00000,0,70000000000.0,地表,516.68
GD,V8106,V8106,23.24000,115.95000,0,70000000000.0,地表,900.00
GD,JEX,JEX,23.52000,115.97000,0,70000000000.0,基岩,900.00
FJ,F1012,F1012,24.59000,116.98000,0,70000000000.0,地表,900.00
GD,M2207,M2207,24.51000,116.76000,0,70000000000.0,地表,900.00
FJ,E6602,南靖县丰田凤安台,24.63000,117.43000,0,70000000000.0,地表,900.00
FJ,E6611,南靖县船场支局台,24.62000,117.24000,0,70000000000.0,地表,900.00
GD,V2201,V2201,23.44000,115.98000,0,70000000000.0,地表,506.47
FJ,E6610,南靖县书洋上坂寮台,24.58000,117.05000,0,70000000000.0,地表,900.00
GD,M2208,M2208,24.25000,116.41000,0,70000000000.0,地表,900.00
GD,M2201,M2201,24.34000,116.53000,0,70000000000.0,地表,899.08
GD,V2211,V2211,23.41000,116.00000,0,70000000000.0,地表,900.00
FJ,E6106,龙文区郭坑台,24.56000,117.74000,0,70000000000.0,地表,900.00
FJ,E6104,芗城区石亭金峰台,24.58000,117.62000,0,70000000000.0,地表,311.23
FJ,E6102,芗城区天宝台,24.58000,117.56000,0,70000000000.0,地表,222.20
GD,M2307,M2307,23.99000,116.22000,0,70000000000.0,地表,824.84
GD,M2302,M2302,23.83000,116.13000,0,70000000000.0,地表,900.00
GD,M2305,M2305,23.94000,116.20000,0,70000000000.0,地表,900.00
FJ,NJNK,NJNK,24.57000,117.25000,0,70000000000.0,基岩,900.00
FJ,E6107,龙文区朝阳台,24.54000,117.71000,0,70000000000.0,地表,232.71
FJ,E6613,南靖县南坑支局台,24.56000,117.30000,0,70000000000.0,地表,900.00
GD,V2404,V2404,22.92000,116.12000,0,70000000000.0,地表,265.40
GD,M2303,M2303,24.07000,116.32000,0,70000000000.0,地表,900.00
GD,V2203,V2203,23.41000,116.07000,0,70000000000.0,地表,199.05
FJ,E6101,芗城区石龟头台,24.52000,117.63000,0,70000000000.0,地表,476.70
GD,MF002,MF002,23.72000,116.14000,0,70000000000.0,地表,436.90
GD,M2306,M2306,23.94000,116.25000,0,70000000000.0,地表,651.67
GD,V2212,V2212,23.46000,116.08000,0,70000000000.0,地表,313.40
GD,M2310,M2310,23.76000,116.16000,0,70000000000.0,地表,457.06
FJ,EX001,EX001,24.51000,117.65000,0,70000000000.0,地表,316.04
FJ,EL001,EL001,24.50000,117.67000,0,70000000000.0,地表,238.07
GD,M2309,M2309,24.14000,116.43000,0,70000000000.0,地表,810.28
GD,M2308,M2308,23.67000,116.14000,0,70000000000.0,地表,370.66
FJ,E6709,平和县芦溪支局台,24.48000,117.04000,0,70000000000.0,地表,900.00
FJ,E6603,南靖县山城江滨台,24.52000,117.36000,0,70000000000.0,地表,359.36
FJ,EN001,EN001,24.52000,117.37000,0,70000000000.0,地表,900.00
FJ,F1014,F1014,24.43000,116.90000,0,70000000000.0,地表,900.00
FJ,E6912,龙海市颜厝台,24.49000,117.66000,0,70000000000.0,地表,240.26
GD,V2202,V2202,23.48000,116.11000,0,70000000000.0,地表,304.80
GD,M2209,M2209,24.21000,116.53000,0,70000000000.0,地表,900.00
GD,V2406,V2406,22.97000,116.16000,0,70000000000.0,地表,212.50
GD,V0307,V0307,23.58000,116.14000,0,70000000000.0,地表,326.42
GD,M2304,M2304,23.72000,116.19000,0,70000000000.0,地表,287.00
FJ,ZZJH,漳州九湖台,24.47000,117.63000,0,70000000000.0,基岩,657.41
FJ,E6911,龙海市九湖林下台,24.47000,117.59000,0,70000000000.0,地表,343.93
GD,M2312,M2312,23.99000,116.38000,0,70000000000.0,地表,900.00
GD,V8105,V8105,23.33000,116.15000,0,70000000000.0,地表,293.73
GD,VJ001,VJ001,23.55000,116.18000,0,70000000000.0,地表,292.95
GD,V2208,V2208,23.47000,116.17000,0,70000000000.0,地表,357.92
GD,M2311,M2311,24.06000,116.46000,0,70000000000.0,地表,900.00
GD,V8107,V8107,23.50000,116.18000,0,70000000000.0,地表,534.45
GD,M2205,M2205,24.19000,116.61000,0,70000000000.0,地表,900.00
GD,MD001,MD001,24.20000,116.64000,0,70000000000.0,地表,900.00
GD,VP001,VP001,23.38000,116.19000,0,70000000000.0,地表,544.03
FJ,E6910,龙海市程溪台,24.39000,117.59000,0,70000000000.0,地表,335.37
GD,V8102,V8102,23.41000,116.22000,0,70000000000.0,地表,353.88
GD,V0306,V0306,23.53000,116.24000,0,70000000000.0,地表,210.69
FJ,E6701,平和县山格机房台,24.40000,117.34000,0,70000000000.0,地表,444.69
GD,V0302,V0302,23.66000,116.28000,0,70000000000.0,地表,794.78
FJ,E6708,平和县秀峰支局台,24.33000,116.98000,0,70000000000.0,地表,777.00
GD,M2202,M2202,24.25000,116.82000,0,70000000000.0,地表,900.00
GD,MD002,MD002,24.26000,116.84000,0,70000000000.0,地表,900.00
FJ,E6703,平和县小溪旧楼台,24.38000,117.28000,0,70000000000.0,地表,570.53
FJ,E6707,平和县长乐支局台,24.30000,116.94000,0,70000000000.0,地表,900.00
FJ,EP001,EP001,24.38000,117.31000,0,70000000000.0,地表,691.50
FJ,E6704,平和县霞寨支局台,24.35000,117.17000,0,70000000000.0,地表,848.95
GD,V0308,V0308,23.55000,116.28000,0,70000000000.0,地表,219.34
FJ,E6909,龙海市程溪官园台,24.34000,117.65000,0,70000000000.0,地表,511.91
FJ,E6705,平和县崎岭支局台,24.32000,117.07000,0,70000000000.0,地表,834.62
FJ,E6702,平和县文峰南虾台,24.36000,117.39000,0,70000000000.0,地表,900.00
GD,V8104,V8104,23.25000,116.27000,0,70000000000.0,地表,273.75
GD,V0301,V0301,23.57000,116.30000,0,70000000000.0,地表,217.48
GD,M2206,M2206,24.09000,116.64000,0,70000000000.0,地表,900.00
GD,M2203,M2203,24.15000,116.73000,0,70000000000.0,地表,900.00
GD,V0201,V0201,23.50000,116.30000,0,70000000000.0,地表,900.00
GD,D1401,D1401,23.15000,116.31000,0,70000000000.0,地表,900.00
GD,V2405,V2405,22.94000,116.38000,0,70000000000.0,地表,359.73
GD,VH002,VH002,22.94000,116.38000,0,70000000000.0,地表,359.73
GD,D1407,D1407,23.21000,116.31000,0,70000000000.0,地表,430.75
GD,V0205,V0205,23.54000,116.33000,0,70000000000.0,地表,230.15
GD,V2402,V2402,23.01000,116.36000,0,70000000000.0,地表,759.46
GD,V0203,V0203,23.48000,116.32000,0,70000000000.0,地表,900.00
GD,V8108,V8108,23.40000,116.31000,0,70000000000.0,地表,900.00
FJ,E6706,平和县九峰支局台,24.25000,117.02000,0,70000000000.0,地表,900.00
GD,D1304,D1304,23.44000,116.33000,0,70000000000.0,地表,343.75
GD,V0202,V0202,23.58000,116.36000,0,70000000000.0,地表,900.00
GD,DC001,DC001,23.29000,116.33000,0,70000000000.0,地表,216.54
FJ,E6712,平和县坂仔支局台,24.29000,117.27000,0,70000000000.0,地表,582.65
GD,JIY,JIY,23.56000,116.38000,0,70000000000.0,基岩,226.78
GD,D1301,D1301,23.35000,116.35000,0,70000000000.0,地表,295.36
GD,D1403,D1403,23.11000,116.38000,0,70000000000.0,地表,900.00
GD,VJ004,VJ004,23.59000,116.40000,0,70000000000.0,地表,430.14
FJ,E6308,漳浦县长桥台,24.24000,117.65000,0,70000000000.0,地表,404.09
GD,U0301,U0301,23.73000,116.46000,0,70000000000.0,地表,900.00
GD,U2209,U2209,24.16000,116.92000,0,70000000000.0,地表,900.00
GD,D1405,D1405,23.25000,116.37000,0,70000000000.0,地表,235.03
FJ,E6713,平和县国强支局台,24.25000,117.22000,0,70000000000.0,地表,900.00
FJ,E6307,漳浦县南浦台,24.25000,117.55000,0,70000000000.0,地表,900.00
GD,D1404,D1404,23.21000,116.39000,0,70000000000.0,地表,237.40
GD,V0204,V0204,23.53000,116.41000,0,70000000000.0,地表,210.36
FJ,E6710,平和县南胜支局台,24.23000,117.36000,0,70000000000.0,地表,741.06
GD,UR004,UR004,24.09000,116.88000,0,70000000000.0,地表,827.19
GD,VH003,VH003,23.02000,116.47000,0,70000000000.0,地表,276.75
GD,DC002,DC002,23.22000,116.44000,0,70000000000.0,地表,205.77
FJ,E6302,漳浦县赤土台,24.15000,117.70000,0,70000000000.0,地表,306.77
GD,V0303,V0303,23.60000,116.49000,0,70000000000.0,地表,354.42
FJ,E6404,诏安县秀篆支局台,24.10000,116.96000,0,70000000000.0,地表,695.37
FJ,E6206,云霄县枧河台,24.18000,117.27000,0,70000000000.0,地表,900.00
GD,U2210,U2210,24.00000,116.81000,0,70000000000.0,地表,900.00
GD,D1406,D1406,23.25000,116.46000,0,70000000000.0,地表,232.23
GD,U0303,U0303,23.90000,116.70000,0,70000000000.0,地表,900.00
GD,VH004,VH004,23.08000,116.50000,0,70000000000.0,地表,900.00
GD,VJ002,VJ002,23.50000,116.49000,0,70000000000.0,地表,248.05
FJ,E6305,漳浦县石榴象牙台,24.16000,117.47000,0,70000000000.0,地表,559.72
GD,D1303,D1303,23.27000,116.48000,0,70000000000.0,地表,900.00
FJ,E6711,平和县五寨支局台,24.16000,117.40000,0,70000000000.0,地表,355.12
FJ,E6714,平和县安厚支局台,24.14000,117.21000,0,70000000000.0,地表,587.38
GD,V2403,V2403,23.04000,116.54000,0,70000000000.0,地表,413.23
GD,DC007,DC007,23.14000,116.51000,0,70000000000.0,地表,539.91
GD,V0206,V0206,23.57000,116.53000,0,70000000000.0,地表,217.85
GD,U0306,U0306,23.66000,116.57000,0,70000000000.0,地表,243.01
FJ,E6715,平和县大溪支局台,24.11000,117.12000,0,70000000000.0,地表,766.64
FJ,E6306,漳浦县绥安东荣路台,24.11000,117.62000,0,70000000000.0,地表,264.73
FJ,EZ001,EZ001,24.11000,117.62000,0,70000000000.0,地表,264.73
GD,U0305,U0305,23.85000,116.72000,0,70000000000.0,地表,900.00
GD,D1402,D1402,23.17000,116.53000,0,70000000000.0,地表,286.66
FJ,E6205,云霄县马铺台,24.12000,117.28000,0,70000000000.0,地表,655.55
FJ,E6304,漳浦县大南坂台,24.09000,117.57000,0,70000000000.0,地表,333.11
GD,U2206,U2206,23.97000,116.91000,0,70000000000.0,地表,699.18
GD,UC002,UC002,23.59000,116.59000,0,70000000000.0,地表,230.94
FJ,E6322,漳浦县旧镇台,24.05000,117.70000,0,70000000000.0,地表,684.68
GD,DC003,DC003,23.32000,116.55000,0,70000000000.0,地表,369.49
FJ,ZPCG,ZPCG,24.07000,117.60000,0,70000000000.0,基岩,900.00
GD,V0305,V0305,23.41000,116.57000,0,70000000000.0,地表,224.85
FJ,E6403,诏安县官陂支局台,24.02000,117.07000,0,70000000000.0,地表,275.85
FJ,E6303,漳浦县盘陀台,24.07000,117.50000,0,70000000000.0,地表,371.44
GD,U2201,U2201,23.92000,116.89000,0,70000000000.0,地表,900.00
GD,U0308,U0308,23.52000,116.60000,0,70000000000.0,地表,537.81
GD,UR006,UR006,23.90000,116.87000,0,70000000000.0,地表,636.76
FJ,E6402,诏安县霞葛分局台,23.99000,117.02000,0,70000000000.0,地表,386.94
FJ,E6207,云霄县圆峰台,24.07000,117.36000,0,70000000000.0,地表,900.00
GD,D1306,D1306,23.31000,116.58000,0,70000000000.0,地表,388.07
GD,U0309,U0309,23.83000,116.80000,0,70000000000.0,地表,900.00
GD,D1103,D1103,23.42000,116.59000,0,70000000000.0,地表,417.35
FJ,E6204,云霄县车圩台,24.04000,117.22000,0,70000000000.0,地表,759.08
GD,U0307,U0307,23.59000,116.65000,0,70000000000.0,地表,227.56
GD,U0204,U0204,23.63000,116.67000,0,70000000000.0,地表,209.75
FJ,E6321,漳浦县霞美台,24.00000,117.68000,0,70000000000.0,地表,391.13
GD,D1305,D1305,23.28000,116.61000,0,70000000000.0,地表,900.00
GD,D1302,D1302,23.21000,116.62000,0,70000000000.0,地表,466.58
GD,SHT,SHT,23.42000,116.62000,0,70000000000.0,基岩,900.00
GD,D1102,D1102,23.38000,116.62000,0,70000000000.0,地表,220.56
GD,DC006,DC006,23.21000,116.63000,0,70000000000.0,地表,352.59
FJ,E6203,云霄县下河台,24.02000,117.27000,0,70000000000.0,地表,862.06
GD,U0203,U0203,23.62000,116.70000,0,70000000000.0,地表,702.66
GD,U0206,U0206,23.71000,116.76000,0,70000000000.0,地表,900.00
GD,U0302,U0302,23.51000,116.67000,0,70000000000.0,地表,209.96
FJ,E6208,云霄县火田台,24.01000,117.38000,0,70000000000.0,地表,900.00
GD,UC001,UC001,23.46000,116.67000,0,70000000000.0,地表,231.63
GD,U0201,U0201,23.62000,116.73000,0,70000000000.0,地表,232.95
FJ,E6202,云霄县内洞台,23.97000,117.19000,0,70000000000.0,地表,900.00
FJ,E6405,诏安县太平分局台,23.90000,117.02000,0,70000000000.0,地表,673.36
GD,U0304,U0304,23.48000,116.69000,0,70000000000.0,地表,234.15
GD,D1503,D1503,23.54000,116.71000,0,70000000000.0,地表,264.21
GD,D1502,D1502,23.54000,116.71000,0,70000000000.0,地表,236.73
FJ,E6319,漳浦县杜浔台,23.95000,117.61000,0,70000000000.0,地表,578.13
FJ,YXHT,云霄火田台,23.98000,117.40000,0,70000000000.0,基岩,900.00
GD,U0205,U0205,23.62000,116.76000,0,70000000000.0,地表,297.00
GD,U2202,U2202,23.80000,116.91000,0,70000000000.0,地表,709.54
GD,D0701,D0701,23.45000,116.70000,0,70000000000.0,地表,226.31
FJ,E6201,云霄县和平台,23.96000,117.27000,0,70000000000.0,地表,445.35
GD,U2208,U2208,23.74000,116.86000,0,70000000000.0,地表,446.32
FJ,EY001,EY001,23.96000,117.33000,0,70000000000.0,地表,323.54
FJ,E6215,云霄县西园新村台,23.96000,117.33000,0,70000000000.0,地表,460.09
GD,U2211,U2211,23.81000,116.94000,0,70000000000.0,地表,373.17
GD,D0702,D0702,23.43000,116.71000,0,70000000000.0,地表,225.73
GD,D1501,D1501,23.47000,116.72000,0,70000000000.0,地表,231.52
FJ,E6210,云霄县浯田台,23.95000,117.45000,0,70000000000.0,地表,900.00
GD,D0703,D0703,23.38000,116.71000,0,70000000000.0,地表,265.56
FJ,E6209,云霄县东厦台,23.95000,117.38000,0,70000000000.0,地表,900.00
FJ,E6318,漳浦县沙西台,23.93000,117.54000,0,70000000000.0,地表,900.00
GD,D1101,D1101,23.41000,116.73000,0,70000000000.0,地表,226.25
GD,D1201,D1201,23.59000,116.79000,0,70000000000.0,地表,241.63
GD,UR003,UR003,23.70000,116.87000,0,70000000000.0,地表,425.84
FJ,E6406,诏安县红星支局台,23.87000,117.10000,0,70000000000.0,地表,900.00
GD,U2213,U2213,23.76000,116.96000,0,70000000000.0,地表,900.00
GD,DH001,DH001,23.31000,116.75000,0,70000000000.0,地表,640.67
GD,D1202,D1202,23.32000,116.75000,0,70000000000.0,地表,600.00
GD,D1504,D1504,23.54000,116.80000,0,70000000000.0,地表,216.93
GD,DC005,DC005,23.57000,116.82000,0,70000000000.0,地表,245.45
GD,DH002,DH002,23.23000,116.78000,0,70000000000.0,地表,605.07
GD,U2203,U2203,23.71000,116.94000,0,70000000000.0,地表,339.27
FJ,E6211,云霄县石牌台,23.88000,117.30000,0,70000000000.0,地表,900.00
GD,D1505,D1505,23.62000,116.87000,0,70000000000.0,地表,276.79
FJ,E6320,漳浦县古雷台,23.83000,117.62000,0,70000000000.0,地表,600.00
FJ,E6407,诏安县建设支局台,23.80000,117.10000,0,70000000000.0,地表,522.39
GD,DC004,DC004,23.43000,116.81000,0,70000000000.0,地表,232.40
GD,D1104,D1104,23.44000,116.83000,0,70000000000.0,地表,234.46
FJ,E6401,诏安县金星湖内台,23.80000,117.20000,0,70000000000.0,地表,866.86
FJ,E6408,诏安县西潭分局台,23.76000,117.12000,0,70000000000.0,地表,303.92
FJ,E6213,云霄县列屿台,23.82000,117.46000,0,70000000000.0,地表,827.01
GD,UR002,UR002,23.66000,116.99000,0,70000000000.0,地表,237.91
FJ,E6415,诏安县梅洲支局台,23.81000,117.32000,0,70000000000.0,地表,448.24
GD,U2207,U2207,23.69000,117.04000,0,70000000000.0,地表,605.83
FJ,E6409,诏安县白洋支局台,23.73000,117.10000,0,70000000000.0,地表,304.44
FJ,E6414,诏安县四都镇金都台,23.79000,117.27000,0,70000000000.0,地表,230.31
FJ,E6212,云霄县陈岱台,23.80000,117.41000,0,70000000000.0,地表,360.64
FJ,E6410,诏安县深桥庄上台,23.72000,117.12000,0,70000000000.0,地表,336.82
GD,U2204,U2204,23.53000,116.95000,0,70000000000.0,地表,690.37
FJ,E6411,诏安县南诏镇台,23.72000,117.16000,0,70000000000.0,地表,347.47
FJ,ZPGL,ZPGL,23.72000,117.59000,0,70000000000.0,基岩,600.00
GD,U2205,U2205,23.54000,116.98000,0,70000000000.0,地表,467.75
FJ,E6216,东山县杏陈前何台,23.75000,117.39000,0,70000000000.0,地表,387.11
GD,D2302,D2302,23.43000,116.94000,0,70000000000.0,地表,900.00
FJ,E6219,东山县铜陵铜兴台,23.73000,117.52000,0,70000000000.0,地表,369.43
GD,UR001,UR001,23.55000,117.00000,0,70000000000.0,地表,296.22
FJ,EZ101,EZ101,23.70000,117.19000,0,70000000000.0,地表,249.29
FJ,E6218,东山县康美支局台,23.72000,117.48000,0,70000000000.0,地表,394.34
FJ,E6217,东山县樟塘下湖台,23.72000,117.45000,0,70000000000.0,地表,481.12
GD,UR005,UR005,23.62000,117.10000,0,70000000000.0,地表,236.45
FJ,ZAQD,诏安桥东台,23.67000,117.19000,0,70000000000.0,基岩,809.14
FJ,DSXP,东山西埔台,23.71000,117.43000,0,70000000000.0,基岩,278.96
FJ,ES001,ES001,23.70000,117.47000,0,70000000000.0,地表,600.00
FJ,E6412,诏安县桥东含英台,23.66000,117.19000,0,70000000000.0,地表,373.30
GD,U2212,U2212,23.59000,117.11000,0,70000000000.0,地表,900.00
FJ,E6222,东山县西埔探石台,23.69000,117.43000,0,70000000000.0,地表,380.68
FJ,E6221,东山县前楼支局台,23.69000,117.39000,0,70000000000.0,地表,565.35
GD,NAO,NAO,23.43000,117.01000,0,70000000000.0,基岩,900.00
FJ,E6413,诏安县梅岭支局台,23.66000,117.25000,0,70000000000.0,地表,236.29
GD,DN001,DN001,23.45000,117.10000,0,70000000000.0,地表,900.00
FJ,DSCC,DSCC,23.61000,117.36000,0,70000000000.0,基岩,405.17
FJ,E6220,东山县陈城支局台,23.60000,117.38000,0,70000000000.0,地表,900.00
GD,D2301,D2301,23.43000,117.13000,0,70000000000.0,地表,600.00
XZ,DZG04,DZG04,28.86000,85.29000,0,70000000000.0,基岩,584.82
XZ,DNL01,DNL01,28.17000,85.97000,0,70000000000.0,基岩,890.88
XZ,F0002,F0002,31.18000,80.76000,0,70000000000.0,地表,266.60
LN,CX001,CX001,40.35000,123.16000,0,70000000000.0,地表,812.36
LN,C002F,C002F,40.30000,123.19000,0,70000000000.0,地表,550.78
LN,DSQLW,DSQLW,40.41000,122.90000,0,70000000000.0,基岩,786.84
LN,C0033,C0033,40.31000,123.09000,0,70000000000.0,地表,767.17
LN,H0039,H0039,40.40000,122.87000,0,70000000000.0,地表,795.01
LN,H002D,H002D,40.41000,122.79000,0,70000000000.0,地表,721.21
LN,C0017,C0017,40.28000,123.01000,0,70000000000.0,地表,801.46
LN,C000C,C000C,40.20000,123.12000,0,70000000000.0,地表,816.82
LN,C0020,C0020,40.29000,122.93000,0,70000000000.0,地表,818.41
LN,H001B,H001B,40.37000,122.68000,0,70000000000.0,地表,768.91
LN,H0013,H0013,40.31000,122.84000,0,70000000000.0,地表,781.92
LN,CX002,CX002,40.14000,123.12000,0,70000000000.0,地表,838.41
LN,H0032,H0032,40.41000,122.22000,0,70000000000.0,地表,390.84
LN,HG003,HG003,40.38000,122.47000,0,70000000000.0,地表,527.71
LN,H0015,H0015,40.38000,122.31000,0,70000000000.0,地表,229.20
LN,H001C,H001C,40.34000,122.55000,0,70000000000.0,地表,764.02
LN,B0005,B0005,38.83000,121.23000,0,70000000000.0,地表,495.34
LN,H0017,H0017,40.35000,122.41000,0,70000000000.0,地表,686.70
LN,HG006,HG006,40.26000,122.73000,0,70000000000.0,地表,750.65
LN,H003B,H003B,40.25000,122.73000,0,70000000000.0,地表,625.25
LN,C0008,C0008,40.06000,123.06000,0,70000000000.0,地表,410.66
LN,B0068,B0068,38.87000,121.26000,0,70000000000.0,地表,725.08
LN,BZ004,BZ004,40.11000,122.91000,0,70000000000.0,地表,454.74
LN,H0007,H0007,40.30000,122.11000,0,70000000000.0,地表,600.00
LN,B006E,B006E,39.89000,123.15000,0,70000000000.0,地表,369.02
LN,B000C,B000C,38.84000,121.35000,0,70000000000.0,地表,591.95
LN,B0012,B0012,40.01000,123.01000,0,70000000000.0,地表,831.78
LN,H0030,H0030,40.18000,122.71000,0,70000000000.0,地表,765.08
LN,HG002,HG002,40.23000,122.55000,0,70000000000.0,地表,730.12
LN,H0025,H0025,40.27000,122.21000,0,70000000000.0,地表,383.74
LN,H0003,H0003,40.22000,122.55000,0,70000000000.0,地表,726.82
LN,H0011,H0011,40.26000,122.13000,0,70000000000.0,地表,385.71
LN,H000D,H000D,40.24000,122.35000,0,70000000000.0,地表,435.45
LN,H002E,H002E,40.22000,122.47000,0,70000000000.0,地表,747.95
LN,H0008,H0008,40.24000,122.29000,0,70000000000.0,地表,700.28
LN,HG005,HG005,40.23000,122.23000,0,70000000000.0,地表,430.84
LN,B0032,B0032,39.71000,123.17000,0,70000000000.0,地表,720.42
LN,B004B,B004B,39.95000,122.98000,0,70000000000.0,地表,828.78
LN,B0008,B0008,38.99000,121.35000,0,70000000000.0,地表,475.52
LN,H0001,H0001,40.19000,122.06000,0,70000000000.0,地表,256.56
LN,B0011,B0011,38.92000,121.42000,0,70000000000.0,地表,455.85
LN,B0049,B0049,39.69000,123.13000,0,70000000000.0,地表,241.72
LN,B001B,B001B,39.79000,123.06000,0,70000000000.0,地表,537.66
LN,BZ003,BZ003,39.90000,122.94000,0,70000000000.0,地表,836.76
LN,BG001,BG001,38.88000,121.53000,0,70000000000.0,地表,753.15
LN,H001D,H001D,40.11000,122.53000,0,70000000000.0,地表,488.97
LN,H0019,H0019,40.14000,122.39000,0,70000000000.0,地表,754.95
LN,B0014,B0014,38.99000,121.42000,0,70000000000.0,地表,619.24
LN,H001F,H001F,40.14000,122.03000,0,70000000000.0,地表,224.17
LN,HSH,HSH,39.54000,121.27000,0,70000000000.0,基岩,644.65
LN,GZUCT,GZUCT,40.14000,122.19000,0,70000000000.0,基岩,392.17
LN,ZHHRH,ZHHRH,39.93000,122.84000,0,70000000000.0,基岩,819.44
LN,B0054,B0054,38.91000,121.55000,0,70000000000.0,地表,631.75
LN,H0018,H0018,40.10000,122.43000,0,70000000000.0,地表,739.16
LN,H000C,H000C,40.11000,122.05000,0,70000000000.0,地表,398.24
LN,B0052,B0052,39.85000,122.91000,0,70000000000.0,地表,399.83
LN,HG004,HG004,40.06000,122.50000,0,70000000000.0,地表,310.72
LN,B0003,B0003,39.72000,122.98000,0,70000000000.0,地表,330.71
LN,B0064,B0064,38.87000,121.69000,0,70000000000.0,地表,749.63
LN,DL2,DL2,38.91000,121.63000,0,70000000000.0,基岩,790.27
LN,B0033,B0033,40.02000,122.57000,0,70000000000.0,地表,780.22
LN,B0010,B0010,40.05000,121.92000,0,70000000000.0,地表,687.18
LN,H000A,H000A,40.06000,122.41000,0,70000000000.0,地表,757.53
LN,H0021,H0021,40.06000,122.33000,0,70000000000.0,地表,761.67
LN,B0007,B0007,39.92000,121.67000,0,70000000000.0,地表,600.00
LN,B0063,B0063,39.00000,121.56000,0,70000000000.0,地表,323.07
LN,H0012,H0012,40.06000,122.14000,0,70000000000.0,地表,434.51
LN,B0062,B0062,38.97000,121.60000,0,70000000000.0,地表,673.34
LN,B002D,B002D,40.04000,122.00000,0,70000000000.0,地表,402.80
LN,H0033,H0033,40.05000,122.08000,0,70000000000.0,地表,383.21
LN,B000E,B000E,39.97000,122.59000,0,70000000000.0,地表,782.02
LN,B0019,B0019,39.65000,122.94000,0,70000000000.0,地表,433.49
LN,H0031,H0031,39.98000,122.53000,0,70000000000.0,地表,263.28
LN,B001A,B001A,39.65000,121.47000,0,70000000000.0,地表,600.00
LN,B0047,B0047,39.76000,121.55000,0,70000000000.0,地表,619.35
LN,H0022,H0022,40.00000,122.28000,0,70000000000.0,地表,778.97
LN,B0031,B0031,39.75000,122.81000,0,70000000000.0,地表,295.64
LN,BW002,BW002,39.80000,121.65000,0,70000000000.0,地表,528.57
LN,B0021,B0021,39.62000,122.88000,0,70000000000.0,地表,423.01
LN,B004C,B004C,39.84000,122.68000,0,70000000000.0,地表,399.17
LN,B0059,B0059,39.48000,121.47000,0,70000000000.0,地表,516.80
LN,B0057,B0057,39.66000,122.85000,0,70000000000.0,地表,331.13
LN,B0046,B0046,39.07000,121.66000,0,70000000000.0,地表,405.00
LN,B004E,B004E,39.94000,122.03000,0,70000000000.0,地表,414.81
LN,B002B,B002B,39.69000,121.60000,0,70000000000.0,地表,374.06
LN,B002A,B002A,39.91000,122.43000,0,70000000000.0,地表,392.67
LN,B0006,B0006,39.89000,121.90000,0,70000000000.0,地表,288.74
LN,B002F,B002F,39.94000,122.16000,0,70000000000.0,地表,755.58
LN,B0036,B0036,39.91000,122.29000,0,70000000000.0,地表,774.71
LN,B006A,B006A,39.79000,122.60000,0,70000000000.0,地表,818.46
LN,B0015,B0015,39.26000,121.62000,0,70000000000.0,地表,734.17
LN,B004D,B004D,39.62000,122.74000,0,70000000000.0,地表,413.44
LN,B0066,B0066,39.81000,121.90000,0,70000000000.0,地表,440.06
LN,WFDSS,WFDSS,39.86000,122.16000,0,70000000000.0,基岩,763.93
LN,B005B,B005B,39.21000,121.69000,0,70000000000.0,地表,311.99
LN,B0043,B0043,39.23000,121.68000,0,70000000000.0,地表,331.52
LN,B0016,B0016,39.14000,121.76000,0,70000000000.0,地表,419.25
LN,BZ002,BZ002,39.70000,122.62000,0,70000000000.0,地表,525.36
LN,B0023,B0023,39.84000,122.30000,0,70000000000.0,地表,400.81
LN,B0044,B0044,39.53000,121.66000,0,70000000000.0,地表,446.06
LN,B003C,B003C,39.81000,121.99000,0,70000000000.0,地表,761.47
LN,B0034,B0034,39.09000,121.86000,0,70000000000.0,地表,818.31
LN,B002C,B002C,39.41000,121.66000,0,70000000000.0,地表,360.06
LN,B0025,B0025,39.77000,122.47000,0,70000000000.0,地表,390.03
LN,B006B,B006B,39.16000,121.82000,0,70000000000.0,地表,284.60
LN,B0048,B0048,39.66000,121.82000,0,70000000000.0,地表,553.11
LN,B0061,B0061,39.08000,121.98000,0,70000000000.0,地表,597.02
LN,WFD,瓦房店台,39.58000,121.76000,0,70000000000.0,基岩,584.95
LN,BW001,BW001,39.77000,122.05000,0,70000000000.0,地表,411.66
LN,B0060,B0060,39.28000,121.76000,0,70000000000.0,地表,306.34
LN,B0024,B0024,39.65000,122.51000,0,70000000000.0,地表,531.27
LN,B000D,B000D,39.50000,122.60000,0,70000000000.0,地表,324.84
LN,B002E,B002E,39.46000,121.78000,0,70000000000.0,地表,732.97
LN,B003E,B003E,39.15000,121.97000,0,70000000000.0,地表,577.15
LN,B0037,B0037,39.73000,122.26000,0,70000000000.0,地表,243.64
LN,B0069,B0069,39.56000,122.56000,0,70000000000.0,地表,325.70
LN,B0035,B0035,39.73000,122.19000,0,70000000000.0,地表,605.14
LN,BP001,BP001,39.69000,122.39000,0,70000000000.0,地表,822.03
LN,B001E,B001E,39.30000,121.83000,0,70000000000.0,地表,786.19
LN,B004A,B004A,39.64000,121.93000,0,70000000000.0,地表,610.20
LN,B0028,B0028,39.69000,122.03000,0,70000000000.0,地表,726.22
LN,B001F,B001F,39.21000,121.93000,0,70000000000.0,地表,433.94
LN,B005D,B005D,39.57000,121.88000,0,70000000000.0,地表,731.32
LN,B0001,B0001,39.16000,122.03000,0,70000000000.0,地表,596.14
LN,B0040,B0040,39.34000,121.85000,0,70000000000.0,地表,629.12
LN,B003D,B003D,39.17000,122.06000,0,70000000000.0,地表,654.70
LN,B0029,B0029,39.68000,122.20000,0,70000000000.0,地表,324.87
LN,B006D,B006D,39.64000,122.37000,0,70000000000.0,地表,632.33
LN,B001C,B001C,39.64000,122.03000,0,70000000000.0,地表,652.32
LN,B000A,B000A,39.52000,122.48000,0,70000000000.0,地表,602.08
LN,B005C,B005C,39.60000,121.99000,0,70000000000.0,地表,749.65
LN,PLDCZ,PLDCZ,39.46000,122.48000,0,70000000000.0,基岩,405.34
LN,B0039,B0039,39.54000,122.42000,0,70000000000.0,地表,697.96
LN,B0045,B0045,39.61000,122.11000,0,70000000000.0,地表,545.78
LN,B001D,B001D,39.35000,121.95000,0,70000000000.0,地表,595.59
LN,B005F,B005F,39.42000,121.94000,0,70000000000.0,地表,273.27
LN,B0018,B0018,39.53000,122.00000,0,70000000000.0,地表,594.60
LN,B0050,B0050,39.60000,122.24000,0,70000000000.0,地表,615.37
LN,B0017,B0017,39.28000,122.03000,0,70000000000.0,地表,365.23
LN,B0002,B0002,39.47000,121.97000,0,70000000000.0,地表,726.29
LN,B006C,B006C,39.56000,122.32000,0,70000000000.0,地表,266.68
LN,B004F,B004F,39.51000,122.36000,0,70000000000.0,地表,376.73
LN,B0056,B0056,39.34000,122.33000,0,70000000000.0,地表,600.00
LN,B0058,B0058,39.29000,122.23000,0,70000000000.0,地表,694.07
LN,B0041,B0041,39.47000,122.05000,0,70000000000.0,地表,479.33
LN,B003A,B003A,39.53000,122.17000,0,70000000000.0,地表,573.86
LN,B0042,B0042,39.38000,122.06000,0,70000000000.0,地表,644.20
LN,B0004,B0004,39.48000,122.29000,0,70000000000.0,地表,254.60
LN,B0051,B0051,39.50000,122.14000,0,70000000000.0,地表,404.60
LN,B003B,B003B,39.49000,122.24000,0,70000000000.0,地表,807.17
LN,B0055,B0055,39.34000,122.18000,0,70000000000.0,地表,254.19
LN,B003F,B003F,39.35000,122.22000,0,70000000000.0,地表,381.19
LN,B0027,B0027,39.38000,122.24000,0,70000000000.0,地表,564.23
LN,B000B,B000B,39.39000,122.16000,0,70000000000.0,地表,579.59
YN,G2503,G2503,23.86000,102.35000,0,70000000000.0,地表,701.15
YN,A8101,A8101,24.66000,102.37000,0,70000000000.0,地表,384.88
YN,FYM01,FYM01,24.70000,102.14000,0,70000000000.0,基岩,599.46
YN,F2504,F2504,24.61000,102.18000,0,70000000000.0,地表,564.97
YN,F2601,F2601,24.25000,102.28000,0,70000000000.0,地表,735.40
YN,A1503,A1503,24.45000,102.26000,0,70000000000.0,地表,493.34
YN,F2503,F2503,24.67000,101.96000,0,70000000000.0,地表,689.85
YN,FE001,FE001,24.39000,102.22000,0,70000000000.0,地表,312.84
YN,F2505,F2505,24.50000,102.15000,0,70000000000.0,地表,343.51
YN,FXP01,FXP01,24.04000,101.99000,0,70000000000.0,基岩,770.78
YN,F2602,F2602,24.25000,102.15000,0,70000000000.0,地表,508.18
YN,F2603,F2603,24.18000,102.08000,0,70000000000.0,地表,615.07
YN,FE002,FE002,24.31000,102.09000,0,70000000000.0,地表,521.84
YN,ES001,ES001,24.41000,101.96000,0,70000000000.0,地表,576.07
YN,E2203,E2203,24.28000,101.97000,0,70000000000.0,地表,614.78
HA,A0026,A0026,34.67000,113.92000,0,70000000000.0,地表,231.67
HE,BY002,BY002,39.65000,118.78000,0,70000000000.0,地表,201.10
HA,A001D,A001D,34.73000,113.89000,0,70000000000.0,地表,207.39
HE,BJ001,BJ001,39.58000,118.79000,0,70000000000.0,地表,207.07
HA,A0020,A0020,34.67000,114.10000,0,70000000000.0,地表,214.36
HA,A0022,A0022,34.81000,113.93000,0,70000000000.0,地表,189.65
HA,ZMXGD,ZMXGD,34.74000,114.04000,0,70000000000.0,基岩,204.88
SD,Q0042,Q0042,34.72000,118.59000,0,70000000000.0,地表,252.86
HE,B0037,B0037,39.60000,118.64000,0,70000000000.0,地表,225.71
SD,Q003E,Q003E,34.82000,118.72000,0,70000000000.0,地表,380.97
HA,A001E,A001E,34.80000,114.01000,0,70000000000.0,地表,189.75
HE,B0046,B0046,39.46000,118.83000,0,70000000000.0,地表,200.81
HA,AZ003,AZ003,34.86000,113.94000,0,70000000000.0,地表,228.40
SD,Q0040,Q0040,34.87000,118.73000,0,70000000000.0,地表,233.85
HA,G0036,G0036,34.96000,113.86000,0,70000000000.0,地表,217.89
HE,LUN,LUN,39.49000,118.69000,0,70000000000.0,基岩,274.41
SD,Q003F,Q003F,34.82000,118.59000,0,70000000000.0,地表,239.00
SD,Q003A,Q003A,34.74000,118.45000,0,70000000000.0,地表,481.14
SD,Q0044,Q0044,34.96000,118.77000,0,70000000000.0,地表,304.35
HA,B0016,B0016,34.69000,114.38000,0,70000000000.0,地表,183.04
HA,A0025,A0025,34.88000,114.06000,0,70000000000.0,地表,210.18
HA,BT001,BT001,34.77000,114.26000,0,70000000000.0,地表,198.59
SX,B004E,B004E,39.52000,114.15000,0,70000000000.0,地表,507.33
SD,LIS,LIS,34.95000,118.68000,0,70000000000.0,基岩,738.93
SD,Q0037,Q0037,34.76000,118.36000,0,70000000000.0,地表,216.40
SD,Q003D,Q003D,34.85000,118.51000,0,70000000000.0,地表,277.89
HA,B001A,B001A,34.67000,114.52000,0,70000000000.0,地表,202.36
HA,AZ002,AZ002,34.86000,114.19000,0,70000000000.0,地表,192.67
HE,QTY,QTY,39.53000,118.43000,0,70000000000.0,基岩,203.25
SD,Q0038,Q0038,34.80000,118.38000,0,70000000000.0,地表,213.70
SD,Q0043,Q0043,34.94000,118.59000,0,70000000000.0,地表,294.85
SD,Q002F,Q002F,35.06000,118.76000,0,70000000000.0,地表,420.71
SX,HF001,HF001,39.27000,113.87000,0,70000000000.0,地表,286.32
SD,Q0046,Q0046,34.69000,118.14000,0,70000000000.0,地表,218.24
HA,GY001,GY001,35.06000,113.93000,0,70000000000.0,地表,225.11
SD,Q0050,Q0050,34.75000,118.25000,0,70000000000.0,地表,212.65
HE,BA001,BA001,39.62000,118.18000,0,70000000000.0,地表,290.91
SD,Q0053,Q0053,34.68000,118.07000,0,70000000000.0,地表,221.45
HA,LTQBJ,LTQBJ,34.82000,114.34000,0,70000000000.0,基岩,214.76
HA,GX002,GX002,35.16000,113.84000,0,70000000000.0,地表,189.49
HA,G0033,G0033,35.01000,114.04000,0,70000000000.0,地表,235.91
SX,B004D,B004D,39.54000,114.36000,0,70000000000.0,地表,521.99
HE,B0041,B0041,39.38000,118.59000,0,70000000000.0,地表,183.78
HE,BJ002,BJ002,39.34000,118.65000,0,70000000000.0,地表,185.79
SD,Q0041,Q0041,35.04000,118.66000,0,70000000000.0,地表,322.90
HE,B0007,B0007,39.53000,118.31000,0,70000000000.0,地表,207.16
SD,QY003,QY003,35.15000,118.80000,0,70000000000.0,地表,324.87
HA,B0004,B0004,34.66000,114.71000,0,70000000000.0,地表,196.41
SD,Q0009,Q0009,34.93000,118.48000,0,70000000000.0,地表,213.50
HA,YYXYX,YYXYX,35.08000,113.98000,0,70000000000.0,基岩,206.95
HA,G0034,G0034,34.96000,114.16000,0,70000000000.0,地表,219.31
HE,B0099,B0099,39.62000,118.09000,0,70000000000.0,地表,206.57
SX,B004B,B004B,39.49000,114.33000,0,70000000000.0,地表,529.20
HA,B001F,B001F,34.77000,114.51000,0,70000000000.0,地表,180.00
HA,B0006,B0006,34.88000,114.31000,0,70000000000.0,地表,202.61
SD,Q0035,Q0035,34.90000,118.40000,0,70000000000.0,地表,227.02
HA,G003B,G003B,35.02000,114.10000,0,70000000000.0,地表,201.38
HA,G0035,G0035,35.13000,113.95000,0,70000000000.0,地表,207.07
HA,BF001,BF001,34.75000,114.59000,0,70000000000.0,地表,187.05
HA,B0011,B0011,34.87000,114.36000,0,70000000000.0,地表,238.12
SD,Q004B,Q004B,34.71000,118.00000,0,70000000000.0,地表,204.70
SD,Q0026,Q0026,35.13000,118.70000,0,70000000000.0,地表,399.43
SD,Q0007,Q0007,35.01000,118.53000,0,70000000000.0,地表,229.07
HE,BE001,BE001,39.57000,118.12000,0,70000000000.0,地表,235.47
SD,Q004A,Q004A,34.79000,118.14000,0,70000000000.0,地表,221.41
HE,B0049,B0049,39.20000,118.74000,0,70000000000.0,地表,180.00
SX,B004C,B004C,39.44000,114.32000,0,70000000000.0,地表,356.39
HA,B001C,B001C,34.81000,114.53000,0,70000000000.0,地表,180.00
SD,Q000A,Q000A,34.91000,118.33000,0,70000000000.0,地表,214.68
SD,Q000B,Q000B,34.86000,118.22000,0,70000000000.0,地表,216.60
HE,BE003,BE003,39.43000,118.33000,0,70000000000.0,地表,195.58
HA,G0024,G0024,35.22000,113.92000,0,70000000000.0,地表,199.46
HE,B0104,B0104,39.22000,118.66000,0,70000000000.0,地表,215.40
SD,Q0030,Q0030,35.25000,118.78000,0,70000000000.0,地表,331.50
SD,Q0012,Q0012,35.09000,118.57000,0,70000000000.0,地表,216.28
HA,B0002,B0002,34.71000,114.81000,0,70000000000.0,地表,191.84
SD,Q002B,Q002B,35.22000,118.74000,0,70000000000.0,地表,223.95
HA,B001E,B001E,34.87000,114.49000,0,70000000000.0,地表,219.25
HA,B001B,B001B,34.78000,114.68000,0,70000000000.0,地表,208.43
SD,Q0008,Q0008,35.01000,118.42000,0,70000000000.0,地表,208.70
SD,D0027,D0027,34.70000,117.79000,0,70000000000.0,地表,212.74
HA,G000C,G000C,34.98000,114.32000,0,70000000000.0,地表,231.28
HE,G0019,蔚县草沟堡乡台,39.61000,114.83000,0,70000000000.0,地表,669.30
SD,Q000E,Q000E,35.06000,118.47000,0,70000000000.0,地表,212.36
SD,Q000C,Q000C,34.98000,118.34000,0,70000000000.0,地表,211.60
SD,D0012,D0012,34.67000,117.68000,0,70000000000.0,地表,215.31
HA,G0039,G0039,35.11000,114.14000,0,70000000000.0,地表,184.33
HA,G0025,G0025,35.34000,113.85000,0,70000000000.0,地表,199.89
SD,Q0015,Q0015,35.17000,118.62000,0,70000000000.0,地表,230.17
HA,HQQQD,HQQQD,35.30000,113.90000,0,70000000000.0,基岩,212.34
SD,Q004D,Q004D,34.89000,118.17000,0,70000000000.0,地表,293.53
HA,G003A,G003A,35.07000,114.21000,0,70000000000.0,地表,180.00
SD,Q0049,Q0049,34.74000,117.83000,0,70000000000.0,地表,232.80
SD,Q004F,Q004F,34.80000,117.96000,0,70000000000.0,地表,195.79
HE,BG001,BG001,39.18000,118.60000,0,70000000000.0,地表,180.00
HA,B001D,B001D,34.86000,114.61000,0,70000000000.0,地表,240.96
SD,QL001,QL001,34.98000,118.29000,0,70000000000.0,地表,300.16
SD,QH001,QH001,35.11000,118.49000,0,70000000000.0,地表,227.54
TJ,QY001,QY001,39.56000,117.88000,0,70000000000.0,地表,180.00
SD,Q0027,Q0027,35.34000,118.78000,0,70000000000.0,地表,428.01
HA,GX001,GX001,35.25000,114.01000,0,70000000000.0,地表,208.19
HA,N0005,N0005,34.74000,114.91000,0,70000000000.0,地表,207.52
HA,N0006,N0006,34.69000,115.05000,0,70000000000.0,地表,203.89
SD,Q0028,Q0028,35.27000,118.69000,0,70000000000.0,地表,207.53
HA,N0003,N0003,34.72000,114.97000,0,70000000000.0,地表,182.12
HA,NM001,NM001,34.66000,115.15000,0,70000000000.0,地表,222.33
SD,Q0014,Q0014,35.12000,118.48000,0,70000000000.0,地表,218.66
SX,B004A,B004A,39.32000,114.34000,0,70000000000.0,地表,756.33
HE,B0105,B0105,39.28000,118.40000,0,70000000000.0,地表,197.51
TJ,A0048,鲁沽幼儿园台,39.63000,117.63000,0,70000000000.0,地表,187.59
SD,Q002A,Q002A,35.34000,118.75000,0,70000000000.0,地表,193.53
SD,Q0010,Q0010,35.19000,118.56000,0,70000000000.0,地表,224.49
HA,G0032,G0032,35.22000,114.08000,0,70000000000.0,地表,203.24
HA,B0007,B0007,34.83000,114.74000,0,70000000000.0,地表,190.14
HE,B0103,B0103,39.17000,118.56000,0,70000000000.0,地表,180.00
HE,TAH,TAH,39.25000,118.43000,0,70000000000.0,基岩,180.00
SD,Q000D,Q000D,35.19000,118.55000,0,70000000000.0,地表,208.77
SD,Q004E,Q004E,34.79000,117.83000,0,70000000000.0,地表,263.67
SD,Q000F,Q000F,35.07000,118.37000,0,70000000000.0,地表,265.03
HE,B0106,B0106,39.24000,118.44000,0,70000000000.0,地表,193.05
HA,G000B,G000B,34.96000,114.50000,0,70000000000.0,地表,182.74
HA,YJXCG,YJXCG,35.15000,114.20000,0,70000000000.0,基岩,223.05
TJ,FTZ,FTZ,39.57000,117.75000,0,70000000000.0,基岩,192.35
SD,D0029,D0029,34.67000,117.46000,0,70000000000.0,地表,269.40
SD,L000C,L000C,35.42000,118.81000,0,70000000000.0,地表,408.55
TJ,A0003,丰台高中台,39.56000,117.76000,0,70000000000.0,地表,194.68
HA,G0011,G0011,35.10000,114.29000,0,70000000000.0,地表,191.73
HA,G000A,G000A,34.95000,114.55000,0,70000000000.0,地表,225.52
TJ,A0052,张家庄小学台,39.63000,117.53000,0,70000000000.0,地表,195.75
HE,F0028,F0028,38.93000,113.86000,0,70000000000.0,地表,900.00
SD,D0026,D0026,34.78000,117.75000,0,70000000000.0,地表,241.70
SD,Q0047,Q0047,34.90000,118.02000,0,70000000000.0,地表,324.75
HA,FQXCG,FQXCG,35.03000,114.43000,0,70000000000.0,基岩,208.96
SD,Q0006,Q0006,35.06000,118.29000,0,70000000000.0,地表,221.18
HA,BL001,BL001,34.85000,114.80000,0,70000000000.0,地表,243.61
SD,D0022,D0022,34.68000,117.40000,0,70000000000.0,地表,238.43
HE,B0102,B0102,39.32000,118.23000,0,70000000000.0,地表,180.00
HE,BE002,BE002,39.39000,118.09000,0,70000000000.0,地表,200.18
TJ,QQ001,QQ001,39.48000,117.88000,0,70000000000.0,地表,180.00
HE,B0107,B0107,39.16000,118.48000,0,70000000000.0,地表,181.17
SD,D002A,D002A,34.74000,117.57000,0,70000000000.0,地表,219.91
SD,Q004C,Q004C,34.87000,117.90000,0,70000000000.0,地表,264.61
TJ,NB001,NB001,39.58000,117.60000,0,70000000000.0,地表,205.07
SX,LQXSZ,LQXSZ,39.22000,114.30000,0,70000000000.0,基岩,512.82
SD,Q0011,Q0011,35.20000,118.47000,0,70000000000.0,地表,230.60
HA,B000E,B000E,34.81000,114.94000,0,70000000000.0,地表,189.85
SX,B004F,B004F,39.12000,114.16000,0,70000000000.0,地表,328.50
SD,QJ001,QJ001,35.35000,118.66000,0,70000000000.0,地表,272.83
TJ,CAD,CAD,39.61000,117.46000,0,70000000000.0,基岩,180.00
SD,Q0001,Q0001,35.17000,118.40000,0,70000000000.0,地表,212.10
SD,Q0013,Q0013,35.27000,118.53000,0,70000000000.0,地表,277.29
HA,N0002,N0002,34.74000,115.21000,0,70000000000.0,地表,192.93
HA,GF001,GF001,35.02000,114.55000,0,70000000000.0,地表,180.00
TJ,NH001,NH001,39.63000,117.31000,0,70000000000.0,地表,204.81
HA,G002F,G002F,35.23000,114.22000,0,70000000000.0,地表,189.37
HA,G000E,G000E,34.97000,114.66000,0,70000000000.0,地表,207.25
HA,G002D,G002D,35.32000,114.11000,0,70000000000.0,地表,216.31
SD,Q0017,Q0017,35.07000,118.20000,0,70000000000.0,地表,222.30
SD,Q0045,Q0045,34.98000,118.03000,0,70000000000.0,地表,283.23
SD,L000B,L000B,35.41000,118.67000,0,70000000000.0,地表,381.40
SD,Q002C,Q002C,35.36000,118.61000,0,70000000000.0,地表,338.79
SD,L000F,L000F,35.52000,118.79000,0,70000000000.0,地表,266.97
SD,D000D,D000D,34.81000,117.62000,0,70000000000.0,地表,230.38
TJ,A0002,宁河小学台,39.47000,117.75000,0,70000000000.0,地表,204.13
SD,Q0004,Q0004,35.15000,118.30000,0,70000000000.0,地表,214.17
HA,B000F,B000F,34.93000,114.79000,0,70000000000.0,地表,205.89
HA,G0022,G0022,35.53000,113.90000,0,70000000000.0,地表,356.03
SD,Q0051,Q0051,34.88000,117.77000,0,70000000000.0,地表,324.38
SD,R0004,R0004,34.70000,115.49000,0,70000000000.0,地表,194.54
HA,B0010,B0010,34.84000,115.03000,0,70000000000.0,地表,199.43
HA,G000D,G000D,35.14000,114.42000,0,70000000000.0,地表,196.33
TJ,QM001,QM001,39.43000,117.81000,0,70000000000.0,地表,190.70
SD,D0023,D0023,34.73000,117.27000,0,70000000000.0,地表,271.89
HE,B0073,B0073,39.23000,118.21000,0,70000000000.0,地表,213.72
HA,G0010,G0010,34.99000,114.71000,0,70000000000.0,地表,180.00
SD,TAT,TAT,35.31000,118.49000,0,70000000000.0,基岩,294.42
HA,G0031,G0031,35.25000,114.28000,0,70000000000.0,地表,212.41
SD,Q0052,Q0052,34.97000,117.91000,0,70000000000.0,地表,518.50
SD,Q0005,Q0005,35.15000,118.24000,0,70000000000.0,地表,220.24
SD,Q0069,Q0069,35.49000,118.69000,0,70000000000.0,地表,345.04
HE,B0002,B0002,39.07000,118.44000,0,70000000000.0,地表,600.00
HE,F0111,F0111,39.49000,115.10000,0,70000000000.0,地表,842.60
TJ,NZ001,NZ001,39.56000,117.34000,0,70000000000.0,地表,199.91
HA,GJ001,GJ001,35.31000,114.22000,0,70000000000.0,地表,221.68
TJ,A0042,武清国防教育基地台,39.62000,117.05000,0,70000000000.0,地表,204.42
TJ,A0064,大口屯高级中学台,39.58000,117.24000,0,70000000000.0,地表,195.12
HA,N0001,N0001,34.79000,115.28000,0,70000000000.0,地表,182.91
HA,B0008,B0008,34.94000,114.87000,0,70000000000.0,地表,194.83
SD,R0005,R0005,34.68000,115.79000,0,70000000000.0,地表,215.73
HA,B000A,B000A,34.84000,115.13000,0,70000000000.0,地表,212.84
SD,R0006,R0006,34.70000,115.67000,0,70000000000.0,地表,211.34
TJ,NA001,NA001,39.50000,117.52000,0,70000000000.0,地表,204.67
SD,RC001,RC001,34.68000,115.80000,0,70000000000.0,地表,213.43
HA,G000F,G000F,35.08000,114.59000,0,70000000000.0,地表,195.88
HE,B0001,B0001,39.03000,118.47000,0,70000000000.0,地表,600.00
HE,B0072,B0072,39.16000,118.26000,0,70000000000.0,地表,180.00
SD,L0011,L0011,35.62000,118.79000,0,70000000000.0,地表,275.26
HA,B000D,B000D,34.90000,115.00000,0,70000000000.0,地表,257.66
HA,G0030,G0030,35.22000,114.38000,0,70000000000.0,地表,207.25
SD,QS001,QS001,35.23000,118.31000,0,70000000000.0,地表,242.61
SD,Q0003,Q0003,35.28000,118.38000,0,70000000000.0,地表,451.10
JS,FX,FX,34.67000,116.65000,0,70000000000.0,基岩,182.68
SD,Q0002,Q0002,35.24000,118.32000,0,70000000000.0,地表,335.78
HA,GW001,GW001,35.43000,114.11000,0,70000000000.0,地表,180.00
SD,R001F,R001F,34.66000,116.34000,0,70000000000.0,地表,203.03
TJ,HBT,HBT,39.58000,117.13000,0,70000000000.0,基岩,203.06
SD,Q0054,Q0054,34.96000,117.80000,0,70000000000.0,地表,548.95
SD,QC001,QC001,34.96000,117.80000,0,70000000000.0,地表,447.99
JS,CF001,CF001,34.67000,116.59000,0,70000000000.0,地表,193.70
SD,D0021,D0021,34.79000,117.29000,0,70000000000.0,地表,320.77
SD,D000B,D000B,34.87000,117.54000,0,70000000000.0,地表,243.44
SD,D000A,D000A,34.89000,117.59000,0,70000000000.0,地表,321.00
SD,Q0083,Q0083,35.13000,118.11000,0,70000000000.0,地表,294.00
HA,G0028,G0028,35.42000,114.15000,0,70000000000.0,地表,220.74
HE,CFD,CFD,38.93000,118.54000,0,70000000000.0,基岩,180.00
TJ,QD002,QD002,39.42000,117.64000,0,70000000000.0,地表,180.00
SD,R0007,R0007,34.76000,115.57000,0,70000000000.0,地表,215.61
TJ,LUT,LUT,39.38000,117.74000,0,70000000000.0,基岩,205.97
TJ,A0065,牛家牌中学台,39.52000,117.30000,0,70000000000.0,地表,227.06
SD,DX001,DX001,34.80000,117.27000,0,70000000000.0,地表,251.06
TJ,A0001,芦台一中台,39.34000,117.83000,0,70000000000.0,地表,208.64
HA,G0027,G0027,35.51000,114.06000,0,70000000000.0,地表,302.87
HE,F0051,F0051,39.58000,115.69000,0,70000000000.0,地表,492.43
HA,EH003,EH003,35.24000,114.42000,0,70000000000.0,地表,195.49
SD,Q006F,Q006F,35.43000,118.52000,0,70000000000.0,地表,384.77
TJ,A0067,桃园小学台,39.32000,117.86000,0,70000000000.0,地表,194.37
SD,R0025,R0025,34.72000,115.87000,0,70000000000.0,地表,206.85
TJ,XY001,XY001,39.30000,117.90000,0,70000000000.0,地表,197.71
HA,B0009,B0009,34.96000,114.96000,0,70000000000.0,地表,230.79
SD,R0001,R0001,34.78000,115.54000,0,70000000000.0,地表,181.81
SD,Q0071,Q0071,35.39000,118.46000,0,70000000000.0,地表,202.57
SD,Q0068,Q0068,35.62000,118.72000,0,70000000000.0,地表,575.56
HA,B000B,B000B,34.87000,115.22000,0,70000000000.0,地表,258.19
SD,R0024,R0024,34.70000,116.18000,0,70000000000.0,地表,193.93
BJ,HF002,HF002,39.61000,116.03000,0,70000000000.0,地表,227.22
HA,BL002,BL002,34.92000,115.08000,0,70000000000.0,地表,225.50
SD,R000C,R000C,34.86000,115.26000,0,70000000000.0,地表,210.48
TJ,A0004,芦台二中台,39.33000,117.81000,0,70000000000.0,地表,201.58
BJ,ZFZFS,ZFZFS,39.57000,115.72000,0,70000000000.0,基岩,424.23
HA,G0002,G0002,35.18000,114.54000,0,70000000000.0,地表,200.30
TJ,SJT,SJT,39.24000,118.00000,0,70000000000.0,基岩,185.36
TJ,CHK,CHK,39.52000,117.21000,0,70000000000.0,基岩,180.00
TJ,A0044,大良中学台,39.54000,117.10000,0,70000000000.0,地表,180.61
HE,F0124,F0124,39.42000,115.13000,0,70000000000.0,地表,391.22
TJ,QJ001,QJ001,39.42000,117.55000,0,70000000000.0,地表,198.30
SD,HS001,HS001,34.79000,117.12000,0,70000000000.0,地表,228.31
SD,R0008,R0008,34.77000,115.68000,0,70000000000.0,地表,195.92
HE,NPU,NPU,39.05000,118.31000,0,70000000000.0,基岩,191.01
TJ,QD001,QD001,39.34000,117.74000,0,70000000000.0,地表,180.00
SD,LFS,LFS,34.93000,117.57000,0,70000000000.0,基岩,549.17
HA,G0003,G0003,35.08000,114.76000,0,70000000000.0,地表,188.73
TJ,QL001,QL001,39.32000,117.78000,0,70000000000.0,地表,194.86
SD,Q0082,Q0082,35.13000,118.01000,0,70000000000.0,地表,549.13
TJ,DAB,DAB,39.45000,117.38000,0,70000000000.0,基岩,202.09
HA,GW002,GW002,35.63000,114.00000,0,70000000000.0,地表,619.10
SD,D0020,D0020,34.87000,117.35000,0,70000000000.0,地表,262.97
SD,R0033,R0033,35.01000,114.94000,0,70000000000.0,地表,198.78
SD,L0015,L0015,35.76000,118.80000,0,70000000000.0,地表,350.16
SD,Q0086,Q0086,35.21000,118.13000,0,70000000000.0,地表,249.66
SD,Q0081,Q0081,35.08000,117.89000,0,70000000000.0,地表,453.09
HE,A0039,A0039,38.65000,113.93000,0,70000000000.0,地表,599.45
SD,Q006E,Q006E,35.51000,118.53000,0,70000000000.0,地表,226.00
HA,B000C,B000C,34.94000,115.15000,0,70000000000.0,地表,187.95
SD,Q005F,Q005F,35.69000,118.72000,0,70000000000.0,地表,355.37
HA,G0001,G0001,35.17000,114.64000,0,70000000000.0,地表,197.94
SD,RS001,RS001,34.75000,116.08000,0,70000000000.0,地表,203.41
SD,CAX,CAX,34.83000,115.54000,0,70000000000.0,基岩,203.66
HA,E0026,E0026,35.77000,113.89000,0,70000000000.0,地表,272.60
HE,F0126,F0126,39.56000,115.99000,0,70000000000.0,地表,229.37
HE,NAP,NAP,39.04000,118.26000,0,70000000000.0,基岩,180.00
HA,G0029,G0029,35.42000,114.27000,0,70000000000.0,地表,218.27
TJ,QH001,QH001,39.31000,117.73000,0,70000000000.0,地表,200.60
SD,TZH,TZH,34.89000,117.35000,0,70000000000.0,基岩,491.09
SD,R0009,R0009,34.79000,115.79000,0,70000000000.0,地表,204.23
TJ,XH003,XH003,39.23000,117.90000,0,70000000000.0,地表,180.00
HA,G002A,G002A,35.48000,114.21000,0,70000000000.0,地表,180.00
SD,D0002,D0002,34.95000,117.51000,0,70000000000.0,地表,492.20
HA,G002E,G002E,35.37000,114.36000,0,70000000000.0,地表,212.35
TJ,PH001,PH001,39.45000,117.26000,0,70000000000.0,地表,181.62
TJ,XH002,XH002,39.27000,117.79000,0,70000000000.0,地表,215.24
SD,R0026,R0026,34.76000,116.27000,0,70000000000.0,地表,181.10
SD,L0016,L0016,35.76000,118.75000,0,70000000000.0,地表,307.73
SD,R000E,R000E,34.89000,115.39000,0,70000000000.0,地表,207.77
SD,L0017,L0017,35.82000,118.80000,0,70000000000.0,地表,394.59
JS,PX,PX,34.81000,116.90000,0,70000000000.0,基岩,199.56
SD,D0001,D0001,34.94000,117.44000,0,70000000000.0,地表,459.16
SD,R000B,R000B,34.84000,115.62000,0,70000000000.0,地表,183.55
HA,EL003,EL003,35.77000,113.93000,0,70000000000.0,地表,265.73
SD,R000D,R000D,34.87000,115.49000,0,70000000000.0,地表,185.12
SD,Q006C,Q006C,35.61000,118.59000,0,70000000000.0,地表,342.95
TJ,RFZ,RFZ,39.31000,117.66000,0,70000000000.0,地表,200.65
SD,Q0085,Q0085,35.16000,117.95000,0,70000000000.0,地表,433.62
SD,SHYS,SHYS,35.16000,117.95000,0,70000000000.0,基岩,531.72
HA,GC001,GC001,35.20000,114.66000,0,70000000000.0,地表,215.29
TJ,QB002,QB002,39.33000,117.59000,0,70000000000.0,地表,190.44
SD,R000A,R000A,34.83000,115.72000,0,70000000000.0,地表,188.53
HE,F0048,F0048,39.48000,115.65000,0,70000000000.0,地表,272.52
TJ,EWZ,EWZ,39.40000,117.37000,0,70000000000.0,基岩,200.55
SD,H0050,H0050,34.85000,117.06000,0,70000000000.0,地表,217.42
TJ,A0069,汉沽五中台,39.24000,117.81000,0,70000000000.0,地表,222.18
SD,Q0070,Q0070,35.46000,118.40000,0,70000000000.0,地表,349.20
TJ,A0046,南蔡村中学台,39.48000,117.01000,0,70000000000.0,地表,220.11
TJ,A0039,河西第三小学台,39.25000,117.78000,0,70000000000.0,地表,206.54
HA,G0008,G0008,35.16000,114.75000,0,70000000000.0,地表,188.63
SD,D0014,D0014,34.90000,117.24000,0,70000000000.0,地表,228.92
TJ,HAG,HAG,39.24000,117.79000,0,70000000000.0,基岩,206.47
HA,E0003,E0003,35.36000,114.43000,0,70000000000.0,地表,209.39
SD,R0032,R0032,35.02000,115.08000,0,70000000000.0,地表,182.37
SD,Q006A,Q006A,35.40000,118.30000,0,70000000000.0,地表,280.02
HE,F0110,F0110,39.41000,115.43000,0,70000000000.0,地表,302.92
SD,R0014,R0014,34.83000,115.86000,0,70000000000.0,地表,185.08
TJ,QP001,QP001,39.34000,117.48000,0,70000000000.0,地表,210.47
SD,QN002,QN002,35.55000,118.46000,0,70000000000.0,地表,223.19
SD,R0027,R0027,34.81000,116.29000,0,70000000000.0,地表,180.21
SD,Q0088,Q0088,35.30000,118.11000,0,70000000000.0,地表,276.01
SD,R0013,R0013,35.00000,115.21000,0,70000000000.0,地表,194.76
SD,D0013,D0013,34.91000,117.16000,0,70000000000.0,地表,194.80
SD,D0015,D0015,34.95000,117.31000,0,70000000000.0,地表,235.19
HA,E0006,E0006,35.33000,114.53000,0,70000000000.0,地表,217.06
SD,Q0062,Q0062,35.73000,118.64000,0,70000000000.0,地表,473.31
SD,H0051,H0051,34.89000,117.06000,0,70000000000.0,地表,227.09
TJ,QC001,QC001,39.22000,117.75000,0,70000000000.0,地表,182.30
TJ,XH004,XH004,39.18000,117.83000,0,70000000000.0,地表,183.96
HE,FW001,FW001,39.48000,116.01000,0,70000000000.0,地表,214.63
SD,R000F,R000F,34.91000,115.58000,0,70000000000.0,地表,186.68
SD,Q0072,Q0072,35.59000,118.47000,0,70000000000.0,地表,349.90
HE,A0070,A0070,38.43000,113.88000,0,70000000000.0,地表,663.12
SD,R0010,R0010,34.96000,115.40000,0,70000000000.0,地表,192.16
SD,D0004,D0004,35.06000,117.58000,0,70000000000.0,地表,496.82
SD,R0015,R0015,34.86000,115.95000,0,70000000000.0,地表,186.92
SD,H0053,H0053,34.92000,117.09000,0,70000000000.0,地表,219.41
HE,YIX,YIX,39.35000,115.37000,0,70000000000.0,基岩,450.36
HE,A0036,A0036,38.62000,114.07000,0,70000000000.0,地表,534.77
HE,F0129,F0129,39.43000,115.77000,0,70000000000.0,地表,236.19
HA,E000B,E000B,35.33000,114.59000,0,70000000000.0,地表,209.14
TJ,QB001,QB001,39.26000,117.57000,0,70000000000.0,地表,198.36
HA,F0001,F0001,35.73000,114.09000,0,70000000000.0,地表,718.84
SD,R0034,R0034,35.10000,115.05000,0,70000000000.0,地表,205.01
SD,R0012,R0012,35.00000,115.33000,0,70000000000.0,地表,185.26
HE,F0052,F0052,39.40000,115.63000,0,70000000000.0,地表,271.78
SD,QF001,QF001,35.26000,117.96000,0,70000000000.0,地表,262.63
SD,Q0084,Q0084,35.15000,117.74000,0,70000000000.0,地表,435.96
TJ,A0040,梅厂镇初级中学台,39.37000,117.18000,0,70000000000.0,地表,196.42
SD,QN001,QN001,35.44000,118.24000,0,70000000000.0,地表,378.58
HE,A0063,A0063,38.36000,113.86000,0,70000000000.0,地表,471.72
HE,A0041,A0041,38.56000,114.03000,0,70000000000.0,地表,315.18
HA,FQ001,FQ001,35.61000,114.23000,0,70000000000.0,地表,218.21
SD,YSH,YSH,35.79000,118.63000,0,70000000000.0,基岩,355.50
SD,DOM,DOM,35.15000,114.96000,0,70000000000.0,基岩,207.54
HA,FX001,FX001,35.51000,114.36000,0,70000000000.0,地表,213.25
HE,F0117,F0117,39.25000,115.14000,0,70000000000.0,地表,559.17
SD,R0028,R0028,34.87000,116.15000,0,70000000000.0,地表,180.00
HA,G0007,G0007,35.29000,114.70000,0,70000000000.0,地表,192.59
HA,EL002,EL002,35.92000,113.95000,0,70000000000.0,地表,292.70
HE,F0025,F0025,38.77000,114.28000,0,70000000000.0,地表,396.95
TJ,GX001,GX001,39.33000,117.27000,0,70000000000.0,地表,180.00
SD,R0029,R0029,34.88000,116.07000,0,70000000000.0,地表,190.22
SD,Q0056,Q0056,35.90000,118.71000,0,70000000000.0,地表,367.17
SD,Q006D,Q006D,35.54000,118.34000,0,70000000000.0,地表,591.68
HA,G0009,G0009,35.26000,114.77000,0,70000000000.0,地表,192.97
SD,Q008A,Q008A,35.36000,118.08000,0,70000000000.0,地表,277.55
TJ,QZ001,QZ001,39.28000,117.42000,0,70000000000.0,地表,208.93
SD,Q006B,Q006B,35.47000,118.24000,0,70000000000.0,地表,329.61
HA,E0022,E0022,36.00000,113.90000,0,70000000000.0,地表,425.02
HE,F0123,F0123,39.34000,115.48000,0,70000000000.0,地表,234.31
HE,FJ001,FJ001,39.39000,115.72000,0,70000000000.0,地表,220.55
SD,Q0058,Q0058,35.95000,118.74000,0,70000000000.0,地表,195.54
TJ,A0041,杨村第三中学台,39.37000,117.05000,0,70000000000.0,地表,194.50
HE,A0068,A0068,38.47000,113.99000,0,70000000000.0,地表,437.92
SD,R0036,R0036,35.17000,114.97000,0,70000000000.0,地表,184.64
TJ,GN001,GN001,39.33000,117.21000,0,70000000000.0,地表,193.99
HA,F0002,F0002,35.71000,114.17000,0,70000000000.0,地表,352.77
HE,F0128,F0128,39.41000,115.92000,0,70000000000.0,地表,219.61
SD,R0016,R0016,34.93000,115.79000,0,70000000000.0,地表,193.10
SD,Q0089,Q0089,35.32000,117.98000,0,70000000000.0,地表,324.86
TJ,XT003,XT003,39.16000,117.69000,0,70000000000.0,地表,209.15
HE,A0069,A0069,38.29000,113.87000,0,70000000000.0,地表,360.91
TJ,A0071,滨海外国语学校台,39.13000,117.75000,0,70000000000.0,地表,216.44
HA,F0006,F0006,35.61000,114.30000,0,70000000000.0,地表,220.02
SD,R0011,R0011,34.96000,115.69000,0,70000000000.0,地表,180.00
TJ,BET,BET,39.13000,117.74000,0,70000000000.0,基岩,216.44
SD,R002B,R002B,34.99000,115.59000,0,70000000000.0,地表,193.44
HA,E000D,E000D,35.52000,114.43000,0,70000000000.0,地表,210.81
SD,CHW,CHW,34.94000,115.87000,0,70000000000.0,基岩,200.48
SD,DS001,DS001,35.11000,117.49000,0,70000000000.0,地表,621.29
TJ,A0043,武清职专台,39.34000,117.05000,0,70000000000.0,地表,207.79
SD,R0061,R0061,35.09000,115.25000,0,70000000000.0,地表,180.00
SD,Q0064,Q0064,35.79000,118.55000,0,70000000000.0,地表,345.93
TJ,A0026,东堤头中学台,39.26000,117.36000,0,70000000000.0,地表,203.03
HE,F0113,F0113,39.32000,115.56000,0,70000000000.0,地表,230.98
SD,D0017,D0017,35.02000,117.18000,0,70000000000.0,地表,213.33
HA,EH002,EH002,35.44000,114.56000,0,70000000000.0,地表,201.79
SD,H0046,H0046,34.92000,116.30000,0,70000000000.0,地表,180.00
SD,Q0087,Q0087,35.26000,117.80000,0,70000000000.0,地表,458.75
SD,Q005C,Q005C,36.14000,118.81000,0,70000000000.0,地表,352.37
TJ,A0045,黄花店初级中学台,39.35000,116.90000,0,70000000000.0,地表,207.73
HA,G0004,G0004,35.28000,114.85000,0,70000000000.0,地表,208.03
HE,GGZ,GGZ,39.38000,116.05000,0,70000000000.0,基岩,216.73
SD,H004B,H004B,34.93000,116.46000,0,70000000000.0,地表,180.00
SD,R002C,R002C,35.04000,115.48000,0,70000000000.0,地表,181.72
SD,D0016,D0016,35.00000,117.03000,0,70000000000.0,地表,201.41
SD,Q0060,Q0060,35.86000,118.58000,0,70000000000.0,地表,359.85
SD,Q005B,Q005B,36.06000,118.74000,0,70000000000.0,地表,618.18
SD,R002D,R002D,35.07000,115.40000,0,70000000000.0,地表,186.94
TJ,CHT,CHT,39.23000,117.37000,0,70000000000.0,基岩,180.00
SD,R0035,R0035,35.13000,115.22000,0,70000000000.0,地表,197.22
SD,R002A,R002A,35.00000,115.70000,0,70000000000.0,地表,180.00
SD,Q0075,Q0075,35.20000,117.63000,0,70000000000.0,地表,382.67
SD,D0005,D0005,35.11000,117.39000,0,70000000000.0,地表,274.46
SD,R0017,R0017,34.96000,115.98000,0,70000000000.0,地表,197.43
TJ,ZTZ,ZTZ,39.27000,117.20000,0,70000000000.0,基岩,207.98
SD,R0038,R0038,35.22000,115.02000,0,70000000000.0,地表,199.77
SD,H0054,H0054,35.00000,116.93000,0,70000000000.0,地表,214.70
HE,A0056,A0056,38.22000,113.90000,0,70000000000.0,地表,393.08
SD,H0043,H0043,34.95000,116.36000,0,70000000000.0,地表,180.00
TJ,JD001,JD001,39.18000,117.47000,0,70000000000.0,地表,180.00
SD,Q008B,Q008B,35.41000,118.00000,0,70000000000.0,地表,442.63
HE,F0118,F0118,39.25000,115.45000,0,70000000000.0,地表,267.27
SD,D0006,D0006,35.10000,117.31000,0,70000000000.0,地表,254.81
HE,GAN,GAN,38.37000,114.02000,0,70000000000.0,基岩,456.13
SD,H0044,H0044,34.96000,116.20000,0,70000000000.0,地表,203.72
SD,QP001,QP001,35.23000,117.65000,0,70000000000.0,地表,373.82
HA,F0007,F0007,35.59000,114.43000,0,70000000000.0,地表,198.92
SD,Q0055,Q0055,35.88000,118.56000,0,70000000000.0,地表,539.70
SD,G0004,G0004,36.25000,118.83000,0,70000000000.0,地表,359.74
HE,F0010,F0010,39.29000,115.64000,0,70000000000.0,地表,219.92
SD,RT002,RT002,35.09000,115.43000,0,70000000000.0,地表,201.40
SD,R0037,R0037,35.19000,115.14000,0,70000000000.0,地表,208.03
TJ,XT001,XT001,39.08000,117.69000,0,70000000000.0,地表,218.17
HA,EH001,EH001,35.37000,114.77000,0,70000000000.0,地表,201.81
HA,E0009,E0009,35.45000,114.64000,0,70000000000.0,地表,217.07
HA,F0009,F0009,35.77000,114.24000,0,70000000000.0,地表,279.78
SD,Q007A,Q007A,35.34000,117.85000,0,70000000000.0,地表,254.60
HA,G0005,G0005,35.29000,114.93000,0,70000000000.0,地表,220.93
HA,E001F,E001F,36.16000,113.92000,0,70000000000.0,地表,534.05
SD,Q007D,Q007D,35.26000,117.68000,0,70000000000.0,地表,574.37
HA,G0006,G0006,35.34000,114.84000,0,70000000000.0,地表,213.60
SD,R0018,R0018,34.98000,116.11000,0,70000000000.0,地表,194.70
SD,H004A,H004A,34.98000,116.56000,0,70000000000.0,地表,185.88
SD,D001A,D001A,35.09000,117.21000,0,70000000000.0,地表,218.31
SD,R0062,R0062,35.14000,115.31000,0,70000000000.0,地表,180.00
HA,E0014,E0014,36.03000,114.02000,0,70000000000.0,地表,360.57
SD,Q0061,Q0061,35.92000,118.57000,0,70000000000.0,地表,307.96
SD,D0007,D0007,35.18000,117.48000,0,70000000000.0,地表,476.70
SD,D001E,D001E,35.10000,117.23000,0,70000000000.0,地表,224.93
HE,F0036,F0036,39.32000,115.98000,0,70000000000.0,地表,213.58
SD,R0019,R0019,35.02000,115.84000,0,70000000000.0,地表,186.06
HE,A0055,A0055,38.45000,114.13000,0,70000000000.0,地表,325.85
SD,Q0065,Q0065,35.71000,118.35000,0,70000000000.0,地表,625.31
HA,FB001,FB001,35.72000,114.32000,0,70000000000.0,地表,216.47
SD,Q001B,Q001B,35.55000,118.15000,0,70000000000.0,地表,300.66
HE,A0060,A0060,38.26000,113.98000,0,70000000000.0,地表,367.48
SD,R001B,R001B,35.01000,115.95000,0,70000000000.0,地表,211.21
TJ,A0074,塘沽第一职专台,39.07000,117.65000,0,70000000000.0,地表,238.71
HE,F0089,F0089,39.00000,114.88000,0,70000000000.0,地表,489.37
HE,A0016,A0016,38.58000,114.27000,0,70000000000.0,地表,289.94
SD,QY002,QY002,35.72000,118.35000,0,70000000000.0,地表,628.41
HE,A0013,A0013,38.65000,114.35000,0,70000000000.0,地表,364.81
SD,RT001,RT001,35.08000,115.58000,0,70000000000.0,地表,188.61
TJ,A0011,东丽华明中学台,39.17000,117.37000,0,70000000000.0,地表,180.38
TJ,DAG,DAG,38.98000,117.83000,0,70000000000.0,基岩,600.00
SD,Q005E,Q005E,36.05000,118.65000,0,70000000000.0,地表,436.68
SD,Q008C,Q008C,35.43000,117.95000,0,70000000000.0,地表,544.64
TJ,XH001,XH001,39.09000,117.58000,0,70000000000.0,地表,215.18
SD,DZ001,DZ001,35.10000,117.16000,0,70000000000.0,地表,233.87
TJ,GJ001,GJ001,39.23000,117.13000,0,70000000000.0,地表,204.48
TJ,A0022,集贤里小学台,39.23000,117.13000,0,70000000000.0,地表,216.54
SD,R001A,R001A,35.01000,116.06000,0,70000000000.0,地表,198.68
HE,F0009,F0009,39.27000,115.78000,0,70000000000.0,地表,204.94
TJ,GY001,GY001,39.20000,117.22000,0,70000000000.0,地表,214.28
SD,D001B,D001B,35.09000,117.08000,0,70000000000.0,地表,222.68
SD,Q0074,Q0074,35.25000,117.57000,0,70000000000.0,地表,448.78
TJ,A0027,北辰普育学校台,39.20000,117.21000,0,70000000000.0,地表,214.28
SD,Q0059,Q0059,35.98000,118.57000,0,70000000000.0,地表,596.27
HE,F0114,F0114,39.21000,115.52000,0,70000000000.0,地表,231.39
TJ,JG001,JG001,39.14000,117.39000,0,70000000000.0,地表,180.00
HA,E000C,E000C,35.43000,114.77000,0,70000000000.0,地表,217.15
HE,F0037,F0037,39.28000,115.93000,0,70000000000.0,地表,213.37
HA,E0004,E0004,35.57000,114.56000,0,70000000000.0,地表,218.48
HE,F0122,F0122,39.13000,115.27000,0,70000000000.0,地表,377.83
SD,R002E,R002E,35.08000,115.70000,0,70000000000.0,地表,193.87
HA,F0008,F0008,35.97000,114.13000,0,70000000000.0,地表,399.05
HE,D0049,D0049,36.36000,113.87000,0,70000000000.0,地表,449.99
TJ,A0066,塘沽七中台,39.00000,117.72000,0,70000000000.0,地表,208.45
TJ,A0008,河北区第二实验小学台,39.18000,117.23000,0,70000000000.0,地表,196.52
TJ,GT001,GT001,39.20000,117.15000,0,70000000000.0,地表,205.42
HA,E0007,E0007,35.40000,114.84000,0,70000000000.0,地表,204.37
SD,D0018,D0018,35.08000,116.95000,0,70000000000.0,地表,212.92
HA,F0003,F0003,35.69000,114.42000,0,70000000000.0,地表,275.61
SD,Q005A,Q005A,35.89000,118.47000,0,70000000000.0,地表,595.65
TJ,JS001,JS001,39.16000,117.29000,0,70000000000.0,地表,180.75
SD,R0064,R0064,35.19000,115.32000,0,70000000000.0,地表,197.09
SD,H004C,H004C,35.03000,116.47000,0,70000000000.0,地表,195.31
HE,A0038,A0038,38.48000,114.23000,0,70000000000.0,地表,310.90
SD,H004F,H004F,35.04000,116.60000,0,70000000000.0,地表,199.17
SD,R0065,R0065,35.17000,115.41000,0,70000000000.0,地表,196.65
HA,HXXLG,HXXLG,35.51000,114.68000,0,70000000000.0,基岩,213.65
TJ,A0009,方舟实验中学台,39.19000,117.14000,0,70000000000.0,地表,204.98
TJ,XG001,XG001,39.02000,117.64000,0,70000000000.0,地表,209.68
SD,Q0066,Q0066,35.99000,118.54000,0,70000000000.0,地表,420.29
HE,A0061,A0061,38.31000,114.09000,0,70000000000.0,地表,302.23
SD,Q001C,Q001C,35.59000,118.11000,0,70000000000.0,地表,370.16
HE,F0084,F0084,38.79000,114.62000,0,70000000000.0,地表,382.25
SD,RD001,RD001,35.28000,115.12000,0,70000000000.0,地表,191.89
SX,C0014,C0014,37.96000,113.87000,0,70000000000.0,地表,403.37
SD,G0031,G0031,36.23000,118.71000,0,70000000000.0,地表,539.33
SD,G0011,G0011,36.32000,118.76000,0,70000000000.0,地表,354.67
HE,F0040,F0040,39.27000,116.08000,0,70000000000.0,地表,185.81
TJ,A0006,第七十八中学台,39.16000,117.23000,0,70000000000.0,地表,180.00
SD,D0008,D0008,35.20000,117.33000,0,70000000000.0,地表,302.18
SD,R001D,R001D,35.07000,115.92000,0,70000000000.0,地表,182.42
SD,R001E,R001E,35.07000,115.92000,0,70000000000.0,地表,182.42
HE,D0048,D0048,36.45000,113.86000,0,70000000000.0,地表,429.95
HE,F0081,F0081,38.72000,114.54000,0,70000000000.0,地表,372.72
HE,A0034,A0034,38.51000,114.29000,0,70000000000.0,地表,355.84
SD,Q0067,Q0067,35.67000,118.19000,0,70000000000.0,地表,241.04
HA,E000E,E000E,35.58000,114.61000,0,70000000000.0,地表,203.88
SD,R002F,R002F,35.13000,115.63000,0,70000000000.0,地表,181.82
TJ,A0028,八十九中学台,39.17000,117.15000,0,70000000000.0,地表,208.15
SD,NLA,NLA,35.52000,117.98000,0,70000000000.0,基岩,596.68
HE,BEH,BEH,39.21000,115.72000,0,70000000000.0,基岩,211.41
TJ,T23,T23,39.05000,117.52000,0,70000000000.0,基岩,190.95
TJ,XD001,XD001,38.98000,117.68000,0,70000000000.0,地表,180.00
SD,D001F,D001F,35.16000,117.15000,0,70000000000.0,地表,236.86
SD,Q0073,Q0073,35.83000,118.36000,0,70000000000.0,地表,554.04
SD,H004D,H004D,35.06000,116.51000,0,70000000000.0,地表,188.78
TJ,A0079,102中学台,39.14000,117.24000,0,70000000000.0,地表,189.10
SD,D001D,D001D,35.19000,117.25000,0,70000000000.0,地表,232.34
TJ,A0007,昆纬路第一小学台,39.15000,117.20000,0,70000000000.0,地表,218.82
TJ,JW001,JW001,39.05000,117.50000,0,70000000000.0,地表,196.92
SD,R0039,R0039,35.27000,115.21000,0,70000000000.0,地表,195.15
TJ,JJ002,JJ002,39.07000,117.44000,0,70000000000.0,地表,194.79
HA,E0032,E0032,35.84000,114.32000,0,70000000000.0,地表,258.54
TJ,XJ001,XJ001,39.01000,117.59000,0,70000000000.0,地表,189.69
HE,A0040,A0040,38.40000,114.21000,0,70000000000.0,地表,331.16
HE,F0012,F0012,39.22000,115.85000,0,70000000000.0,地表,190.16
TJ,JX001,JX001,39.10000,117.34000,0,70000000000.0,地表,187.92
SD,Q007E,Q007E,35.42000,117.78000,0,70000000000.0,地表,277.04
SD,QY001,QY001,36.14000,118.61000,0,70000000000.0,地表,639.98
HA,E0008,E0008,35.40000,114.94000,0,70000000000.0,地表,213.79
SD,G0033,G0033,36.30000,118.71000,0,70000000000.0,地表,306.72
HE,F0013,F0013,39.17000,115.61000,0,70000000000.0,地表,209.24
SD,R0063,R0063,35.18000,115.51000,0,70000000000.0,地表,180.00
HA,XXXWX,XXXWX,35.66000,114.54000,0,70000000000.0,基岩,246.28
SD,E0009,E0009,37.86000,118.81000,0,70000000000.0,地表,219.86
HE,F0015,F0015,39.15000,115.54000,0,70000000000.0,地表,233.03
SD,H0056,H0056,35.09000,116.67000,0,70000000000.0,地表,181.14
SD,DSD,DSD,35.10000,116.75000,0,70000000000.0,基岩,229.49
TJ,FJ001,FJ001,39.15000,117.13000,0,70000000000.0,地表,194.52
SD,H0045,H0045,35.08000,116.16000,0,70000000000.0,地表,212.30
TJ,AX001,AX001,39.13000,117.20000,0,70000000000.0,地表,225.11
SD,R001C,R001C,35.09000,116.04000,0,70000000000.0,地表,201.29
SD,G0038,G0038,36.46000,118.78000,0,70000000000.0,地表,301.00
SD,R0068,R0068,35.26000,115.29000,0,70000000000.0,地表,195.93
HE,F0106,F0106,39.11000,115.42000,0,70000000000.0,地表,411.41
SD,D0009,D0009,35.25000,117.36000,0,70000000000.0,地表,291.59
HE,A0031,A0031,38.12000,114.02000,0,70000000000.0,地表,477.23
TJ,A0021,天津市第二南开中学台,39.13000,117.18000,0,70000000000.0,地表,216.96
SD,D0019,D0019,35.17000,117.08000,0,70000000000.0,地表,224.30
SD,Q005D,Q005D,36.13000,118.58000,0,70000000000.0,地表,594.90
HE,XIT,XIT,38.53000,114.37000,0,70000000000.0,基岩,339.08
TJ,JZ001,JZ001,39.09000,117.31000,0,70000000000.0,地表,204.81
TJ,A0013,育红中学台,39.13000,117.17000,0,70000000000.0,地表,180.00
SD,D001C,D001C,35.13000,116.88000,0,70000000000.0,地表,224.25
TJ,DZG,DZG,39.11000,117.24000,0,70000000000.0,基岩,213.44
HA,F000A,F000A,35.95000,114.25000,0,70000000000.0,地表,378.54
TJ,A0010,东丽鉴开中学台,39.08000,117.33000,0,70000000000.0,地表,189.25
SD,QUAZ,QUAZ,35.90000,118.38000,0,70000000000.0,基岩,549.55
TJ,A0080,四十五中学台,39.10000,117.26000,0,70000000000.0,地表,201.87
TJ,CHH,CHH,39.13000,117.15000,0,70000000000.0,基岩,208.58
HE,A0012,A0012,38.63000,114.50000,0,70000000000.0,地表,345.47
SD,HJ001,HJ001,35.09000,116.31000,0,70000000000.0,地表,197.04
SD,G0019,G0019,36.60000,118.82000,0,70000000000.0,地表,499.55
TJ,A0005,闽侯路小学台,39.11000,117.21000,0,70000000000.0,地表,213.63
SD,R003A,R003A,35.32000,115.18000,0,70000000000.0,地表,199.56
HA,PYXQC,PYXQC,35.40000,115.01000,0,70000000000.0,基岩,204.52
HE,F0090,F0090,38.99000,115.14000,0,70000000000.0,地表,360.32
HE,A0037,A0037,38.45000,114.32000,0,70000000000.0,地表,226.56
TJ,A0019,南大附小台,39.12000,117.13000,0,70000000000.0,地表,194.22
HA,YDQDL,YDQDL,36.28000,114.03000,0,70000000000.0,基岩,320.61
SX,C0012,C0012,37.78000,113.88000,0,70000000000.0,地表,403.12
SD,EK002,EK002,37.69000,118.83000,0,70000000000.0,地表,208.67
SD,RD002,RD002,35.32000,115.21000,0,70000000000.0,地表,180.00
SD,Q001F,Q001F,35.62000,118.02000,0,70000000000.0,地表,290.51
TJ,KG001,KG001,39.00000,117.49000,0,70000000000.0,地表,202.19
SD,Q0020,Q0020,35.78000,118.22000,0,70000000000.0,地表,331.77
HA,E0001,E0001,35.53000,114.80000,0,70000000000.0,地表,190.77
SD,Q007C,Q007C,35.39000,117.62000,0,70000000000.0,地表,483.89
TJ,A0020,昆明路小学台,39.10000,117.18000,0,70000000000.0,地表,199.73
SD,G001B,G001B,36.64000,118.81000,0,70000000000.0,地表,396.97
TJ,A0017,西青实验小学台,39.14000,117.01000,0,70000000000.0,地表,204.68
TJ,BL001,BL001,39.07000,117.28000,0,70000000000.0,地表,205.71
HE,F0070,F0070,39.03000,115.28000,0,70000000000.0,地表,328.68
SD,R0067,R0067,35.25000,115.43000,0,70000000000.0,地表,201.15
SD,R006B,R006B,35.28000,115.34000,0,70000000000.0,地表,203.39
TJ,BY001,BY001,39.09000,117.20000,0,70000000000.0,地表,215.14
HE,F0011,F0011,39.14000,115.69000,0,70000000000.0,地表,221.91
TJ,A0015,天津中北中学台,39.12000,117.08000,0,70000000000.0,地表,215.61
SD,R0066,R0066,35.22000,115.54000,0,70000000000.0,地表,220.87
SD,R003B,R003B,35.37000,115.12000,0,70000000000.0,地表,201.21
SD,HEZ,HEZ,35.25000,115.44000,0,70000000000.0,基岩,200.70
SD,R0031,R0031,35.20000,115.63000,0,70000000000.0,地表,183.52
HA,ET001,ET001,35.92000,114.33000,0,70000000000.0,地表,335.90
HA,E0034,E0034,35.86000,114.39000,0,70000000000.0,地表,211.14
SD,Q0078,Q0078,35.34000,117.48000,0,70000000000.0,地表,270.20
HA,FX002,FX002,35.78000,114.48000,0,70000000000.0,地表,272.73
HE,F0008,F0008,39.16000,115.85000,0,70000000000.0,地表,220.93
SD,R0030,R0030,35.18000,115.75000,0,70000000000.0,地表,216.24
TJ,A0012,微山路中学台,39.06000,117.26000,0,70000000000.0,地表,211.05
HE,F0038,F0038,39.18000,116.04000,0,70000000000.0,地表,205.99
SD,R003C,R003C,35.14000,116.06000,0,70000000000.0,地表,188.66
SD,H001D,H001D,35.33000,117.43000,0,70000000000.0,地表,305.37
TJ,XIZ,XIZ,39.03000,117.34000,0,70000000000.0,基岩,190.43
SD,E000E,E000E,37.53000,118.84000,0,70000000000.0,地表,182.32
HE,F0091,F0091,38.85000,114.92000,0,70000000000.0,地表,567.82
HE,F0071,F0071,38.98000,115.21000,0,70000000000.0,地表,521.57
SD,H004E,H004E,35.14000,116.55000,0,70000000000.0,地表,184.55
HE,F0104,F0104,39.06000,115.45000,0,70000000000.0,地表,232.00
HE,A0024,A0024,38.06000,114.06000,0,70000000000.0,地表,344.81
HE,A0015,A0015,38.53000,114.46000,0,70000000000.0,地表,289.36
HE,F0093,F0093,38.77000,114.79000,0,70000000000.0,地表,363.36
HA,E0005,E0005,35.50000,114.91000,0,70000000000.0,地表,196.72
TJ,KX001,KX001,39.00000,117.40000,0,70000000000.0,地表,198.04
TJ,XT002,XT002,38.90000,117.64000,0,70000000000.0,地表,187.22
HE,A0053,A0053,38.25000,114.20000,0,70000000000.0,地表,182.37
SD,R003D,R003D,35.18000,115.85000,0,70000000000.0,地表,218.22
HE,F0042,F0042,39.17000,116.12000,0,70000000000.0,地表,216.03
TJ,CH001,CH001,39.08000,117.12000,0,70000000000.0,地表,226.43
HE,F0086,F0086,38.70000,114.70000,0,70000000000.0,地表,425.70
SD,R003E,R003E,35.17000,115.97000,0,70000000000.0,地表,201.09
HA,E0013,E0013,36.15000,114.18000,0,70000000000.0,地表,266.67
TJ,A0016,西青中专台,39.06000,117.17000,0,70000000000.0,地表,194.59
HE,A0028,A0028,38.15000,114.14000,0,70000000000.0,地表,519.14
SD,E001A,E001A,38.02000,118.62000,0,70000000000.0,地表,198.73
SD,C0010,C0010,36.07000,118.43000,0,70000000000.0,地表,579.17
HE,D0057,D0057,36.28000,114.10000,0,70000000000.0,地表,453.59
HA,E0002,E0002,35.64000,114.72000,0,70000000000.0,地表,256.37
SD,R006C,R006C,35.28000,115.48000,0,70000000000.0,地表,194.28
HE,F0107,F0107,39.09000,115.66000,0,70000000000.0,地表,203.01
SD,H0055,H0055,35.18000,116.70000,0,70000000000.0,地表,206.03
SD,MEY,MEY,35.76000,118.11000,0,70000000000.0,基岩,333.63
SD,Q007B,Q007B,35.48000,117.68000,0,70000000000.0,地表,283.21
SD,Q007F,Q007F,35.53000,117.77000,0,70000000000.0,地表,288.82
SD,G004B,G004B,36.85000,118.80000,0,70000000000.0,地表,225.85
HA,F0005,F0005,35.75000,114.59000,0,70000000000.0,地表,180.00
SD,Q001D,Q001D,35.75000,118.09000,0,70000000000.0,地表,533.86
HE,D0038,D0038,36.74000,113.91000,0,70000000000.0,地表,433.75
TJ,GUG,GUG,38.93000,117.50000,0,70000000000.0,基岩,600.00
TJ,XIK,XIK,39.09000,116.97000,0,70000000000.0,基岩,199.59
SD,G0035,G0035,36.40000,118.63000,0,70000000000.0,地表,445.48
SD,H0048,H0048,35.17000,116.23000,0,70000000000.0,地表,180.70
SD,JINX,JINX,35.17000,116.24000,0,70000000000.0,基岩,212.21
HA,E0033,E0033,35.89000,114.44000,0,70000000000.0,地表,253.41
TJ,HD001,HD001,39.03000,117.20000,0,70000000000.0,地表,201.36
SD,RU001,RU001,35.21000,115.85000,0,70000000000.0,地表,180.00
SD,G0039,G0039,36.56000,118.70000,0,70000000000.0,地表,535.72
HE,SCH,SCH,39.05000,115.56000,0,70000000000.0,基岩,222.61
SD,C0011,C0011,36.02000,118.36000,0,70000000000.0,地表,603.71
HE,A0029,A0029,38.11000,114.15000,0,70000000000.0,地表,292.17
SD,GL003,GL003,36.53000,118.68000,0,70000000000.0,地表,442.17
HE,F0080,F0080,38.60000,114.62000,0,70000000000.0,地表,312.44
HA,E000F,E000F,35.55000,114.91000,0,70000000000.0,地表,211.29
HE,CXT,CXT,36.43000,114.05000,0,70000000000.0,基岩,381.00
SD,G0053,G0053,37.06000,118.81000,0,70000000000.0,地表,190.44
TJ,KZ001,KZ001,38.93000,117.46000,0,70000000000.0,地表,180.00
HA,E0010,E0010,36.26000,114.15000,0,70000000000.0,地表,348.81
HE,WAX,WAX,38.86000,115.06000,0,70000000000.0,基岩,469.97
SD,H001A,H001A,35.29000,117.14000,0,70000000000.0,地表,252.03
SD,H0018,H0018,35.22000,116.82000,0,70000000000.0,地表,328.51
HA,J0017,J0017,35.50000,115.01000,0,70000000000.0,地表,186.95
SD,R006A,R006A,35.27000,115.63000,0,70000000000.0,地表,199.05
HE,F0096,F0096,38.70000,114.78000,0,70000000000.0,地表,471.35
SD,R006F,R006F,35.39000,115.26000,0,70000000000.0,地表,200.37
HE,A0033,A0033,37.99000,114.09000,0,70000000000.0,地表,324.74
HE,A0017,A0017,38.43000,114.44000,0,70000000000.0,地表,240.98
HA,J0018,J0018,35.44000,115.15000,0,70000000000.0,地表,217.94
SD,HZ001,HZ001,35.31000,117.18000,0,70000000000.0,地表,319.51
SD,H0049,H0049,35.19000,116.38000,0,70000000000.0,地表,189.04
SD,G0048,G0048,36.75000,118.74000,0,70000000000.0,地表,232.69
TJ,A0023,津南学生劳动教育基地台,38.93000,117.43000,0,70000000000.0,地表,181.31
SD,G0051,G0051,37.01000,118.79000,0,70000000000.0,地表,209.40
SD,R003F,R003F,35.20000,116.12000,0,70000000000.0,地表,184.05
SD,G0032,G0032,36.27000,118.52000,0,70000000000.0,地表,562.41
HA,E0036,E0036,36.01000,114.36000,0,70000000000.0,地表,251.30
HA,LAQDF,LAQDF,36.08000,114.30000,0,70000000000.0,基岩,216.37
HA,E000A,E000A,35.64000,114.80000,0,70000000000.0,地表,182.97
HE,A0014,A0014,38.52000,114.56000,0,70000000000.0,地表,254.87
HE,FS001,FS001,38.62000,114.69000,0,70000000000.0,地表,257.45
SX,K0028,K0028,37.34000,113.90000,0,70000000000.0,地表,640.58
HA,E0035,E0035,35.84000,114.55000,0,70000000000.0,地表,193.84
SX,K000F,K000F,37.46000,113.92000,0,70000000000.0,地表,294.53
SD,G003D,G003D,36.63000,118.68000,0,70000000000.0,地表,320.63
HE,F0092,F0092,38.72000,114.86000,0,70000000000.0,地表,493.45
SD,MDQ01,MDQ01,35.26000,115.79000,0,70000000000.0,基岩,193.70
SD,R0069,R0069,35.27000,115.74000,0,70000000000.0,地表,195.38
SD,E0010,E0010,37.57000,118.73000,0,70000000000.0,地表,199.29
HE,F0072,F0072,38.97000,115.42000,0,70000000000.0,地表,212.77
TJ,KB001,KB001,38.95000,117.32000,0,70000000000.0,地表,200.51
HE,FC001,FC001,38.93000,115.31000,0,70000000000.0,地表,258.86
HE,JNX,JNX,38.03000,114.15000,0,70000000000.0,基岩,504.38
SD,H0019,H0019,35.27000,116.92000,0,70000000000.0,地表,289.09
HE,HBZ,HBZ,38.25000,114.31000,0,70000000000.0,基岩,225.49
SD,H001E,H001E,35.35000,117.22000,0,70000000000.0,地表,422.44
SD,QM002,QM002,35.70000,117.93000,0,70000000000.0,地表,236.34
HA,E001B,E001B,36.11000,114.31000,0,70000000000.0,地表,196.10
HE,D0033,D0033,36.62000,114.02000,0,70000000000.0,地表,289.52
HA,E0031,E0031,35.95000,114.46000,0,70000000000.0,地表,210.36
SD,GL001,GL001,36.21000,118.44000,0,70000000000.0,地表,385.10
SD,G0030,G0030,36.21000,118.44000,0,70000000000.0,地表,299.63
SD,R006D,R006D,35.37000,115.42000,0,70000000000.0,地表,180.00
HA,F0004,F0004,35.76000,114.68000,0,70000000000.0,地表,185.75
SD,Q0077,Q0077,35.46000,117.49000,0,70000000000.0,地表,271.28
SD,QM001,QM001,35.71000,117.93000,0,70000000000.0,地表,285.38
HE,FE001,FE001,39.02000,115.66000,0,70000000000.0,地表,229.85
HE,A0042,A0042,38.31000,114.38000,0,70000000000.0,地表,223.95
SD,E0011,E0011,37.67000,118.68000,0,70000000000.0,地表,181.15
HE,A0047,A0047,38.19000,114.28000,0,70000000000.0,地表,296.50
HE,F0142,F0142,39.07000,115.99000,0,70000000000.0,地表,192.00
TJ,A0033,四小屯中心小学台,39.02000,116.99000,0,70000000000.0,地表,215.17
SD,G004D,G004D,36.94000,118.73000,0,70000000000.0,地表,237.54
HE,A0035,A0035,38.35000,114.43000,0,70000000000.0,地表,220.22
SD,PIY,PIY,35.52000,117.59000,0,70000000000.0,基岩,362.56
SD,G0040,G0040,36.70000,118.67000,0,70000000000.0,地表,223.49
HE,D0019,D0019,36.40000,114.14000,0,70000000000.0,地表,364.23
SD,C000F,C000F,36.06000,118.30000,0,70000000000.0,地表,381.80
SD,H0015,H0015,35.24000,116.50000,0,70000000000.0,地表,180.00
HE,D0060,D0060,36.37000,114.16000,0,70000000000.0,地表,365.59
SD,Q0018,Q0018,35.94000,118.18000,0,70000000000.0,地表,512.47
HE,E0061,E0061,37.16000,113.94000,0,70000000000.0,地表,420.99
TJ,DUL,DUL,39.02000,116.92000,0,70000000000.0,基岩,191.53
HE,E0063,E0063,37.08000,113.95000,0,70000000000.0,地表,343.90
HE,A0044,A0044,38.20000,114.32000,0,70000000000.0,地表,226.09
HA,J0012,J0012,35.63000,114.92000,0,70000000000.0,地表,234.78
SX,K0011,K0011,37.67000,114.03000,0,70000000000.0,地表,701.75
SD,H001B,H001B,35.32000,116.98000,0,70000000000.0,地表,285.58
SD,Q001E,Q001E,35.69000,117.85000,0,70000000000.0,地表,305.82
HA,ET002,ET002,35.94000,114.52000,0,70000000000.0,地表,275.73
HE,D0054,D0054,36.29000,114.23000,0,70000000000.0,地表,329.38
SD,Q0021,Q0021,35.88000,118.09000,0,70000000000.0,地表,326.72
HA,E0030,E0030,35.71000,114.81000,0,70000000000.0,地表,203.51
HE,FM001,FM001,38.73000,114.98000,0,70000000000.0,地表,250.58
SD,R0042,R0042,35.29000,115.90000,0,70000000000.0,地表,224.83
TJ,XD009,XD009,38.84000,117.47000,0,70000000000.0,地表,184.06
SD,G003A,G003A,36.59000,118.60000,0,70000000000.0,地表,261.00
SD,C0013,C0013,36.15000,118.34000,0,70000000000.0,地表,488.57
TJ,A0077,大港二中台,38.84000,117.46000,0,70000000000.0,地表,198.80
SD,G004A,G004A,36.82000,118.67000,0,70000000000.0,地表,233.16
HE,A0026,A0026,37.93000,114.16000,0,70000000000.0,地表,445.98
HE,F0069,F0069,38.87000,115.30000,0,70000000000.0,地表,227.22
TJ,XD004,XD004,38.87000,117.38000,0,70000000000.0,地表,207.94
HE,E0049,E0049,37.01000,113.98000,0,70000000000.0,地表,484.26
SD,G0036,G0036,36.42000,118.51000,0,70000000000.0,地表,395.16
HE,D0035,D0035,36.59000,114.09000,0,70000000000.0,地表,384.63
HA,E001A,E001A,36.14000,114.36000,0,70000000000.0,地表,221.26
SD,E000A,E000A,37.89000,118.53000,0,70000000000.0,地表,207.28
HE,D0017,D0017,36.54000,114.12000,0,70000000000.0,地表,407.39
HE,F0023,F0023,38.67000,114.91000,0,70000000000.0,地表,213.90
SD,ED001,ED001,37.42000,118.68000,0,70000000000.0,地表,201.88
HA,E0011,E0011,36.23000,114.30000,0,70000000000.0,地表,250.47
HE,XA001,XA001,39.01000,115.88000,0,70000000000.0,地表,193.14
SD,R0040,R0040,35.29000,116.05000,0,70000000000.0,地表,200.58
HE,F0108,F0108,38.94000,115.56000,0,70000000000.0,地表,226.44
HA,JP001,JP001,35.56000,115.11000,0,70000000000.0,地表,198.52
SD,R0041,R0041,35.28000,116.19000,0,70000000000.0,地表,180.00
SD,G0034,G0034,36.32000,118.43000,0,70000000000.0,地表,588.03
SD,HEK,HEK,37.86000,118.53000,0,70000000000.0,基岩,180.20
HE,D0016,D0016,36.48000,114.16000,0,70000000000.0,地表,486.56
HE,A0110,A0110,37.72000,114.09000,0,70000000000.0,地表,857.35
SD,GQ001,GQ001,36.70000,118.61000,0,70000000000.0,地表,219.91
SD,LQU,LQU,36.41000,118.48000,0,70000000000.0,基岩,480.55
HE,F0101,F0101,38.76000,115.10000,0,70000000000.0,地表,223.05
SD,R006E,R006E,35.37000,115.64000,0,70000000000.0,地表,202.33
HA,J0019,J0019,35.52000,115.21000,0,70000000000.0,地表,190.87
HE,AG002,AG002,38.09000,114.29000,0,70000000000.0,地表,429.67
TJ,A0018,王稳庄中学台,38.89000,117.26000,0,70000000000.0,地表,195.18
SD,Q0076,Q0076,35.61000,117.65000,0,70000000000.0,地表,412.09
HE,A0023,A0023,37.83000,114.14000,0,70000000000.0,地表,566.63
SD,H001C,H001C,35.33000,116.84000,0,70000000000.0,地表,224.30
SD,H0034,H0034,35.31000,116.70000,0,70000000000.0,地表,197.53
HE,WAT,WAT,36.81000,114.05000,0,70000000000.0,基岩,552.50
SD,H0005,H0005,35.29000,116.30000,0,70000000000.0,地表,221.57
SD,GL002,GL002,36.53000,118.53000,0,70000000000.0,地表,311.05
HE,F0103,F0103,38.90000,115.48000,0,70000000000.0,地表,218.09
SD,H0022,H0022,35.45000,117.26000,0,70000000000.0,地表,292.46
SD,R0047,R0047,35.43000,115.48000,0,70000000000.0,地表,198.24
HE,A0048,A0048,38.09000,114.31000,0,70000000000.0,地表,310.63
SD,E0021,E0021,37.47000,118.64000,0,70000000000.0,地表,202.99
TJ,TJH,TJH,38.75000,117.56000,0,70000000000.0,基岩,211.80
SD,ZCH,ZCH,35.38000,117.01000,0,70000000000.0,基岩,336.27
SD,R0048,R0048,35.47000,115.38000,0,70000000000.0,地表,203.77
SD,RJ001,RJ001,35.47000,115.38000,0,70000000000.0,地表,203.77
TJ,A0035,团泊小学台,38.90000,117.16000,0,70000000000.0,地表,192.68
SD,R0070,R0070,35.39000,115.65000,0,70000000000.0,地表,180.00
SD,H003A,H003A,35.51000,117.39000,0,70000000000.0,地表,354.85
SD,Q0019,Q0019,35.82000,117.93000,0,70000000000.0,地表,373.82
HA,J0013,J0013,35.62000,115.06000,0,70000000000.0,地表,204.44
HE,F0082,F0082,38.59000,114.85000,0,70000000000.0,地表,258.88
SD,C000D,C000D,36.09000,118.22000,0,70000000000.0,地表,440.78
HE,F0138,F0138,38.97000,115.83000,0,70000000000.0,地表,217.26
HA,E0012,E0012,36.20000,114.37000,0,70000000000.0,地表,225.43
HE,A0090,A0090,38.36000,114.56000,0,70000000000.0,地表,227.88
SD,E0019,E0019,37.77000,118.53000,0,70000000000.0,地表,188.76
SD,EK001,EK001,37.60000,118.59000,0,70000000000.0,地表,213.34
HE,F0105,F0105,38.94000,115.72000,0,70000000000.0,地表,223.38
TJ,A0024,静海一中台,38.94000,116.96000,0,70000000000.0,地表,183.65
HA,E002C,E002C,35.90000,114.67000,0,70000000000.0,地表,186.92
SD,G0041,G0041,36.75000,118.58000,0,70000000000.0,地表,225.35
SD,R0044,R0044,35.36000,115.85000,0,70000000000.0,地表,188.08
SD,R0043,R0043,35.34000,115.98000,0,70000000000.0,地表,202.32
TJ,DOT,DOT,38.83000,117.32000,0,70000000000.0,基岩,180.77
HA,J001A,J001A,35.53000,115.28000,0,70000000000.0,地表,214.07
HE,F0102,F0102,38.85000,115.42000,0,70000000000.0,地表,198.00
SD,G003C,G003C,36.62000,118.53000,0,70000000000.0,地表,404.11
SD,R0046,R0046,35.42000,115.60000,0,70000000000.0,地表,183.47
HE,F0085,F0085,38.55000,114.82000,0,70000000000.0,地表,225.89
HE,A0030,A0030,37.96000,114.26000,0,70000000000.0,地表,466.11
HE,A0107,A0107,38.24000,114.47000,0,70000000000.0,地表,225.56
SD,Q001A,Q001A,35.81000,117.88000,0,70000000000.0,地表,372.51
HE,A0043,A0043,38.14000,114.39000,0,70000000000.0,地表,190.40
HE,EB002,EB002,37.22000,114.05000,0,70000000000.0,地表,219.13
SD,EG001,EG001,37.20000,118.63000,0,70000000000.0,地表,198.32
HA,EN001,EN001,35.83000,114.78000,0,70000000000.0,地表,196.17
SD,G0044,G0044,36.81000,118.58000,0,70000000000.0,地表,235.75
HE,E0060,E0060,37.07000,114.06000,0,70000000000.0,地表,413.04
HE,F0083,F0083,38.52000,114.80000,0,70000000000.0,地表,210.47
HE,D0058,D0058,36.28000,114.35000,0,70000000000.0,地表,238.37
HA,E0017,E0017,36.04000,114.55000,0,70000000000.0,地表,215.70
HE,D0015,D0015,36.45000,114.25000,0,70000000000.0,地表,315.80
SD,G0052,G0052,37.02000,118.61000,0,70000000000.0,地表,211.50
SD,H0021,H0021,35.44000,117.09000,0,70000000000.0,地表,316.78
HE,F0067,F0067,38.77000,115.26000,0,70000000000.0,地表,218.17
SD,H0024,H0024,35.36000,116.69000,0,70000000000.0,地表,207.73
HE,LUQ,LUQ,38.00000,114.31000,0,70000000000.0,基岩,794.32
HA,J0015,J0015,35.60000,115.18000,0,70000000000.0,地表,202.19
HA,EA001,EA001,36.14000,114.47000,0,70000000000.0,地表,187.62
HE,FB001,FB001,38.85000,115.49000,0,70000000000.0,地表,218.93
TJ,A0025,梁头镇中学台,38.93000,116.86000,0,70000000000.0,地表,214.68
HE,E0048,E0048,36.89000,114.10000,0,70000000000.0,地表,607.17
SD,G0046,G0046,36.89000,118.58000,0,70000000000.0,地表,214.04
HA,E0019,E0019,36.10000,114.51000,0,70000000000.0,地表,189.98
TJ,A0075,石油学院台,38.84000,117.21000,0,70000000000.0,地表,191.72
SD,G004E,G004E,36.95000,118.59000,0,70000000000.0,地表,231.36
SD,QP002,QP002,35.68000,117.64000,0,70000000000.0,地表,458.75
HE,E0031,E0031,37.33000,114.08000,0,70000000000.0,地表,454.28
SD,H001F,H001F,35.39000,116.83000,0,70000000000.0,地表,208.23
SD,SSH,SSH,35.56000,117.39000,0,70000000000.0,基岩,449.23
HE,XOX,XOX,38.96000,116.09000,0,70000000000.0,基岩,210.83
SD,H0033,H0033,35.36000,116.58000,0,70000000000.0,地表,211.59
SD,G0037,G0037,36.45000,118.41000,0,70000000000.0,地表,402.26
HE,A0088,A0088,38.40000,114.68000,0,70000000000.0,地表,232.87
HA,E002E,E002E,35.88000,114.76000,0,70000000000.0,地表,197.01
HA,E002F,E002F,35.82000,114.84000,0,70000000000.0,地表,180.00
SD,H000F,H000F,35.36000,116.50000,0,70000000000.0,地表,208.87
TJ,XD003,XD003,38.72000,117.48000,0,70000000000.0,地表,191.79
SD,H0017,H0017,35.36000,116.37000,0,70000000000.0,地表,301.79
HE,F0100,F0100,38.63000,115.03000,0,70000000000.0,地表,223.22
HA,JP002,JP002,35.70000,115.04000,0,70000000000.0,地表,198.72
HE,A0045,A0045,38.04000,114.37000,0,70000000000.0,地表,293.60
SD,E001C,E001C,37.37000,118.57000,0,70000000000.0,地表,217.68
SD,H0020,H0020,35.43000,116.93000,0,70000000000.0,地表,243.99
SD,C0015,C0015,36.21000,118.23000,0,70000000000.0,地表,308.34
HE,D0018,D0018,36.56000,114.24000,0,70000000000.0,地表,364.06
SD,R0050,R0050,35.40000,115.93000,0,70000000000.0,地表,200.45
SD,RY001,RY001,35.43000,115.77000,0,70000000000.0,地表,185.98
TJ,A0078,大港海滨学校台,38.71000,117.47000,0,70000000000.0,地表,207.84
HE,XB001,XB001,38.92000,115.93000,0,70000000000.0,地表,228.33
SD,E000B,E000B,37.89000,118.39000,0,70000000000.0,地表,180.00
TJ,A0029,八里庄小学台,38.89000,116.91000,0,70000000000.0,地表,197.08
HE,A0093,A0093,37.87000,114.28000,0,70000000000.0,地表,304.16
SD,E0004,E0004,37.09000,118.57000,0,70000000000.0,地表,201.45
SD,J001E,J001E,35.69000,117.59000,0,70000000000.0,地表,289.59
HE,F0077,F0077,38.76000,115.35000,0,70000000000.0,地表,218.23
TJ,WNK,WNK,38.91000,116.76000,0,70000000000.0,基岩,210.72
SD,R0049,R0049,35.50000,115.54000,0,70000000000.0,地表,203.18
HE,SUC,SUC,38.85000,115.63000,0,70000000000.0,基岩,201.66
HE,DW001,DW001,36.69000,114.20000,0,70000000000.0,地表,351.17
SD,E0017,E0017,37.69000,118.47000,0,70000000000.0,地表,180.29
HE,D0034,D0034,36.80000,114.17000,0,70000000000.0,地表,435.17
SD,H0038,H0038,35.64000,117.48000,0,70000000000.0,地表,228.85
HA,E0015,E0015,36.10000,114.57000,0,70000000000.0,地表,205.76
SD,R0051,R0051,35.43000,115.84000,0,70000000000.0,地表,193.22
HE,GUD,GUD,38.66000,115.14000,0,70000000000.0,基岩,214.22
SD,R0045,R0045,35.39000,116.16000,0,70000000000.0,地表,201.98
SD,JUYE,JUYE,35.40000,116.05000,0,70000000000.0,基岩,190.89
SD,R004B,R004B,35.55000,115.42000,0,70000000000.0,地表,182.26
SD,YMS,YMS,36.64000,118.45000,0,70000000000.0,基岩,519.88
HE,F0020,F0020,38.48000,114.85000,0,70000000000.0,地表,230.84
HE,A0095,A0095,37.60000,114.19000,0,70000000000.0,地表,321.52
SD,H0039,H0039,35.56000,117.28000,0,70000000000.0,地表,299.04
HA,E0018,E0018,36.04000,114.64000,0,70000000000.0,地表,187.73
SD,E000D,E000D,37.98000,118.31000,0,70000000000.0,地表,180.00
TJ,SHT,SHT,38.87000,116.91000,0,70000000000.0,基岩,214.62
HE,F0140,F0140,38.88000,115.83000,0,70000000000.0,地表,203.35
TJ,WD001,WD001,38.83000,117.06000,0,70000000000.0,地表,215.44
HE,A0075,A0075,38.07000,114.44000,0,70000000000.0,地表,217.56
HE,D0002,D0002,36.18000,114.52000,0,70000000000.0,地表,216.29
SD,G0045,G0045,36.88000,118.51000,0,70000000000.0,地表,212.60
HA,PYXWL,PYXWL,35.63000,115.26000,0,70000000000.0,基岩,185.02
HE,R0029,R0029,38.92000,116.39000,0,70000000000.0,地表,194.02
SD,G003B,G003B,36.56000,118.40000,0,70000000000.0,地表,326.32
TJ,XD002,XD002,38.78000,117.21000,0,70000000000.0,地表,204.34
SD,G0047,G0047,36.81000,118.49000,0,70000000000.0,地表,243.55
SD,J0020,J0020,35.93000,117.90000,0,70000000000.0,地表,397.68
HE,F0079,F0079,38.70000,115.27000,0,70000000000.0,地表,219.90
SD,YIY,YIY,36.19000,118.16000,0,70000000000.0,基岩,347.61
HE,FD001,FD001,38.78000,115.48000,0,70000000000.0,地表,201.80
SD,C000E,C000E,36.05000,118.03000,0,70000000000.0,地表,313.78
HA,HLQKW,HLQKW,35.77000,115.01000,0,70000000000.0,基岩,213.96
HE,A0046,A0046,37.96000,114.38000,0,70000000000.0,地表,259.40
SD,E001F,E001F,37.42000,118.51000,0,70000000000.0,地表,184.14
HE,D0055,D0055,36.48000,114.33000,0,70000000000.0,地表,242.61
HE,DN001,DN001,36.38000,114.39000,0,70000000000.0,地表,210.22
HA,J0014,J0014,35.68000,115.18000,0,70000000000.0,地表,182.99
HE,R0030,R0030,38.89000,116.68000,0,70000000000.0,地表,186.48
HE,A0089,A0089,38.37000,114.75000,0,70000000000.0,地表,219.89
HA,E002D,E002D,35.93000,114.80000,0,70000000000.0,地表,183.38
SD,H003D,H003D,35.53000,117.12000,0,70000000000.0,地表,251.06
HE,E0062,E0062,37.09000,114.16000,0,70000000000.0,地表,389.60
SD,C0017,C0017,36.32000,118.24000,0,70000000000.0,地表,451.97
SD,H0014,H0014,35.43000,116.61000,0,70000000000.0,地表,187.07
HE,R0035,R0035,38.90000,116.22000,0,70000000000.0,地表,204.02
HE,A0108,A0108,38.27000,114.65000,0,70000000000.0,地表,224.04
SD,E0003,E0003,37.05000,118.51000,0,70000000000.0,地表,214.55
HE,AC001,AC001,38.05000,114.46000,0,70000000000.0,地表,211.04
SD,H0037,H0037,35.65000,117.41000,0,70000000000.0,地表,248.85
HA,J001B,J001B,35.62000,115.34000,0,70000000000.0,地表,199.80
SD,E0001,E0001,36.99000,118.50000,0,70000000000.0,地表,205.65
HA,E0029,E0029,36.00000,114.74000,0,70000000000.0,地表,207.29
HE,FX001,FX001,38.53000,115.00000,0,70000000000.0,地表,200.13
HE,A0097,A0097,37.63000,114.25000,0,70000000000.0,地表,338.91
HA,J0007,J0007,35.82000,114.98000,0,70000000000.0,地表,207.07
TJ,CGZ,CGZ,38.78000,117.11000,0,70000000000.0,基岩,180.00
HE,A0109,A0109,38.22000,114.62000,0,70000000000.0,地表,209.40
SD,JIX,JIX,35.43000,116.35000,0,70000000000.0,基岩,300.38
SD,J001D,J001D,35.83000,117.71000,0,70000000000.0,地表,367.50
SD,H003C,H003C,35.51000,116.98000,0,70000000000.0,地表,256.45
HE,EX002,EX002,37.01000,114.19000,0,70000000000.0,地表,521.37
SD,E0020,E0020,37.46000,118.47000,0,70000000000.0,地表,206.36
HA,J0011,J0011,35.73000,115.14000,0,70000000000.0,地表,206.05
HE,F0141,F0141,38.82000,115.74000,0,70000000000.0,地表,213.80
SD,H0023,H0023,35.46000,116.71000,0,70000000000.0,地表,190.59
SD,R0060,R0060,35.48000,115.85000,0,70000000000.0,地表,180.00
SD,G003F,G003F,36.67000,118.40000,0,70000000000.0,地表,505.20
SD,G0043,G0043,36.76000,118.43000,0,70000000000.0,地表,281.45
SD,HR001,HR001,35.45000,116.60000,0,70000000000.0,地表,202.81
SD,E0018,E0018,37.75000,118.37000,0,70000000000.0,地表,208.35
HE,E0059,E0059,37.23000,114.19000,0,70000000000.0,地表,507.25
HE,D0032,D0032,36.74000,114.26000,0,70000000000.0,地表,326.66
HE,A0073,A0073,38.09000,114.52000,0,70000000000.0,地表,232.42
SD,H0016,H0016,35.44000,116.39000,0,70000000000.0,地表,210.73
HE,E0033,E0033,37.34000,114.20000,0,70000000000.0,地表,362.16
HE,D0004,D0004,36.26000,114.52000,0,70000000000.0,地表,212.36
HE,NPH,NPH,38.57000,117.58000,0,70000000000.0,基岩,600.00
HE,AJ002,AJ002,38.26000,114.68000,0,70000000000.0,地表,210.61
HE,D0005,D0005,36.17000,114.60000,0,70000000000.0,地表,203.24
HE,ZDN,ZDN,38.15000,114.58000,0,70000000000.0,基岩,224.65
HE,F0022,F0022,38.60000,115.17000,0,70000000000.0,地表,218.77
SD,E000F,E000F,37.54000,118.43000,0,70000000000.0,地表,189.24
HE,D0064,D0064,36.64000,114.31000,0,70000000000.0,地表,307.19
SD,RJ002,RJ002,35.59000,115.50000,0,70000000000.0,地表,198.54
SD,CB001,CB001,35.59000,115.50000,0,70000000000.0,地表,198.54
HE,E0010,E0010,37.39000,114.22000,0,70000000000.0,地表,375.91
SD,R0053,R0053,35.47000,116.03000,0,70000000000.0,地表,186.98
HE,A0074,A0074,37.98000,114.46000,0,70000000000.0,地表,208.14
SD,J0025,J0025,35.81000,117.63000,0,70000000000.0,地表,293.83
SD,E0016,E0016,37.64000,118.39000,0,70000000000.0,地表,206.19
SD,R004C,R004C,35.57000,115.58000,0,70000000000.0,地表,206.28
HE,A0099,A0099,37.74000,114.33000,0,70000000000.0,地表,327.27
SD,E001B,E001B,37.33000,118.46000,0,70000000000.0,地表,200.09
TJ,A0032,子牙小学台,38.83000,116.76000,0,70000000000.0,地表,200.43
HE,A0087,A0087,38.40000,114.87000,0,70000000000.0,地表,225.09
HE,D0053,D0053,36.48000,114.40000,0,70000000000.0,地表,277.02
HE,A0092,A0092,37.87000,114.40000,0,70000000000.0,地表,283.13
HE,R0028,R0028,38.86000,116.33000,0,70000000000.0,地表,211.87
HE,F0075,F0075,38.76000,115.63000,0,70000000000.0,地表,218.03
SD,R004A,R004A,35.55000,115.68000,0,70000000000.0,地表,180.00
HE,F0076,F0076,38.67000,115.37000,0,70000000000.0,地表,214.93
HA,E0016,E0016,36.10000,114.70000,0,70000000000.0,地表,198.28
SD,H0012,H0012,35.47000,116.49000,0,70000000000.0,地表,206.98
SD,H0011,H0011,35.48000,116.61000,0,70000000000.0,地表,202.02
SD,H0004,H0004,35.47000,116.20000,0,70000000000.0,地表,180.00
HE,WEA,WEA,38.85000,116.45000,0,70000000000.0,基岩,208.03
HE,YUS,YUS,37.79000,114.37000,0,70000000000.0,基岩,465.68
HA,J0008,J0008,35.80000,115.10000,0,70000000000.0,地表,193.66
SD,M0032,M0032,37.82000,118.29000,0,70000000000.0,地表,192.26
SD,J0021,J0021,35.74000,117.47000,0,70000000000.0,地表,350.59
HE,D0037,D0037,36.82000,114.28000,0,70000000000.0,地表,380.36
SD,C0020,C0020,36.86000,118.41000,0,70000000000.0,地表,223.78
HE,F0016,F0016,38.53000,115.10000,0,70000000000.0,地表,212.81
TJ,SJZ,SJZ,38.63000,117.38000,0,70000000000.0,基岩,203.50
HE,J0047,J0047,38.84000,116.18000,0,70000000000.0,地表,206.63
SD,H0036,H0036,35.62000,117.18000,0,70000000000.0,地表,293.12
HE,AE001,AE001,38.03000,114.53000,0,70000000000.0,地表,216.02
SD,E0008,E0008,37.26000,118.44000,0,70000000000.0,地表,188.79
HE,D0003,D0003,36.23000,114.60000,0,70000000000.0,地表,202.30
SD,HY001,HY001,35.53000,116.84000,0,70000000000.0,地表,201.09
HA,EN003,EN003,35.94000,114.91000,0,70000000000.0,地表,182.31
TJ,A0037,亚庄子小学台,38.74000,117.05000,0,70000000000.0,地表,180.00
SD,H003F,H003F,35.59000,117.07000,0,70000000000.0,地表,328.24
HA,EN002,EN002,36.01000,114.83000,0,70000000000.0,地表,186.35
TJ,A0036,王官屯中学台,38.77000,116.92000,0,70000000000.0,地表,203.93
SD,E001E,E001E,37.42000,118.41000,0,70000000000.0,地表,195.01
HE,F0137,F0137,38.79000,115.87000,0,70000000000.0,地表,221.84
SD,E0013,E0013,37.50000,118.39000,0,70000000000.0,地表,194.54
HA,J0009,J0009,35.77000,115.19000,0,70000000000.0,地表,194.57
HE,D0065,D0065,36.58000,114.39000,0,70000000000.0,地表,340.42
HA,J0022,J0022,35.86000,115.04000,0,70000000000.0,地表,189.20
SD,H0047,H0047,35.49000,116.39000,0,70000000000.0,地表,213.45
SD,H0003,H0003,35.49000,116.29000,0,70000000000.0,地表,184.53
SD,C0027,C0027,36.79000,118.37000,0,70000000000.0,地表,342.46
HE,TAG,TAG,38.03000,114.55000,0,70000000000.0,基岩,231.92
HE,A0011,A0011,38.24000,114.74000,0,70000000000.0,地表,211.56
SD,XIT,XIT,35.95000,117.76000,0,70000000000.0,基岩,615.27
HE,D0059,D0059,36.46000,114.46000,0,70000000000.0,地表,197.69
HA,E002A,E002A,36.05000,114.80000,0,70000000000.0,地表,212.21
HE,J0045,J0045,38.81000,116.06000,0,70000000000.0,地表,221.84
SD,R0057,R0057,35.56000,115.77000,0,70000000000.0,地表,192.91
HE,R0017,R0017,38.80000,116.70000,0,70000000000.0,地表,183.87
HA,J0016,J0016,35.72000,115.31000,0,70000000000.0,地表,186.53
SD,R0056,R0056,35.54000,115.88000,0,70000000000.0,地表,213.59
SD,H0010,H0010,35.50000,116.44000,0,70000000000.0,地表,193.00
TJ,WAK,WAK,38.77000,116.85000,0,70000000000.0,基岩,201.71
HE,D0001,D0001,36.35000,114.54000,0,70000000000.0,地表,219.91
SD,C0014,C0014,36.20000,118.02000,0,70000000000.0,地表,290.03
SD,E0007,E0007,37.10000,118.41000,0,70000000000.0,地表,203.97
HE,A0010,A0010,38.27000,114.79000,0,70000000000.0,地表,222.97
HA,E0027,E0027,36.10000,114.76000,0,70000000000.0,地表,203.95
SD,E0006,E0006,37.18000,118.41000,0,70000000000.0,地表,181.17
SD,H003E,H003E,35.57000,116.91000,0,70000000000.0,地表,212.95
SD,R004E,R004E,35.65000,115.51000,0,70000000000.0,地表,195.36
SD,C0016,C0016,36.26000,118.06000,0,70000000000.0,地表,502.38
HE,A0049,A0049,37.90000,114.49000,0,70000000000.0,地表,234.34
SD,M0033,M0033,37.90000,118.19000,0,70000000000.0,地表,184.91
HE,E0051,E0051,36.96000,114.30000,0,70000000000.0,地表,448.44
TJ,XZZ,XZZ,38.66000,117.19000,0,70000000000.0,基岩,198.43
HA,JF001,JF001,35.69000,115.43000,0,70000000000.0,地表,211.99
SD,HQ001,HQ001,35.60000,116.98000,0,70000000000.0,地表,226.53
SD,EG002,EG002,37.09000,118.39000,0,70000000000.0,地表,202.56
SD,R0054,R0054,35.54000,116.00000,0,70000000000.0,地表,210.31
SD,M0030,M0030,37.71000,118.28000,0,70000000000.0,地表,180.00
SD,C003C,C003C,36.45000,118.18000,0,70000000000.0,地表,540.17
SD,H0035,H0035,35.71000,117.29000,0,70000000000.0,地表,344.26
SD,YANZ,YANZ,35.54000,116.66000,0,70000000000.0,基岩,223.59
SD,E0002,E0002,37.02000,118.38000,0,70000000000.0,地表,212.31
HE,F0073,F0073,38.60000,115.35000,0,70000000000.0,地表,219.13
HA,E002B,E002B,35.98000,114.93000,0,70000000000.0,地表,220.41
SD,C0023,C0023,36.97000,118.37000,0,70000000000.0,地表,223.69
HE,A0094,A0094,37.84000,114.47000,0,70000000000.0,地表,240.29
HE,D0006,D0006,36.16000,114.73000,0,70000000000.0,地表,187.52
HE,A0098,A0098,37.58000,114.36000,0,70000000000.0,地表,327.19
HE,D0024,D0024,36.40000,114.54000,0,70000000000.0,地表,204.21
TJ,A0076,太平镇三小台,38.63000,117.24000,0,70000000000.0,地表,190.19
SD,JUCH,JUCH,35.67000,115.51000,0,70000000000.0,基岩,228.39
SD,C0024,C0024,36.85000,118.34000,0,70000000000.0,地表,233.64
HA,J0001,J0001,35.72000,115.39000,0,70000000000.0,地表,198.12
SD,R0055,R0055,35.54000,116.10000,0,70000000000.0,地表,198.35
SD,C0012,C0012,36.16000,117.94000,0,70000000000.0,地表,432.23
HE,F0074,F0074,38.67000,115.57000,0,70000000000.0,地表,217.04
SD,C001A,C001A,36.37000,118.11000,0,70000000000.0,地表,627.26
SD,R004D,R004D,35.63000,115.65000,0,70000000000.0,地表,217.36
SD,G0042,G0042,36.74000,118.30000,0,70000000000.0,地表,397.86
SD,J0026,J0026,35.93000,117.66000,0,70000000000.0,地表,279.81
HE,ZAH,ZAH,37.66000,114.40000,0,70000000000.0,基岩,310.54
TJ,A0034,西港小学台,38.75000,116.77000,0,70000000000.0,地表,181.65
HE,E0052,E0052,36.89000,114.34000,0,70000000000.0,地表,391.79
HE,XTT,XTT,37.12000,114.31000,0,70000000000.0,基岩,606.55
SD,S0001,S0001,36.04000,117.80000,0,70000000000.0,地表,283.43
SD,AG001,AG001,36.06000,117.82000,0,70000000000.0,地表,280.22
HA,QFXCG,QFXCG,35.89000,115.09000,0,70000000000.0,基岩,180.00
SD,H0031,H0031,35.56000,116.66000,0,70000000000.0,地表,207.00
HE,F0017,F0017,38.53000,115.25000,0,70000000000.0,地表,203.22
TJ,A0038,唐官屯镇中学台,38.71000,116.92000,0,70000000000.0,地表,200.51
HE,D0007,D0007,36.23000,114.70000,0,70000000000.0,地表,219.47
SD,JX001,JX001,35.81000,117.43000,0,70000000000.0,地表,365.47
HE,J0044,J0044,38.77000,116.27000,0,70000000000.0,地表,209.28
SD,E0005,E0005,37.12000,118.35000,0,70000000000.0,地表,228.26
HA,E0028,E0028,36.08000,114.86000,0,70000000000.0,地表,213.59
SD,H002A,H002A,35.56000,116.52000,0,70000000000.0,地表,220.37
HE,R0033,R0033,38.76000,116.51000,0,70000000000.0,地表,195.17
HE,F0078,F0078,38.61000,115.47000,0,70000000000.0,地表,194.11
HE,F0019,F0019,38.42000,115.09000,0,70000000000.0,地表,213.83
HE,FN001,FN001,38.70000,115.78000,0,70000000000.0,地表,218.84
HE,LZT,LZT,36.34000,114.63000,0,70000000000.0,基岩,198.93
SD,G003E,G003E,36.63000,118.22000,0,70000000000.0,地表,403.61
HE,DA001,DA001,36.57000,114.49000,0,70000000000.0,地表,205.79
HE,F0043,F0043,38.72000,115.91000,0,70000000000.0,地表,212.20
HE,A0050,A0050,37.94000,114.59000,0,70000000000.0,地表,204.19
HE,F0018,F0018,38.35000,115.00000,0,70000000000.0,地表,197.63
HE,E0032,E0032,37.28000,114.35000,0,70000000000.0,地表,325.00
HE,YON,YON,36.75000,114.42000,0,70000000000.0,基岩,364.26
HE,E0064,E0064,37.00000,114.36000,0,70000000000.0,地表,288.61
SD,R0059,R0059,35.63000,115.79000,0,70000000000.0,地表,180.88
SD,E001D,E001D,37.40000,118.31000,0,70000000000.0,地表,180.29
SD,H0040,H0040,35.66000,117.00000,0,70000000000.0,地表,268.07
HE,J0048,J0048,38.75000,116.39000,0,70000000000.0,地表,180.00
HA,J001E,J001E,35.95000,115.06000,0,70000000000.0,地表,180.90
HE,A0005,A0005,38.04000,114.68000,0,70000000000.0,地表,218.50
HE,D0066,D0066,36.67000,114.46000,0,70000000000.0,地表,272.90
HE,LIC,LIC,37.45000,114.39000,0,70000000000.0,基岩,383.24
SD,H0030,H0030,35.63000,116.85000,0,70000000000.0,地表,210.44
HE,F0065,F0065,38.63000,115.60000,0,70000000000.0,地表,202.25
SD,C0037,C0037,36.54000,118.15000,0,70000000000.0,地表,556.72
HA,J0020,J0020,35.88000,115.19000,0,70000000000.0,地表,204.01
SD,R004F,R004F,35.69000,115.62000,0,70000000000.0,地表,204.98
SD,H003B,H003B,35.73000,117.17000,0,70000000000.0,地表,270.68
SD,M0006,M0006,37.09000,118.31000,0,70000000000.0,地表,181.05
SD,CL001,CL001,36.75000,118.24000,0,70000000000.0,地表,509.11
HA,J0003,J0003,35.78000,115.39000,0,70000000000.0,地表,196.26
SD,C0026,C0026,36.89000,118.28000,0,70000000000.0,地表,230.95
SD,H0001,H0001,35.59000,116.16000,0,70000000000.0,地表,181.00
SD,C0022,C0022,36.74000,118.23000,0,70000000000.0,地表,458.74
SD,RY003,RY003,35.60000,116.08000,0,70000000000.0,地表,188.43
SD,H0041,H0041,35.66000,116.93000,0,70000000000.0,地表,238.84
SD,H0002,H0002,35.59000,116.21000,0,70000000000.0,地表,197.07
SD,H002B,H002B,35.59000,116.36000,0,70000000000.0,地表,203.41
HE,A0007,A0007,38.10000,114.76000,0,70000000000.0,地表,212.11
HA,J0021,J0021,35.84000,115.29000,0,70000000000.0,地表,195.31
HE,J0040,J0040,38.67000,116.87000,0,70000000000.0,地表,211.91
TJ,A0031,王官庄学校台,38.61000,117.09000,0,70000000000.0,地表,199.64
HE,F0004,F0004,38.52000,115.36000,0,70000000000.0,地表,206.32
SD,J001F,J001F,35.91000,117.51000,0,70000000000.0,地表,297.53
HA,J001C,J001C,36.04000,114.99000,0,70000000000.0,地表,216.31
HE,JX001,JX001,38.71000,116.11000,0,70000000000.0,地表,204.04
SD,E0015,E0015,37.59000,118.22000,0,70000000000.0,地表,199.80
SD,C001D,C001D,36.44000,118.06000,0,70000000000.0,地表,462.87
SD,R0058,R0058,35.62000,116.05000,0,70000000000.0,地表,192.68
HE,A0096,A0096,37.63000,114.48000,0,70000000000.0,地表,252.57
HE,A0052,A0052,37.83000,114.58000,0,70000000000.0,地表,223.20
HE,A0009,A0009,37.99000,114.69000,0,70000000000.0,地表,223.03
SD,EG003,EG003,37.49000,118.24000,0,70000000000.0,地表,206.05
HE,RM001,RM001,38.69000,116.65000,0,70000000000.0,地表,214.76
HE,R0016,R0016,38.68000,116.72000,0,70000000000.0,地表,202.04
HE,F0021,F0021,38.35000,115.09000,0,70000000000.0,地表,198.93
HA,J0004,J0004,35.76000,115.52000,0,70000000000.0,地表,180.00
SD,J0024,J0024,35.85000,117.36000,0,70000000000.0,地表,257.86
HE,F0063,F0063,38.64000,115.78000,0,70000000000.0,地表,211.87
SD,C0028,C0028,36.93000,118.24000,0,70000000000.0,地表,224.66
HE,J0030,J0030,38.52000,117.25000,0,70000000000.0,地表,184.80
SD,M0005,M0005,37.24000,118.26000,0,70000000000.0,地表,185.52
HE,D0078,D0078,36.21000,114.84000,0,70000000000.0,地表,215.22
SD,H0032,H0032,35.65000,116.69000,0,70000000000.0,地表,225.38
SD,H002C,H002C,35.63000,116.51000,0,70000000000.0,地表,222.94
HA,J001F,J001F,35.95000,115.17000,0,70000000000.0,地表,183.19
SD,C001F,C001F,36.88000,118.22000,0,70000000000.0,地表,294.08
SD,C001E,C001E,36.34000,117.95000,0,70000000000.0,地表,496.85
SD,C0034,C0034,36.63000,118.13000,0,70000000000.0,地表,393.72
SD,C0025,C0025,36.71000,118.16000,0,70000000000.0,地表,381.51
HE,J0031,J0031,38.55000,117.14000,0,70000000000.0,地表,193.49
HE,A0076,A0076,38.18000,114.91000,0,70000000000.0,地表,218.56
HE,F0006,F0006,38.51000,115.44000,0,70000000000.0,地表,180.00
HE,A0091,A0091,37.70000,114.55000,0,70000000000.0,地表,225.39
HA,J001D,J001D,36.00000,115.11000,0,70000000000.0,地表,182.92
SD,C003A,C003A,36.52000,118.06000,0,70000000000.0,地表,394.97
SD,C0021,C0021,36.79000,118.18000,0,70000000000.0,地表,268.91
HE,J0039,J0039,38.58000,117.03000,0,70000000000.0,地表,182.75
SD,R005C,R005C,35.71000,115.77000,0,70000000000.0,地表,202.26
SD,J0023,J0023,35.98000,117.53000,0,70000000000.0,地表,238.50
SD,H0042,H0042,35.73000,116.98000,0,70000000000.0,地表,288.17
HE,AH001,AH001,37.88000,114.66000,0,70000000000.0,地表,228.35
HE,A0077,A0077,38.13000,114.87000,0,70000000000.0,地表,210.10
SD,R005B,R005B,35.68000,115.92000,0,70000000000.0,地表,180.00
HE,E0008,E0008,37.51000,114.49000,0,70000000000.0,地表,323.59
HE,HUH,HUH,38.39000,117.46000,0,70000000000.0,基岩,202.32
HE,DF001,DF001,36.75000,114.52000,0,70000000000.0,地表,217.27
HE,D0077,D0077,36.13000,114.96000,0,70000000000.0,地表,188.18
SD,J001C,J001C,35.71000,116.88000,0,70000000000.0,地表,234.29
SD,C0018,C0018,36.42000,117.98000,0,70000000000.0,地表,403.51
HE,F0044,F0044,38.64000,115.95000,0,70000000000.0,地表,180.00
HE,MJW,MJW,38.67000,116.25000,0,70000000000.0,基岩,201.01
SD,MZ001,MZ001,37.70000,118.11000,0,70000000000.0,地表,215.39
HE,DK001,DK001,36.44000,114.69000,0,70000000000.0,地表,221.25
HE,EB001,EB001,37.09000,114.46000,0,70000000000.0,地表,264.50
SD,R005A,R005A,35.67000,116.06000,0,70000000000.0,地表,181.06
HE,D0022,D0022,36.34000,114.77000,0,70000000000.0,地表,188.26
SD,M0003,M0003,37.34000,118.21000,0,70000000000.0,地表,180.04
SD,QUF,QUF,35.78000,117.08000,0,70000000000.0,基岩,376.96
HE,EX001,EX001,36.87000,114.50000,0,70000000000.0,地表,215.31
HE,J0033,J0033,38.46000,117.29000,0,70000000000.0,地表,188.51
HE,D0063,D0063,36.59000,114.61000,0,70000000000.0,地表,197.79
HE,F0001,F0001,38.37000,115.22000,0,70000000000.0,地表,211.63
SD,H002E,H002E,35.67000,116.57000,0,70000000000.0,地表,180.00
SD,H0026,H0026,35.66000,116.42000,0,70000000000.0,地表,180.00
SD,H0008,H0008,35.66000,116.29000,0,70000000000.0,地表,203.46
HE,F0062,F0062,38.57000,115.70000,0,70000000000.0,地表,201.28
SD,M0002,M0002,37.25000,118.21000,0,70000000000.0,地表,193.66
HE,FY001,FY001,38.42000,115.32000,0,70000000000.0,地表,198.23
HA,J0005,J0005,35.78000,115.62000,0,70000000000.0,地表,219.77
HE,E0029,E0029,37.20000,114.47000,0,70000000000.0,地表,260.58
HE,E0009,E0009,37.43000,114.50000,0,70000000000.0,地表,355.55
HE,A0002,A0002,37.59000,114.55000,0,70000000000.0,地表,226.68
SD,HL001,HL001,35.67000,116.29000,0,70000000000.0,地表,198.82
HE,F0045,F0045,38.60000,115.88000,0,70000000000.0,地表,204.97
HE,A0051,A0051,37.89000,114.72000,0,70000000000.0,地表,202.26
SD,J0019,J0019,35.85000,117.20000,0,70000000000.0,地表,283.95
HE,A0100,A0100,37.76000,114.64000,0,70000000000.0,地表,226.10
SD,M0007,M0007,37.01000,118.18000,0,70000000000.0,地表,216.65
HE,R0012,R0012,38.64000,116.40000,0,70000000000.0,地表,192.42
HE,WJI,WJI,38.18000,114.99000,0,70000000000.0,基岩,202.92
HA,JQ001,JQ001,35.94000,115.30000,0,70000000000.0,地表,189.47
SD,ZIC,ZIC,36.59000,118.04000,0,70000000000.0,基岩,488.70
HA,J000A,J000A,36.10000,115.06000,0,70000000000.0,地表,208.30
HA,J0002,J0002,35.85000,115.49000,0,70000000000.0,地表,197.72
HE,R0018,R0018,38.62000,116.62000,0,70000000000.0,地表,180.00
HE,EK001,EK001,37.27000,114.50000,0,70000000000.0,地表,235.35
SD,M0008,M0008,37.08000,118.18000,0,70000000000.0,地表,180.48
HE,JK001,JK001,38.58000,116.84000,0,70000000000.0,地表,208.70
SD,C002D,C002D,36.86000,118.14000,0,70000000000.0,地表,273.62
SD,M0036,M0036,37.99000,117.87000,0,70000000000.0,地表,198.70
SD,H000A,H000A,35.69000,116.21000,0,70000000000.0,地表,195.57
SD,C0036,C0036,36.67000,118.07000,0,70000000000.0,地表,388.12
SD,J0022,J0022,35.95000,117.38000,0,70000000000.0,地表,262.52
SD,H000B,H000B,35.70000,116.13000,0,70000000000.0,地表,211.49
HE,D0062,D0062,36.58000,114.66000,0,70000000000.0,地表,207.27
SD,HUAS,HUAS,36.82000,118.12000,0,70000000000.0,基岩,437.41
HE,A0078,A0078,38.24000,115.09000,0,70000000000.0,地表,210.08
HE,J0043,J0043,38.62000,116.16000,0,70000000000.0,地表,193.70
HE,R0013,R0013,38.62000,116.52000,0,70000000000.0,地表,180.00
HE,LIX,LIX,38.49000,115.56000,0,70000000000.0,基岩,207.03
SD,M0004,M0004,37.25000,118.17000,0,70000000000.0,地表,180.11
SD,E0014,E0014,37.44000,118.14000,0,70000000000.0,地表,194.25
HE,J0028,J0028,38.38000,117.35000,0,70000000000.0,地表,204.19
SD,C002A,C002A,36.79000,118.10000,0,70000000000.0,地表,393.51
HE,A0008,A0008,37.95000,114.80000,0,70000000000.0,地表,217.82
SD,M002D,M002D,37.63000,118.07000,0,70000000000.0,地表,180.00
HE,J0027,J0027,38.46000,117.17000,0,70000000000.0,地表,190.18
HE,D0045,D0045,36.77000,114.59000,0,70000000000.0,地表,217.35
HE,F0024,F0024,38.30000,115.20000,0,70000000000.0,地表,208.37
SD,H002F,H002F,35.71000,116.50000,0,70000000000.0,地表,186.79
SD,JN001,JN001,35.76000,116.83000,0,70000000000.0,地表,241.88
SD,J0017,J0017,35.79000,116.94000,0,70000000000.0,地表,261.90
HE,A0079,A0079,38.18000,115.04000,0,70000000000.0,地表,198.72
HE,J0032,J0032,38.28000,117.50000,0,70000000000.0,地表,194.44
HE,E0050,E0050,36.95000,114.55000,0,70000000000.0,地表,225.60
SD,R005D,R005D,35.74000,115.98000,0,70000000000.0,地表,195.39
SD,S0004,S0004,36.23000,117.72000,0,70000000000.0,地表,371.78
HE,J0046,J0046,38.59000,116.05000,0,70000000000.0,地表,203.62
SD,C0038,C0038,36.51000,117.95000,0,70000000000.0,地表,481.36
SD,C001C,C001C,36.41000,117.88000,0,70000000000.0,地表,556.45
HE,D0079,D0079,36.18000,115.02000,0,70000000000.0,地表,202.34
HE,A0106,A0106,37.81000,114.72000,0,70000000000.0,地表,209.73
SD,M0031,M0031,37.79000,117.97000,0,70000000000.0,地表,210.55
SD,H0009,H0009,35.72000,116.25000,0,70000000000.0,地表,213.00
SD,J0016,J0016,35.75000,116.71000,0,70000000000.0,地表,211.07
SD,C0029,C0029,36.73000,118.05000,0,70000000000.0,地表,281.78
SD,S0007,S0007,36.32000,117.79000,0,70000000000.0,地表,341.37
HE,D0075,D0075,36.23000,114.98000,0,70000000000.0,地表,222.68
HE,D0074,D0074,36.28000,114.93000,0,70000000000.0,地表,225.32
HE,J0041,J0041,38.52000,116.92000,0,70000000000.0,地表,183.61
HE,D0023,D0023,36.42000,114.81000,0,70000000000.0,地表,209.63
SD,R005E,R005E,35.80000,115.77000,0,70000000000.0,地表,200.97
HE,F0002,F0002,38.35000,115.33000,0,70000000000.0,地表,212.95
SD,HW001,HW001,35.73000,116.48000,0,70000000000.0,地表,205.75
HA,NLXJD,NLXJD,36.08000,115.17000,0,70000000000.0,基岩,196.08
HE,E0020,E0020,37.39000,114.57000,0,70000000000.0,地表,295.95
SD,RY002,RY002,35.80000,115.78000,0,70000000000.0,地表,189.94
HE,E0030,E0030,37.19000,114.55000,0,70000000000.0,地表,237.31
HE,J0018,J0018,38.09000,117.71000,0,70000000000.0,地表,180.00
HE,E0007,E0007,37.47000,114.59000,0,70000000000.0,地表,271.44
HE,D0040,D0040,36.81000,114.61000,0,70000000000.0,地表,215.02
HE,D0041,D0041,36.66000,114.67000,0,70000000000.0,地表,209.52
HA,FXXYC,FXXYC,35.88000,115.55000,0,70000000000.0,基岩,206.07
SD,M0039,M0039,37.49000,118.08000,0,70000000000.0,地表,180.00
SD,M0021,M0021,37.93000,117.85000,0,70000000000.0,地表,183.29
SD,C002C,C002C,36.83000,118.07000,0,70000000000.0,地表,368.47
SD,AA001,AA001,36.22000,117.67000,0,70000000000.0,地表,305.19
HE,J0019,J0019,38.18000,117.59000,0,70000000000.0,地表,191.53
HE,A0004,A0004,38.02000,114.92000,0,70000000000.0,地表,208.57
SD,M0020,M0020,37.95000,117.82000,0,70000000000.0,地表,191.55
HE,F0005,F0005,38.42000,115.52000,0,70000000000.0,地表,209.89
HE,J0038,J0038,38.54000,116.71000,0,70000000000.0,地表,204.62
SD,M0038,M0038,37.40000,118.08000,0,70000000000.0,地表,180.00
HE,A0071,A0071,38.26000,115.23000,0,70000000000.0,地表,198.20
SD,R005F,R005F,35.80000,115.88000,0,70000000000.0,地表,193.07
SD,MX001,MX001,37.15000,118.10000,0,70000000000.0,地表,206.24
SD,M0001,M0001,37.17000,118.10000,0,70000000000.0,地表,188.63
HE,A0001,A0001,37.59000,114.66000,0,70000000000.0,地表,213.70
HA,J0010,J0010,36.03000,115.30000,0,70000000000.0,地表,213.43
HE,R0015,R0015,38.56000,116.50000,0,70000000000.0,地表,205.71
SD,S0009,S0009,36.40000,117.81000,0,70000000000.0,地表,484.15
HE,A0102,A0102,37.69000,114.71000,0,70000000000.0,地表,180.00
HE,E0065,E0065,37.08000,114.59000,0,70000000000.0,地表,226.43
SD,C0008,C0008,36.91000,118.06000,0,70000000000.0,地表,215.81
SD,C003B,C003B,36.62000,117.95000,0,70000000000.0,地表,438.27
HE,A0104,A0104,37.86000,114.82000,0,70000000000.0,地表,195.06
SD,C001B,C001B,36.47000,117.85000,0,70000000000.0,地表,437.56
HE,JY001,JY001,38.22000,117.48000,0,70000000000.0,地表,194.10
HA,J000B,J000B,36.14000,115.16000,0,70000000000.0,地表,229.07
SD,C0019,C0019,36.55000,117.90000,0,70000000000.0,地表,469.94
SD,C000B,C000B,36.96000,118.06000,0,70000000000.0,地表,195.18
HA,J0006,J0006,35.88000,115.66000,0,70000000000.0,地表,181.41
SD,JN002,JN002,35.84000,116.89000,0,70000000000.0,地表,417.74
SD,H0028,H0028,35.77000,116.39000,0,70000000000.0,地表,196.15
SD,M0012,M0012,37.29000,118.07000,0,70000000000.0,地表,183.66
HE,DT001,DT001,36.36000,114.93000,0,70000000000.0,地表,218.68
HE,J0049,J0049,38.48000,115.80000,0,70000000000.0,地表,188.56
SD,J002C,J002C,36.08000,117.42000,0,70000000000.0,地表,369.34
HE,J0024,J0024,38.52000,116.00000,0,70000000000.0,地表,195.96
SD,S0005,S0005,36.26000,117.65000,0,70000000000.0,地表,274.18
SD,CH001,CH001,37.01000,118.06000,0,70000000000.0,地表,212.97
SD,J0027,J0027,35.97000,117.22000,0,70000000000.0,地表,224.00
HA,J000D,J000D,36.09000,115.25000,0,70000000000.0,地表,180.00
SD,M003B,M003B,37.42000,118.04000,0,70000000000.0,地表,199.69
HE,F0003,F0003,38.28000,115.32000,0,70000000000.0,地表,180.00
HE,JJ001,JJ001,38.46000,116.93000,0,70000000000.0,地表,180.00
SD,J0029,J0029,35.96000,117.18000,0,70000000000.0,地表,231.71
HE,F0064,F0064,38.42000,115.64000,0,70000000000.0,地表,195.12
HE,DE001,DE001,36.54000,114.81000,0,70000000000.0,地表,209.05
HE,ZHX,ZHX,37.75000,114.78000,0,70000000000.0,基岩,230.04
SD,H000D,H000D,35.82000,115.95000,0,70000000000.0,地表,192.04
SD,M002C,M002C,37.61000,117.97000,0,70000000000.0,地表,188.99
SD,C0039,C0039,36.71000,117.96000,0,70000000000.0,地表,247.78
HE,T0003,T0003,38.31000,115.39000,0,70000000000.0,地表,210.78
HE,J0022,J0022,38.53000,116.21000,0,70000000000.0,地表,192.12
SD,S0003,S0003,36.20000,117.56000,0,70000000000.0,地表,309.68
HE,JY002,JY002,38.36000,117.18000,0,70000000000.0,地表,193.69
HE,A0019,A0019,38.08000,115.06000,0,70000000000.0,地表,190.73
SD,H0025,H0025,35.81000,116.64000,0,70000000000.0,地表,280.10
SD,JY001,JY001,36.01000,117.26000,0,70000000000.0,地表,603.91
HA,JT002,JT002,35.88000,115.74000,0,70000000000.0,地表,210.32
HE,A0003,A0003,37.94000,114.93000,0,70000000000.0,地表,202.63
SD,LSH,LSH,35.81000,116.08000,0,70000000000.0,基岩,222.35
SD,H0027,H0027,35.80000,116.49000,0,70000000000.0,地表,191.92
HE,DF002,DF002,36.77000,114.71000,0,70000000000.0,地表,209.58
SD,M001F,M001F,38.01000,117.68000,0,70000000000.0,地表,202.56
SD,DSH,DSH,38.01000,117.68000,0,70000000000.0,基岩,202.56
HE,EL001,EL001,37.51000,114.69000,0,70000000000.0,地表,222.39
SD,H0007,H0007,35.80000,116.24000,0,70000000000.0,地表,197.93
SD,J001A,J001A,35.85000,116.80000,0,70000000000.0,地表,227.14
SD,MB001,MB001,37.43000,118.01000,0,70000000000.0,地表,204.40
SD,P003B,P003B,35.99000,115.48000,0,70000000000.0,地表,201.38
HE,E0017,E0017,37.30000,114.65000,0,70000000000.0,地表,230.41
SD,M0022,M0022,37.82000,117.83000,0,70000000000.0,地表,181.15
SD,MW002,MW002,37.86000,117.80000,0,70000000000.0,地表,180.00
HE,A0103,A0103,37.80000,114.84000,0,70000000000.0,地表,185.27
HE,A0105,A0105,37.66000,114.76000,0,70000000000.0,地表,211.94
HE,J0042,J0042,38.47000,116.78000,0,70000000000.0,地表,201.77
SD,BSH,BSH,36.51000,117.82000,0,70000000000.0,基岩,550.50
SD,J0015,J0015,35.91000,116.99000,0,70000000000.0,地表,330.14
SD,C002B,C002B,36.81000,117.97000,0,70000000000.0,地表,229.43
HE,JM001,JM001,38.16000,117.48000,0,70000000000.0,地表,187.56
HE,D0076,D0076,36.33000,115.02000,0,70000000000.0,地表,200.08
HE,J0026,J0026,38.29000,117.26000,0,70000000000.0,地表,184.22
HE,ED001,ED001,37.02000,114.67000,0,70000000000.0,地表,208.79
SD,M0037,M0037,37.46000,117.98000,0,70000000000.0,地表,180.00
SD,J0028,J0028,35.96000,117.09000,0,70000000000.0,地表,221.94
SD,J001B,J001B,35.89000,116.88000,0,70000000000.0,地表,288.26
HA,J000C,J000C,36.16000,115.23000,0,70000000000.0,地表,212.12
SD,M0024,M0024,38.05000,117.60000,0,70000000000.0,地表,188.75
SD,J0018,J0018,35.85000,116.69000,0,70000000000.0,地表,230.00
SD,C002E,C002E,36.73000,117.92000,0,70000000000.0,地表,253.15
SD,H002D,H002D,35.83000,116.53000,0,70000000000.0,地表,238.71
SD,C0009,C0009,36.91000,117.98000,0,70000000000.0,地表,221.61
HE,D0042,D0042,36.67000,114.79000,0,70000000000.0,地表,204.46
HE,CZX,CZX,38.42000,116.90000,0,70000000000.0,基岩,215.31
SD,C000C,C000C,37.05000,118.00000,0,70000000000.0,地表,204.81
HA,J000F,J000F,36.07000,115.39000,0,70000000000.0,地表,194.88
SD,P0041,P0041,35.99000,115.56000,0,70000000000.0,地表,180.00
HE,HNS,HNS,37.40000,114.71000,0,70000000000.0,基岩,214.75
SD,WSH,WSH,35.85000,116.57000,0,70000000000.0,基岩,316.70
SD,S0006,S0006,36.32000,117.61000,0,70000000000.0,地表,291.94
SD,C0033,C0033,36.81000,117.93000,0,70000000000.0,地表,222.38
HE,D0043,D0043,36.91000,114.72000,0,70000000000.0,地表,214.84
HE,A0006,A0006,37.87000,114.94000,0,70000000000.0,地表,206.24
HE,REX,REX,37.13000,114.69000,0,70000000000.0,基岩,228.26
SD,C0006,C0006,37.20000,117.99000,0,70000000000.0,地表,187.79
HE,J0025,J0025,38.48000,116.36000,0,70000000000.0,地表,190.23
SD,J0001,J0001,35.84000,116.31000,0,70000000000.0,地表,188.41
SD,J002F,J002F,36.17000,117.42000,0,70000000000.0,地表,287.54
SD,CZ001,CZ001,36.78000,117.91000,0,70000000000.0,地表,304.96
SD,J0002,J0002,35.85000,116.48000,0,70000000000.0,地表,186.01
HE,D0014,D0014,36.24000,115.18000,0,70000000000.0,地表,189.94
HE,SHS,SHS,38.39000,115.77000,0,70000000000.0,基岩,200.90
SD,H000E,H000E,35.89000,115.94000,0,70000000000.0,地表,208.08
HE,A0020,A0020,38.07000,115.16000,0,70000000000.0,地表,198.61
SD,C000A,C000A,36.95000,117.95000,0,70000000000.0,地表,211.16
SD,H0006,H0006,35.88000,116.01000,0,70000000000.0,地表,180.35
HE,HEJ,HEJ,38.45000,116.09000,0,70000000000.0,基岩,214.70
HE,DR001,DR001,36.49000,114.95000,0,70000000000.0,地表,216.93
HE,D0061,D0061,36.58000,114.89000,0,70000000000.0,地表,187.56
SD,M0034,M0034,37.35000,117.95000,0,70000000000.0,地表,180.00
SD,P0045,P0045,36.06000,115.48000,0,70000000000.0,地表,185.95
SD,C0001,C0001,37.10000,117.96000,0,70000000000.0,地表,208.80
SD,C002F,C002F,36.66000,117.83000,0,70000000000.0,地表,399.59
SD,H000C,H000C,35.87000,116.23000,0,70000000000.0,地表,182.35
HA,J0023,J0023,35.94000,115.81000,0,70000000000.0,地表,212.68
HE,J0029,J0029,38.19000,117.32000,0,70000000000.0,地表,193.99
HE,E0036,E0036,37.59000,114.82000,0,70000000000.0,地表,210.39
HA,J000E,J000E,36.12000,115.40000,0,70000000000.0,地表,192.67
SD,J002E,J002E,36.12000,117.28000,0,70000000000.0,地表,324.12
HE,T0001,T0001,38.30000,115.59000,0,70000000000.0,地表,232.94
SD,H0029,H0029,35.89000,116.59000,0,70000000000.0,地表,215.03
SD,J002A,J002A,35.99000,117.00000,0,70000000000.0,地表,185.01
HE,T0002,T0002,38.20000,115.39000,0,70000000000.0,地表,203.15
HE,E0019,E0019,37.28000,114.74000,0,70000000000.0,地表,217.37
HE,E0044,E0044,37.07000,114.74000,0,70000000000.0,地表,185.33
HE,A0072,A0072,38.15000,115.32000,0,70000000000.0,地表,180.00
HE,A0083,A0083,38.10000,115.25000,0,70000000000.0,地表,186.39
HE,A0018,A0018,37.93000,115.06000,0,70000000000.0,地表,184.81
HE,JZ001,JZ001,38.43000,116.51000,0,70000000000.0,地表,180.00
HE,J0017,J0017,38.04000,117.50000,0,70000000000.0,地表,200.00
HE,DL001,DL001,36.30000,115.17000,0,70000000000.0,地表,209.50
SD,C0007,C0007,37.25000,117.93000,0,70000000000.0,地表,218.86
SD,P004F,P004F,35.99000,115.72000,0,70000000000.0,地表,219.08
HE,J0021,J0021,38.43000,116.27000,0,70000000000.0,地表,214.91
HE,D0044,D0044,36.73000,114.85000,0,70000000000.0,地表,191.95
SD,S000B,S000B,36.50000,117.69000,0,70000000000.0,地表,347.48
HE,DL002,DL002,36.17000,115.36000,0,70000000000.0,地表,206.49
SD,M003A,M003A,37.52000,117.86000,0,70000000000.0,地表,200.53
HE,J0008,J0008,38.30000,117.03000,0,70000000000.0,地表,199.30
SD,SHX,SHX,36.05000,115.59000,0,70000000000.0,基岩,220.36
HE,A0101,A0101,37.78000,114.96000,0,70000000000.0,地表,182.01
SD,M001E,M001E,37.87000,117.65000,0,70000000000.0,地表,210.75
SD,C0032,C0032,36.78000,117.84000,0,70000000000.0,地表,270.50
HE,J0020,J0020,38.12000,117.36000,0,70000000000.0,地表,194.96
HE,D0027,D0027,36.67000,114.90000,0,70000000000.0,地表,180.46
SD,M003C,M003C,37.41000,117.88000,0,70000000000.0,地表,185.40
SD,C0031,C0031,36.83000,117.85000,0,70000000000.0,地表,232.71
SD,LAIC,LAIC,36.38000,117.56000,0,70000000000.0,基岩,557.72
SD,M002E,M002E,37.68000,117.77000,0,70000000000.0,地表,190.26
SD,C0035,C0035,36.64000,117.76000,0,70000000000.0,地表,385.03
HE,J0050,J0050,38.37000,115.93000,0,70000000000.0,地表,182.35
HE,E0027,E0027,36.96000,114.80000,0,70000000000.0,地表,201.07
SD,P004D,P004D,36.02000,115.71000,0,70000000000.0,地表,180.00
SD,N0037,N0037,37.97000,117.53000,0,70000000000.0,地表,180.00
HE,CAZ,CAZ,38.34000,116.84000,0,70000000000.0,基岩,207.69
HE,EN002,EN002,37.62000,114.89000,0,70000000000.0,地表,192.43
SD,J002B,J002B,36.06000,117.06000,0,70000000000.0,地表,237.33
HE,J0006,J0006,38.38000,116.64000,0,70000000000.0,地表,189.03
HE,D0009,D0009,36.43000,115.09000,0,70000000000.0,地表,192.14
SD,J0003,J0003,35.92000,116.43000,0,70000000000.0,地表,194.60
HA,TQXCG,TQXCG,35.98000,115.86000,0,70000000000.0,基岩,186.96
HE,A0022,A0022,37.88000,115.07000,0,70000000000.0,地表,206.68
HE,TN001,TN001,38.19000,115.47000,0,70000000000.0,地表,213.58
SD,M000B,M000B,36.72000,117.78000,0,70000000000.0,地表,409.12
HE,E0047,E0047,37.25000,114.80000,0,70000000000.0,地表,206.76
HE,A0086,A0086,38.06000,115.28000,0,70000000000.0,地表,186.03
HE,J0023,J0023,38.39000,116.33000,0,70000000000.0,地表,180.00
SD,J000E,J000E,36.01000,116.88000,0,70000000000.0,地表,259.41
SD,J0004,J0004,35.95000,116.57000,0,70000000000.0,地表,235.00
SD,JD002,JD002,35.94000,116.46000,0,70000000000.0,地表,410.62
SD,J0012,J0012,35.97000,116.69000,0,70000000000.0,地表,355.65
SD,C0030,C0030,36.67000,117.73000,0,70000000000.0,地表,292.99
HE,A0085,A0085,37.98000,115.21000,0,70000000000.0,地表,201.43
SD,P003F,P003F,36.12000,115.56000,0,70000000000.0,地表,201.78
SD,M0035,M0035,37.35000,117.84000,0,70000000000.0,地表,212.20
HE,J0007,J0007,38.26000,116.98000,0,70000000000.0,地表,180.00
SD,S000A,S000A,36.46000,117.57000,0,70000000000.0,地表,442.88
SD,J0005,J0005,35.97000,116.06000,0,70000000000.0,地表,207.23
SD,S0008,S0008,36.37000,117.48000,0,70000000000.0,地表,292.61
HE,E0045,E0045,37.19000,114.83000,0,70000000000.0,地表,198.41
HE,D0011,D0011,36.32000,115.26000,0,70000000000.0,地表,217.37
SD,P003E,P003E,36.09000,115.65000,0,70000000000.0,地表,180.00
HE,DQ001,DQ001,36.91000,114.87000,0,70000000000.0,地表,224.57
SD,M0028,M0028,37.59000,117.75000,0,70000000000.0,地表,208.78
HA,J0024,J0024,36.00000,115.94000,0,70000000000.0,地表,180.00
SD,P0049,P0049,36.02000,115.86000,0,70000000000.0,地表,193.77
HE,D0021,D0021,36.53000,115.07000,0,70000000000.0,地表,197.05
SD,M0025,M0025,37.80000,117.61000,0,70000000000.0,地表,195.97
SD,J0035,J0035,36.19000,117.21000,0,70000000000.0,地表,237.30
SD,M000A,M000A,37.00000,117.82000,0,70000000000.0,地表,218.50
HE,J0058,J0058,38.10000,117.27000,0,70000000000.0,地表,202.08
HE,JJ002,JJ002,38.31000,116.75000,0,70000000000.0,地表,208.93
SD,C0002,C0002,37.18000,117.83000,0,70000000000.0,地表,205.36
HE,D0013,D0013,36.43000,115.17000,0,70000000000.0,地表,202.85
HE,A0021,A0021,37.82000,115.10000,0,70000000000.0,地表,213.90
HE,FEX,FEX,36.61000,115.03000,0,70000000000.0,基岩,182.81
HE,DU001,DU001,36.78000,114.94000,0,70000000000.0,地表,212.19
SD,P0051,P0051,36.03000,115.90000,0,70000000000.0,地表,193.41
SD,P0039,P0039,36.19000,115.50000,0,70000000000.0,地表,199.22
HE,D0010,D0010,36.49000,115.13000,0,70000000000.0,地表,203.93
SD,M0026,M0026,37.66000,117.68000,0,70000000000.0,地表,180.00
HE,E0028,E0028,37.08000,114.87000,0,70000000000.0,地表,210.22
HE,J0011,J0011,38.18000,117.08000,0,70000000000.0,地表,197.66
HE,E0046,E0046,37.13000,114.87000,0,70000000000.0,地表,203.60
SD,CG001,CG001,37.17000,117.81000,0,70000000000.0,地表,197.46
HE,D0008,D0008,36.28000,115.37000,0,70000000000.0,地表,217.63
HE,TM001,TM001,38.22000,115.70000,0,70000000000.0,地表,193.51
HE,J0053,J0053,38.33000,116.20000,0,70000000000.0,地表,181.53
SD,P004B,P004B,36.09000,115.74000,0,70000000000.0,地表,195.11
SD,J002D,J002D,36.10000,116.96000,0,70000000000.0,地表,287.65
HE,EM001,EM001,37.41000,114.91000,0,70000000000.0,地表,200.31
HE,E0018,E0018,37.31000,114.89000,0,70000000000.0,地表,183.67
SD,J0036,J0036,36.17000,117.11000,0,70000000000.0,地表,274.42
HE,A0082,A0082,38.07000,115.42000,0,70000000000.0,地表,196.15
HE,J0010,J0010,38.22000,116.95000,0,70000000000.0,地表,205.25
HE,E0004,E0004,37.24000,114.89000,0,70000000000.0,地表,186.09
HE,D0030,D0030,36.86000,114.94000,0,70000000000.0,地表,191.78
SD,N0035,N0035,37.82000,117.54000,0,70000000000.0,地表,180.00
HA,JT001,JT001,36.03000,116.01000,0,70000000000.0,地表,211.60
SD,M001C,M001C,37.40000,117.76000,0,70000000000.0,地表,180.00
SD,P0042,P0042,36.15000,115.64000,0,70000000000.0,地表,201.99
HE,J0062,J0062,37.97000,117.37000,0,70000000000.0,地表,185.17
HE,J0056,J0056,38.29000,116.06000,0,70000000000.0,地表,209.59
SD,J0006,J0006,36.01000,116.26000,0,70000000000.0,地表,439.72
SD,M0019,M0019,37.51000,117.71000,0,70000000000.0,地表,190.10
HE,EN001,EN001,37.77000,115.12000,0,70000000000.0,地表,204.42
SD,MW001,MW001,37.74000,117.58000,0,70000000000.0,地表,180.00
SD,TIA,TIA,36.21000,117.13000,0,70000000000.0,基岩,900.00
SD,M0027,M0027,37.56000,117.68000,0,70000000000.0,地表,188.91
HE,J0054,J0054,38.30000,116.30000,0,70000000000.0,地表,199.00
HE,J0004,J0004,38.29000,116.52000,0,70000000000.0,地表,192.90
SD,A001C,A001C,36.69000,117.63000,0,70000000000.0,地表,326.12
HE,E0035,E0035,37.56000,115.01000,0,70000000000.0,地表,197.53
HE,J0055,J0055,38.25000,115.95000,0,70000000000.0,地表,199.62
SD,J0032,J0032,36.29000,117.24000,0,70000000000.0,地表,531.35
SD,J000B,J000B,36.08000,116.76000,0,70000000000.0,地表,316.41
HE,D0026,D0026,36.64000,115.09000,0,70000000000.0,地表,194.90
SD,PY001,PY001,36.12000,115.79000,0,70000000000.0,地表,198.27
SD,J0007,J0007,36.03000,116.37000,0,70000000000.0,地表,286.80
SD,MP002,MP002,36.93000,117.72000,0,70000000000.0,地表,205.03
SD,M0011,M0011,37.64000,117.62000,0,70000000000.0,地表,203.38
SD,P0052,P0052,36.07000,115.99000,0,70000000000.0,地表,189.78
SD,P003C,P003C,36.26000,115.50000,0,70000000000.0,地表,222.61
SD,M0015,M0015,37.34000,117.73000,0,70000000000.0,地表,199.43
HE,D0072,D0072,36.52000,115.19000,0,70000000000.0,地表,204.70
SD,J0009,J0009,36.05000,116.12000,0,70000000000.0,地表,203.75
HE,D0020,D0020,36.56000,115.16000,0,70000000000.0,地表,209.82
SD,C0005,C0005,37.14000,117.74000,0,70000000000.0,地表,207.45
HE,J0063,J0063,38.04000,117.21000,0,70000000000.0,地表,186.37
HE,J0005,J0005,38.25000,116.66000,0,70000000000.0,地表,180.00
SD,M0009,M0009,36.95000,117.71000,0,70000000000.0,地表,192.84
SD,J0008,J0008,36.05000,116.48000,0,70000000000.0,地表,249.35
SD,J0033,J0033,36.34000,117.28000,0,70000000000.0,地表,440.68
SD,N0034,N0034,37.78000,117.50000,0,70000000000.0,地表,182.75
SD,JD001,JD001,36.06000,116.13000,0,70000000000.0,地表,218.71
HE,T0025,T0025,38.14000,115.68000,0,70000000000.0,地表,210.09
SD,P0043,P0043,36.31000,115.45000,0,70000000000.0,地表,195.93
SD,J000D,J000D,36.07000,116.59000,0,70000000000.0,地表,236.34
SD,A001A,A001A,36.60000,117.53000,0,70000000000.0,地表,465.91
HE,A0080,A0080,37.92000,115.33000,0,70000000000.0,地表,183.05
HE,J0057,J0057,38.26000,116.21000,0,70000000000.0,地表,184.47
HE,D0012,D0012,36.45000,115.29000,0,70000000000.0,地表,222.25
HE,J0060,J0060,37.86000,117.41000,0,70000000000.0,地表,191.01
SD,A0019,A0019,36.49000,117.43000,0,70000000000.0,地表,390.44
HE,SHZ,SHZ,38.07000,115.56000,0,70000000000.0,基岩,183.68
HE,E0038,E0038,37.59000,115.07000,0,70000000000.0,地表,188.71
HE,J0009,J0009,38.12000,117.00000,0,70000000000.0,地表,200.49
SD,MY001,MY001,37.64000,117.57000,0,70000000000.0,地表,180.00
HE,T0024,T0024,38.18000,115.85000,0,70000000000.0,地表,195.78
SD,P0048,P0048,36.13000,115.89000,0,70000000000.0,地表,194.01
SD,P004A,P004A,36.17000,115.77000,0,70000000000.0,地表,199.36
SD,M000E,M000E,37.03000,117.69000,0,70000000000.0,地表,205.28
SD,P0036,P0036,36.40000,115.37000,0,70000000000.0,地表,214.80
HE,MEC,MEC,38.06000,117.11000,0,70000000000.0,基岩,222.83
HE,E0002,E0002,37.35000,115.00000,0,70000000000.0,地表,187.74
HE,D0029,D0029,36.93000,115.02000,0,70000000000.0,地表,193.53
HE,JJ003,JJ003,38.23000,116.54000,0,70000000000.0,地表,209.04
HE,E0039,E0039,36.98000,115.01000,0,70000000000.0,地表,205.11
HE,D0028,D0028,36.78000,115.08000,0,70000000000.0,地表,206.11
HE,A0084,A0084,37.86000,115.31000,0,70000000000.0,地表,193.85
SD,J000C,J000C,36.15000,116.81000,0,70000000000.0,地表,297.33
HE,E0037,E0037,37.67000,115.15000,0,70000000000.0,地表,191.08
SD,C0003,C0003,37.23000,117.68000,0,70000000000.0,地表,198.49
SD,AQ001,AQ001,36.66000,117.52000,0,70000000000.0,地表,424.22
SD,J0037,J0037,36.30000,117.13000,0,70000000000.0,地表,514.17
SD,J0030,J0030,36.21000,116.95000,0,70000000000.0,地表,341.18
SD,M0018,M0018,37.41000,117.64000,0,70000000000.0,地表,180.00
SD,C0004,C0004,37.11000,117.67000,0,70000000000.0,地表,191.91
HE,TW001,TW001,38.02000,115.55000,0,70000000000.0,地表,202.44
SD,M0014,M0014,37.51000,117.60000,0,70000000000.0,地表,180.00
HE,D0025,D0025,36.63000,115.19000,0,70000000000.0,地表,185.12
HE,A0081,A0081,37.75000,115.23000,0,70000000000.0,地表,182.57
SD,M000D,M000D,36.87000,117.61000,0,70000000000.0,地表,288.10
SD,PS001,PS001,36.24000,115.69000,0,70000000000.0,地表,212.11
SD,P0040,P0040,36.26000,115.65000,0,70000000000.0,地表,213.20
HE,DS001,DS001,36.55000,115.27000,0,70000000000.0,地表,219.59
SD,A0009,A0009,36.11000,116.45000,0,70000000000.0,地表,280.92
HE,ES001,ES001,37.08000,115.03000,0,70000000000.0,地表,188.48
SD,A0008,A0008,36.11000,116.29000,0,70000000000.0,地表,387.92
SD,N0032,N0032,37.70000,117.47000,0,70000000000.0,地表,212.75
HE,D0069,D0069,36.71000,115.16000,0,70000000000.0,地表,199.07
SD,J0013,J0013,36.14000,116.64000,0,70000000000.0,地表,275.24
SD,P0046,P0046,36.15000,116.00000,0,70000000000.0,地表,204.37
SD,P003D,P003D,36.30000,115.61000,0,70000000000.0,地表,206.49
HE,EP001,EP001,37.21000,115.04000,0,70000000000.0,地表,192.64
SD,FEIC,FEIC,36.17000,116.74000,0,70000000000.0,基岩,331.64
SD,M002B,M002B,37.58000,117.53000,0,70000000000.0,地表,193.27
SD,J000A,J000A,36.13000,116.19000,0,70000000000.0,地表,206.23
SD,QXT,QXT,36.49000,117.32000,0,70000000000.0,基岩,606.36
SD,P0032,P0032,36.42000,115.45000,0,70000000000.0,地表,180.00
HE,JS001,JS001,38.17000,116.12000,0,70000000000.0,地表,194.66
SD,P0044,P0044,36.35000,115.56000,0,70000000000.0,地表,203.59
SD,N0033,N0033,37.70000,117.43000,0,70000000000.0,地表,196.75
HE,D0067,D0067,36.89000,115.11000,0,70000000000.0,地表,184.92
SD,NI001,NI001,37.78000,117.36000,0,70000000000.0,地表,199.27
HE,E0003,E0003,37.36000,115.09000,0,70000000000.0,地表,204.34
HE,J0034,J0034,38.11000,116.80000,0,70000000000.0,地表,181.79
SD,J000F,J000F,36.22000,116.82000,0,70000000000.0,地表,269.75
SD,A001B,A001B,36.62000,117.41000,0,70000000000.0,地表,411.27
SD,PG002,PG002,36.52000,115.36000,0,70000000000.0,地表,219.00
SD,M0017,M0017,37.27000,117.60000,0,70000000000.0,地表,200.79
HE,J0059,J0059,37.90000,117.20000,0,70000000000.0,地表,207.20
SD,P004C,P004C,36.24000,115.84000,0,70000000000.0,地表,185.44
SD,P002F,P002F,36.56000,115.34000,0,70000000000.0,地表,194.71
HE,T0026,T0026,37.97000,115.60000,0,70000000000.0,地表,181.05
SD,J0010,J0010,36.18000,116.59000,0,70000000000.0,地表,216.63
HE,DP001,DP001,36.82000,115.17000,0,70000000000.0,地表,211.13
HE,T0032,T0032,38.07000,115.83000,0,70000000000.0,地表,186.27
SD,A000B,A000B,36.17000,116.47000,0,70000000000.0,地表,284.69
SD,A001E,A001E,36.81000,117.50000,0,70000000000.0,地表,207.67
HE,E0040,E0040,36.98000,115.12000,0,70000000000.0,地表,180.00
HE,TW002,TW002,37.90000,115.51000,0,70000000000.0,地表,187.09
SD,A000A,A000A,36.17000,116.27000,0,70000000000.0,地表,229.46
SD,J0014,J0014,36.21000,116.69000,0,70000000000.0,地表,255.50
HE,J0003,J0003,38.15000,116.36000,0,70000000000.0,地表,182.66
HE,J0035,J0035,38.02000,116.95000,0,70000000000.0,地表,209.81
HE,D0071,D0071,36.62000,115.32000,0,70000000000.0,地表,201.58
SD,P0047,P0047,36.24000,115.92000,0,70000000000.0,地表,185.68
HE,E0006,E0006,37.29000,115.13000,0,70000000000.0,地表,202.30
SD,P0022,P0022,36.20000,116.14000,0,70000000000.0,地表,180.00
SD,N0007,N0007,37.80000,117.26000,0,70000000000.0,地表,182.40
HE,J0012,J0012,38.11000,116.60000,0,70000000000.0,地表,180.00
SD,P003A,P003A,36.35000,115.68000,0,70000000000.0,地表,197.70
SD,P0050,P0050,36.23000,116.03000,0,70000000000.0,地表,198.45
SD,M0013,M0013,37.18000,117.54000,0,70000000000.0,地表,180.00
SD,A0031,A0031,36.52000,117.23000,0,70000000000.0,地表,382.23
HE,D0068,D0068,36.74000,115.27000,0,70000000000.0,地表,180.53
SD,A0022,A0022,36.94000,117.50000,0,70000000000.0,地表,218.58
HE,XIH,XIH,37.53000,115.24000,0,70000000000.0,基岩,209.02
SD,MH001,MH001,37.44000,117.48000,0,70000000000.0,地表,208.57
HE,T0028,T0028,37.82000,115.49000,0,70000000000.0,地表,180.00
SD,P004E,P004E,36.28000,115.91000,0,70000000000.0,地表,184.68
SD,A002F,A002F,36.44000,117.10000,0,70000000000.0,地表,459.36
HE,J0061,J0061,37.91000,117.06000,0,70000000000.0,地表,185.24
HE,BOT,BOT,38.10000,116.40000,0,70000000000.0,基岩,183.91
SD,P0038,P0038,36.49000,115.52000,0,70000000000.0,地表,215.72
SD,P0035,P0035,36.58000,115.42000,0,70000000000.0,地表,208.07
SD,A001D,A001D,36.73000,117.38000,0,70000000000.0,地表,236.16
HE,D0073,D0073,36.68000,115.34000,0,70000000000.0,地表,180.00
HE,D0070,D0070,36.83000,115.25000,0,70000000000.0,地表,200.10
HE,GAZ,GAZ,37.06000,115.18000,0,70000000000.0,基岩,180.00
SD,P0021,P0021,36.24000,116.14000,0,70000000000.0,地表,188.08
HE,TL001,TL001,38.04000,115.95000,0,70000000000.0,地表,196.87
SD,M000F,M000F,37.10000,117.50000,0,70000000000.0,地表,205.79
SD,M0010,M0010,37.03000,117.49000,0,70000000000.0,地表,216.42
SD,P0034,P0034,36.44000,115.61000,0,70000000000.0,地表,223.60
SD,MP001,MP001,37.04000,117.49000,0,70000000000.0,地表,197.60
SD,P0004,P0004,36.34000,115.80000,0,70000000000.0,地表,194.21
SD,A000C,A000C,36.24000,116.37000,0,70000000000.0,地表,312.89
HE,JQ001,JQ001,38.03000,116.71000,0,70000000000.0,地表,198.41
SD,P0008,P0008,36.40000,115.70000,0,70000000000.0,地表,190.84
SD,N0009,N0009,37.81000,117.15000,0,70000000000.0,地表,195.51
SD,M001B,M001B,37.22000,117.48000,0,70000000000.0,地表,180.00
HE,T0031,T0031,37.99000,115.86000,0,70000000000.0,地表,196.73
SD,M0029,M0029,37.59000,117.35000,0,70000000000.0,地表,207.43
HE,E0022,E0022,37.40000,115.24000,0,70000000000.0,地表,180.00
SD,NA001,NA001,37.73000,117.23000,0,70000000000.0,地表,197.28
SD,A001F,A001F,36.82000,117.39000,0,70000000000.0,地表,219.05
HE,J0036,J0036,38.00000,116.77000,0,70000000000.0,地表,195.60
SD,M0016,M0016,37.23000,117.47000,0,70000000000.0,地表,189.50
HE,E0001,E0001,37.17000,115.21000,0,70000000000.0,地表,198.47
HE,E0005,E0005,37.28000,115.22000,0,70000000000.0,地表,194.71
SD,NA002,NA002,37.63000,117.30000,0,70000000000.0,地表,186.87
HE,T0027,T0027,37.90000,115.70000,0,70000000000.0,地表,204.67
HE,E0026,E0026,37.34000,115.24000,0,70000000000.0,地表,188.90
SD,A0032,A0032,36.64000,117.25000,0,70000000000.0,地表,440.49
SD,A0020,A0020,36.90000,117.41000,0,70000000000.0,地表,208.98
SD,N0005,N0005,37.68000,117.25000,0,70000000000.0,地表,213.49
SD,AL002,AL002,36.69000,117.28000,0,70000000000.0,地表,293.44
SD,M002A,M002A,37.53000,117.35000,0,70000000000.0,地表,183.76
SD,M001A,M001A,37.44000,117.39000,0,70000000000.0,地表,209.17
HE,ET001,ET001,36.99000,115.26000,0,70000000000.0,地表,202.32
SD,A000E,A000E,36.29000,116.50000,0,70000000000.0,地表,372.79
SD,AL001,AL001,36.65000,117.23000,0,70000000000.0,地表,481.29
SD,AP001,AP001,36.29000,116.46000,0,70000000000.0,地表,435.46
HE,E0016,E0016,36.81000,115.34000,0,70000000000.0,地表,189.39
SD,AL003,AL003,36.65000,117.22000,0,70000000000.0,地表,450.03
SD,A000D,A000D,36.29000,116.39000,0,70000000000.0,地表,363.13
HE,T0015,T0015,37.64000,115.43000,0,70000000000.0,地表,192.96
SD,A0030,A0030,36.48000,117.01000,0,70000000000.0,地表,586.17
SD,P000F,P000F,36.33000,116.04000,0,70000000000.0,地表,189.45
HE,J0037,J0037,37.88000,116.94000,0,70000000000.0,地表,201.50
SD,P002E,P002E,36.50000,115.65000,0,70000000000.0,地表,198.67
HE,E0058,E0058,37.46000,115.33000,0,70000000000.0,地表,195.20
SD,P000E,P000E,36.35000,115.99000,0,70000000000.0,地表,206.46
SD,A0024,A0024,36.36000,116.71000,0,70000000000.0,地表,361.32
SD,A0033,A0033,36.67000,117.21000,0,70000000000.0,地表,308.39
SD,A0025,A0025,36.38000,116.77000,0,70000000000.0,地表,368.30
SD,M001D,M001D,37.41000,117.36000,0,70000000000.0,地表,187.20
HE,J0001,J0001,38.01000,116.30000,0,70000000000.0,地表,207.63
SD,P0010,P0010,36.38000,115.93000,0,70000000000.0,地表,191.56
HE,J0002,J0002,38.00000,116.21000,0,70000000000.0,地表,200.80
SD,P0002,P0002,36.40000,115.88000,0,70000000000.0,地表,213.73
SD,P0031,P0031,36.56000,115.60000,0,70000000000.0,地表,200.25
HE,E0054,E0054,37.08000,115.29000,0,70000000000.0,地表,195.16
HE,J0015,J0015,37.98000,116.59000,0,70000000000.0,地表,180.00
HE,T0036,T0036,37.93000,115.92000,0,70000000000.0,地表,196.66
SD,M000C,M000C,37.01000,117.37000,0,70000000000.0,地表,196.40
SD,P0009,P0009,36.44000,115.81000,0,70000000000.0,地表,204.23
HE,T0029,T0029,37.81000,115.68000,0,70000000000.0,地表,208.54
SD,N0003,N0003,37.60000,117.23000,0,70000000000.0,地表,180.00
SD,PD001,PD001,36.33000,116.24000,0,70000000000.0,地表,216.69
HE,E0015,E0015,36.86000,115.37000,0,70000000000.0,地表,180.00
SD,N0008,N0008,37.81000,116.99000,0,70000000000.0,地表,188.82
SD,A0028,A0028,36.45000,116.87000,0,70000000000.0,地表,465.66
SD,A0037,A0037,36.79000,117.26000,0,70000000000.0,地表,214.77
SD,A0007,A0007,37.17000,117.37000,0,70000000000.0,地表,185.75
SD,P000C,P000C,36.35000,116.17000,0,70000000000.0,地表,216.55
SD,A0027,A0027,36.44000,116.82000,0,70000000000.0,地表,515.95
SD,A0036,A0036,36.75000,117.22000,0,70000000000.0,地表,234.31
SD,AZ001,AZ001,36.54000,117.00000,0,70000000000.0,地表,428.48
HE,E0056,E0056,37.27000,115.33000,0,70000000000.0,地表,180.00
SD,A0021,A0021,36.92000,117.31000,0,70000000000.0,地表,200.28
SD,N0006,N0006,37.71000,117.09000,0,70000000000.0,地表,187.92
HE,E0053,E0053,36.96000,115.36000,0,70000000000.0,地表,220.67
HE,E0057,E0057,37.17000,115.33000,0,70000000000.0,地表,205.76
SD,A0012,A0012,37.27000,117.34000,0,70000000000.0,地表,184.65
SD,P0005,P0005,36.49000,115.78000,0,70000000000.0,地表,196.17
SD,A0026,A0026,36.39000,116.64000,0,70000000000.0,地表,365.05
HE,T0016,T0016,37.54000,115.45000,0,70000000000.0,地表,188.15
HE,T0005,T0005,37.96000,116.42000,0,70000000000.0,地表,188.24
SD,P0037,P0037,36.58000,115.65000,0,70000000000.0,地表,199.35
SD,A0015,A0015,37.39000,117.30000,0,70000000000.0,地表,180.00
SD,P0024,P0024,36.36000,116.32000,0,70000000000.0,地表,203.55
HE,EW001,EW001,37.38000,115.38000,0,70000000000.0,地表,207.01
SD,P000D,P000D,36.40000,116.04000,0,70000000000.0,地表,180.00
SD,P0030,P0030,36.64000,115.59000,0,70000000000.0,地表,196.29
SD,N0004,N0004,37.63000,117.14000,0,70000000000.0,地表,180.00
HE,E0013,E0013,36.77000,115.48000,0,70000000000.0,地表,210.83
HE,TAC,TAC,37.68000,115.59000,0,70000000000.0,基岩,196.28
HE,T0034,T0034,37.92000,116.06000,0,70000000000.0,地表,195.58
HE,J0016,J0016,37.87000,116.78000,0,70000000000.0,地表,188.54
SD,A0018,A0018,37.49000,117.24000,0,70000000000.0,地表,199.71
SD,A0034,A0034,36.74000,117.17000,0,70000000000.0,地表,287.20
SD,P0006,P0006,36.44000,115.95000,0,70000000000.0,地表,216.48
SD,P0023,P0023,36.38000,116.44000,0,70000000000.0,地表,180.00
SD,PG001,PG001,36.59000,115.67000,0,70000000000.0,地表,207.16
SD,SHH,SHH,37.20000,117.31000,0,70000000000.0,基岩,180.00
SD,P0015,P0015,36.70000,115.56000,0,70000000000.0,地表,208.06
SD,A003B,A003B,36.61000,117.02000,0,70000000000.0,地表,486.17
SD,A0039,A0039,36.67000,117.08000,0,70000000000.0,地表,363.56
SD,LCH,LCH,36.43000,116.04000,0,70000000000.0,基岩,207.58
SD,A002A,A002A,36.51000,116.84000,0,70000000000.0,地表,376.95
SD,N0049,N0049,36.42000,116.57000,0,70000000000.0,地表,223.13
SD,AZ002,AZ002,36.63000,117.01000,0,70000000000.0,地表,353.60
SD,A0023,A0023,36.97000,117.25000,0,70000000000.0,地表,211.37
HE,T0004,T0004,37.91000,116.38000,0,70000000000.0,地表,191.94
HE,EV001,EV001,36.87000,115.48000,0,70000000000.0,地表,204.69
SD,A0013,A0013,37.29000,117.26000,0,70000000000.0,地表,180.01
HE,T0017,T0017,37.45000,115.48000,0,70000000000.0,地表,196.33
SD,P0007,P0007,36.50000,115.91000,0,70000000000.0,地表,180.00
SD,P0033,P0033,36.64000,115.68000,0,70000000000.0,地表,216.27
SD,P000B,P000B,36.45000,116.07000,0,70000000000.0,地表,182.71
SD,AC001,AC001,36.53000,116.82000,0,70000000000.0,地表,510.45
SD,N0001,N0001,37.50000,117.16000,0,70000000000.0,地表,180.00
SD,A000F,A000F,37.18000,117.26000,0,70000000000.0,地表,180.00
HE,JL001,JL001,37.88000,116.53000,0,70000000000.0,地表,212.91
SD,P0016,P0016,36.75000,115.58000,0,70000000000.0,地表,216.01
SD,N0026,N0026,36.44000,116.52000,0,70000000000.0,地表,180.00
SD,A0038,A0038,36.82000,117.15000,0,70000000000.0,地表,229.62
HE,E0055,E0055,36.97000,115.46000,0,70000000000.0,地表,212.75
HE,E0023,E0023,37.27000,115.44000,0,70000000000.0,地表,180.00
SD,A003A,A003A,36.59000,116.90000,0,70000000000.0,地表,315.60
SD,A0029,A0029,36.49000,116.68000,0,70000000000.0,地表,218.02
HE,TK001,TK001,37.79000,115.90000,0,70000000000.0,地表,203.49
SD,P001F,P001F,36.45000,116.21000,0,70000000000.0,地表,182.62
HE,TB001,TB001,37.53000,115.57000,0,70000000000.0,地表,180.30
HE,T0035,T0035,37.82000,115.99000,0,70000000000.0,地表,191.05
SD,A0035,A0035,36.76000,117.08000,0,70000000000.0,地表,238.81
HE,FUC,FUC,37.86000,116.16000,0,70000000000.0,基岩,180.00
SD,N001C,N001C,37.65000,116.99000,0,70000000000.0,地表,188.15
SD,P0020,P0020,36.45000,116.37000,0,70000000000.0,地表,180.00
HE,T0030,T0030,37.71000,115.78000,0,70000000000.0,地表,180.00
SD,A002D,A002D,36.64000,116.92000,0,70000000000.0,地表,231.37
SD,P000A,P000A,36.51000,116.04000,0,70000000000.0,地表,191.17
SD,N0002,N0002,37.59000,117.02000,0,70000000000.0,地表,211.05
HE,EW002,EW002,37.19000,115.48000,0,70000000000.0,地表,180.00
SD,A0001,A0001,36.84000,117.10000,0,70000000000.0,地表,180.00
SD,P0003,P0003,36.58000,115.88000,0,70000000000.0,地表,203.01
HE,J0014,J0014,37.81000,116.62000,0,70000000000.0,地表,205.78
SD,A0016,A0016,37.41000,117.14000,0,70000000000.0,地表,207.89
SD,AJ001,AJ001,36.97000,117.16000,0,70000000000.0,地表,206.98
SD,N001E,N001E,37.75000,116.76000,0,70000000000.0,地表,180.00
SD,A003C,A003C,36.74000,117.00000,0,70000000000.0,地表,240.84
SD,A002B,A002B,36.59000,116.79000,0,70000000000.0,地表,239.56
SD,A0006,A0006,36.98000,117.15000,0,70000000000.0,地表,202.09
HE,T0014,T0014,37.37000,115.54000,0,70000000000.0,地表,192.80
SD,P0014,P0014,36.75000,115.68000,0,70000000000.0,地表,199.18
SD,NQ001,NQ001,36.51000,116.54000,0,70000000000.0,地表,207.01
SD,N0027,N0027,36.51000,116.52000,0,70000000000.0,地表,180.00
SD,AT001,AT001,36.71000,116.95000,0,70000000000.0,地表,237.27
SD,AS001,AS001,37.31000,117.15000,0,70000000000.0,地表,208.05
HE,E0014,E0014,36.87000,115.60000,0,70000000000.0,地表,185.03
HE,T0019,T0019,37.81000,116.27000,0,70000000000.0,地表,186.38
SD,P001D,P001D,36.58000,115.97000,0,70000000000.0,地表,198.70
HE,E0024,E0024,37.12000,115.53000,0,70000000000.0,地表,216.33
SD,A002C,A002C,36.60000,116.75000,0,70000000000.0,地表,189.06
SD,A002E,A002E,36.70000,116.91000,0,70000000000.0,地表,187.14
HE,T0033,T0033,37.71000,115.93000,0,70000000000.0,地表,196.23
SD,P0001,P0001,36.67000,115.83000,0,70000000000.0,地表,183.79
HE,E0025,E0025,37.30000,115.57000,0,70000000000.0,地表,180.00
SD,N0029,N0029,36.56000,116.58000,0,70000000000.0,地表,215.48
SD,NN001,NN001,37.67000,116.80000,0,70000000000.0,地表,190.38
SD,A0014,A0014,37.37000,117.08000,0,70000000000.0,地表,195.10
HE,E0021,E0021,37.22000,115.56000,0,70000000000.0,地表,180.00
HE,T0038,T0038,37.58000,115.76000,0,70000000000.0,地表,198.13
SD,A0010,A0010,37.19000,117.12000,0,70000000000.0,地表,197.18
HE,E0042,E0042,37.02000,115.58000,0,70000000000.0,地表,190.29
HE,J0013,J0013,37.77000,116.50000,0,70000000000.0,地表,205.17
SD,P0018,P0018,36.57000,116.10000,0,70000000000.0,地表,211.37
HE,T0020,T0020,37.78000,116.34000,0,70000000000.0,地表,211.58
SD,N0028,N0028,36.55000,116.47000,0,70000000000.0,地表,180.00
HE,E0012,E0012,36.84000,115.68000,0,70000000000.0,地表,223.15
SD,A0004,A0004,37.06000,117.10000,0,70000000000.0,地表,197.62
SD,P0011,P0011,36.77000,115.75000,0,70000000000.0,地表,180.00
SD,A0017,A0017,37.41000,117.04000,0,70000000000.0,地表,184.73
SD,P001E,P001E,36.65000,115.93000,0,70000000000.0,地表,197.46
SD,N001D,N001D,37.69000,116.71000,0,70000000000.0,地表,189.09
SD,A0011,A0011,37.27000,117.07000,0,70000000000.0,地表,211.57
SD,A0002,A0002,36.89000,117.00000,0,70000000000.0,地表,210.59
SD,P0012,P0012,36.74000,115.82000,0,70000000000.0,地表,180.00
SD,PL001,PL001,36.84000,115.72000,0,70000000000.0,地表,180.00
SD,N000E,N000E,37.47000,116.96000,0,70000000000.0,地表,205.18
SD,N002B,N002B,36.64000,116.66000,0,70000000000.0,地表,194.42
HE,TJ001,TJ001,37.49000,115.75000,0,70000000000.0,地表,180.00
SD,PC001,PC001,36.59000,116.26000,0,70000000000.0,地表,220.27
SD,P001A,P001A,36.59000,116.39000,0,70000000000.0,地表,212.43
HE,T0023,T0023,37.70000,116.12000,0,70000000000.0,地表,184.79
SD,P0019,P0019,36.60000,116.27000,0,70000000000.0,地表,220.27
SD,NL002,NL002,37.53000,116.87000,0,70000000000.0,地表,189.63
HE,E0011,E0011,36.90000,115.72000,0,70000000000.0,地表,180.00
HE,EU001,EU001,37.07000,115.65000,0,70000000000.0,地表,212.91
HE,T0037,T0037,37.41000,115.72000,0,70000000000.0,地表,190.71
SD,N002F,N002F,36.88000,116.93000,0,70000000000.0,地表,189.70
HE,E0041,E0041,37.14000,115.66000,0,70000000000.0,地表,191.02
HE,J0052,J0052,37.68000,116.54000,0,70000000000.0,地表,180.00
SD,N002D,N002D,36.74000,116.77000,0,70000000000.0,地表,208.58
SD,N001B,N001B,37.62000,116.70000,0,70000000000.0,地表,203.19
SD,N002A,N002A,36.63000,116.47000,0,70000000000.0,地表,190.66
SD,NQ002,NQ002,36.74000,116.76000,0,70000000000.0,地表,196.93
SD,N0019,N0019,37.52000,116.84000,0,70000000000.0,地表,180.00
SD,A0003,A0003,36.96000,116.96000,0,70000000000.0,地表,200.21
HE,TQ001,TQ001,37.69000,116.25000,0,70000000000.0,地表,217.11
SD,A0005,A0005,37.08000,117.00000,0,70000000000.0,地表,198.47
SD,P001B,P001B,36.63000,116.29000,0,70000000000.0,地表,201.04
HE,T0018,T0018,37.57000,115.92000,0,70000000000.0,地表,209.62
SD,N000C,N000C,37.19000,117.00000,0,70000000000.0,地表,197.73
SD,N000F,N000F,37.34000,116.96000,0,70000000000.0,地表,206.67
SD,P001C,P001C,36.67000,116.13000,0,70000000000.0,地表,180.00
SD,P0013,P0013,36.83000,115.86000,0,70000000000.0,地表,211.92
SD,N000D,N000D,37.26000,116.96000,0,70000000000.0,地表,193.49
HE,TJ002,TJ002,37.30000,115.74000,0,70000000000.0,地表,180.00
SD,P0017,P0017,36.79000,115.93000,0,70000000000.0,地表,205.49
SD,N001A,N001A,37.60000,116.61000,0,70000000000.0,地表,180.00
SD,N0015,N0015,37.44000,116.84000,0,70000000000.0,地表,201.43
SD,N002C,N002C,36.73000,116.62000,0,70000000000.0,地表,189.31
HE,E0043,E0043,37.00000,115.77000,0,70000000000.0,地表,203.12
SD,N000A,N000A,37.04000,116.92000,0,70000000000.0,地表,212.53
HE,J0051,J0051,37.62000,116.51000,0,70000000000.0,地表,196.37
SD,N0010,N0010,37.30000,116.91000,0,70000000000.0,地表,220.19
HE,ZAQ,ZAQ,37.44000,115.86000,0,70000000000.0,基岩,207.04
HE,JR001,JR001,37.63000,116.39000,0,70000000000.0,地表,199.10
SD,N003F,N003F,36.95000,115.82000,0,70000000000.0,地表,206.89
HE,T0022,T0022,37.58000,116.09000,0,70000000000.0,地表,193.04
SD,N0018,N0018,37.48000,116.75000,0,70000000000.0,地表,190.36
SD,N0030,N0030,36.90000,116.81000,0,70000000000.0,地表,180.00
HE,T0009,T0009,37.16000,115.77000,0,70000000000.0,地表,198.27
SD,N0044,N0044,36.72000,116.47000,0,70000000000.0,地表,180.00
SD,P002A,P002A,36.76000,116.08000,0,70000000000.0,地表,221.95
SD,P0029,P0029,36.71000,116.33000,0,70000000000.0,地表,206.20
SD,N002E,N002E,36.81000,116.68000,0,70000000000.0,地表,180.00
SD,N0013,N0013,37.36000,116.82000,0,70000000000.0,地表,182.67
SD,NY001,NY001,37.21000,116.87000,0,70000000000.0,地表,211.81
HE,T0006,T0006,37.46000,115.96000,0,70000000000.0,地表,208.02
HE,T0010,T0010,37.32000,115.87000,0,70000000000.0,地表,186.26
SD,N003D,N003D,36.91000,115.94000,0,70000000000.0,地表,186.08
SD,N0045,N0045,36.79000,116.55000,0,70000000000.0,地表,198.65
HE,T0011,T0011,37.25000,115.86000,0,70000000000.0,地表,191.50
SD,N0031,N0031,36.98000,116.77000,0,70000000000.0,地表,186.36
HE,TP001,TP001,37.38000,115.94000,0,70000000000.0,地表,195.87
SD,N0051,N0051,37.54000,116.31000,0,70000000000.0,地表,190.77
HE,T0021,T0021,37.53000,116.26000,0,70000000000.0,地表,185.85
SD,P0027,P0027,36.80000,116.22000,0,70000000000.0,地表,203.91
HE,T0008,T0008,37.16000,115.88000,0,70000000000.0,地表,202.76
SD,N0042,N0042,37.02000,115.92000,0,70000000000.0,地表,195.28
SD,N0017,N0017,37.46000,116.59000,0,70000000000.0,地表,185.44
SD,N0039,N0039,37.15000,115.89000,0,70000000000.0,地表,221.31
SD,N0046,N0046,36.81000,116.43000,0,70000000000.0,地表,194.73
SD,P002B,P002B,36.86000,116.10000,0,70000000000.0,地表,224.10
SD,N0050,N0050,37.48000,116.53000,0,70000000000.0,地表,180.00
SD,N0014,N0014,37.37000,116.69000,0,70000000000.0,地表,197.77
HE,T0013,T0013,37.44000,116.08000,0,70000000000.0,地表,210.34
SD,N000B,N000B,37.08000,116.76000,0,70000000000.0,地表,193.22
SD,NX001,NX001,36.94000,116.01000,0,70000000000.0,地表,208.61
SD,P002C,P002C,36.83000,116.34000,0,70000000000.0,地表,180.19
SD,N0047,N0047,36.87000,116.53000,0,70000000000.0,地表,192.86
SD,N0016,N0016,37.44000,116.55000,0,70000000000.0,地表,192.89
SD,N0041,N0041,37.03000,115.97000,0,70000000000.0,地表,197.62
SD,N003E,N003E,36.90000,116.10000,0,70000000000.0,地表,212.12
SD,P0026,P0026,36.87000,116.17000,0,70000000000.0,地表,209.50
SD,YCH,YCH,36.95000,116.64000,0,70000000000.0,基岩,203.42
SD,PT001,PT001,36.85000,116.25000,0,70000000000.0,地表,200.91
SD,N003A,N003A,37.22000,115.96000,0,70000000000.0,地表,210.00
HE,T0012,T0012,37.43000,116.18000,0,70000000000.0,地表,204.60
SD,N004F,N004F,37.45000,116.27000,0,70000000000.0,地表,180.00
SD,DZH,DZH,37.45000,116.30000,0,70000000000.0,基岩,202.65
HE,T0007,T0007,37.38000,116.11000,0,70000000000.0,地表,199.05
SD,N004A,N004A,37.10000,116.69000,0,70000000000.0,地表,198.46
SD,N0038,N0038,37.12000,115.99000,0,70000000000.0,地表,204.70
SD,N004E,N004E,37.44000,116.39000,0,70000000000.0,地表,180.00
SD,N003C,N003C,37.33000,116.07000,0,70000000000.0,地表,216.21
SD,N004D,N004D,37.42000,116.28000,0,70000000000.0,地表,197.11
SD,N0048,N0048,36.93000,116.49000,0,70000000000.0,地表,182.68
SD,P0025,P0025,36.91000,116.41000,0,70000000000.0,地表,205.69
SD,NL001,NL001,37.34000,116.56000,0,70000000000.0,地表,219.10
SD,ND001,ND001,37.20000,116.05000,0,70000000000.0,地表,201.13
SD,N004C,N004C,37.39000,116.40000,0,70000000000.0,地表,205.33
SD,P0028,P0028,36.97000,116.21000,0,70000000000.0,地表,180.00
SD,N0012,N0012,37.32000,116.45000,0,70000000000.0,地表,191.92
SD,N0043,N0043,37.09000,116.14000,0,70000000000.0,地表,201.05
SD,N004B,N004B,37.33000,116.34000,0,70000000000.0,地表,191.30
SD,N0024,N0024,37.25000,116.49000,0,70000000000.0,地表,207.65
SD,N001F,N001F,37.04000,116.25000,0,70000000000.0,地表,180.00
SD,N0020,N0020,37.04000,116.40000,0,70000000000.0,地表,190.25
SD,N003B,N003B,37.25000,116.24000,0,70000000000.0,地表,190.68
SD,NP001,NP001,37.16000,116.43000,0,70000000000.0,地表,215.01
YN,D0408,D0408,25.32000,103.50000,0,70000000000.0,地表,289.87
YN,A2902,A2902,25.75000,103.43000,0,70000000000.0,地表,407.13
YN,DQ001,DQ001,25.31000,103.87000,0,70000000000.0,地表,355.68
YN,D2632,D2632,25.88000,103.43000,0,70000000000.0,地表,627.81
YN,D0201,D0201,25.37000,103.93000,0,70000000000.0,地表,346.13
YN,D2631,D2631,25.97000,103.54000,0,70000000000.0,地表,506.58
YN,D0202,D0202,25.53000,103.73000,0,70000000000.0,地表,300.83
YN,DZ001,DZ001,26.00000,103.60000,0,70000000000.0,地表,603.95
YN,D0304,D0304,25.79000,103.61000,0,70000000000.0,地表,401.27
YN,D8107,D8107,26.30000,104.24000,0,70000000000.0,地表,488.08
YN,D0205,D0205,25.52000,103.90000,0,70000000000.0,地表,729.66
YN,D0305,D0305,25.90000,103.67000,0,70000000000.0,地表,541.84
YN,D2511,D2511,25.59000,104.25000,0,70000000000.0,地表,772.91
YN,D8110,D8110,26.17000,104.00000,0,70000000000.0,地表,530.18
YN,D0307,D0307,25.75000,103.85000,0,70000000000.0,地表,310.82
YN,DF002,DF002,25.68000,104.25000,0,70000000000.0,地表,599.87
YN,D0301,D0301,25.65000,104.02000,0,70000000000.0,地表,356.05
YN,D8109,D8109,26.07000,103.96000,0,70000000000.0,地表,426.20
YN,DXW01,DXW01,26.09000,104.14000,0,70000000000.0,基岩,875.11
YN,D0310,D0310,25.73000,104.04000,0,70000000000.0,地表,669.45
YN,D0309,D0309,25.86000,103.93000,0,70000000000.0,地表,311.18
YN,D0302,D0302,25.83000,104.11000,0,70000000000.0,地表,631.35
YN,D0308,D0308,25.90000,104.04000,0,70000000000.0,地表,500.16
HI,C0019,C0019,19.39000,110.49000,0,70000000000.0,地表,391.72
GD,K8206,K8206,21.98000,110.55000,0,70000000000.0,地表,316.72
GD,K8216,K8216,22.08000,110.42000,0,70000000000.0,地表,474.81
HI,C0008,C0008,19.47000,110.43000,0,70000000000.0,地表,565.67
HI,AQ004,AQ004,19.63000,110.57000,0,70000000000.0,地表,387.55
HI,C0010,C0010,19.44000,110.36000,0,70000000000.0,地表,449.11
HI,A0002,A0002,19.60000,110.50000,0,70000000000.0,地表,411.06
GX,PS002,PS002,21.92000,107.72000,0,70000000000.0,地表,320.90
HI,AQ003,AQ003,19.72000,110.55000,0,70000000000.0,地表,260.72
GD,K8221,K8221,21.89000,110.41000,0,70000000000.0,地表,405.49
HI,C0009,C0009,19.58000,110.39000,0,70000000000.0,地表,390.71
GD,K8205,K8205,21.70000,110.52000,0,70000000000.0,地表,312.35
GD,G8111,G8111,21.89000,110.34000,0,70000000000.0,地表,252.81
HI,C0025,C0025,19.49000,110.19000,0,70000000000.0,地表,519.70
HI,AQ002,AQ002,19.82000,110.50000,0,70000000000.0,地表,240.01
HI,D0020,D0020,19.26000,109.77000,0,70000000000.0,地表,322.69
GD,K8203,K8203,21.55000,110.52000,0,70000000000.0,地表,313.04
HI,C0024,C0024,19.43000,110.06000,0,70000000000.0,地表,900.00
GD,K8218,K8218,21.70000,110.39000,0,70000000000.0,地表,250.09
GD,G8308,G8308,21.48000,110.51000,0,70000000000.0,地表,354.36
HI,DB001,DB001,19.23000,109.45000,0,70000000000.0,地表,615.60
HI,AQ001,AQ001,19.89000,110.41000,0,70000000000.0,地表,414.16
HI,A0001,A0001,19.99000,110.47000,0,70000000000.0,地表,244.36
GD,G8105,G8105,21.74000,110.24000,0,70000000000.0,地表,378.41
GD,G0403,G0403,21.38000,110.50000,0,70000000000.0,地表,234.98
HI,C0004,C0004,19.55000,110.05000,0,70000000000.0,地表,330.54
GX,K0004,K0004,22.02000,109.83000,0,70000000000.0,地表,273.88
GD,G8107,G8107,21.51000,110.40000,0,70000000000.0,地表,335.23
GD,G0307,G0307,21.31000,110.50000,0,70000000000.0,地表,233.98
HI,C0002,C0002,19.47000,109.88000,0,70000000000.0,地表,463.38
HI,C0005,C0005,19.72000,110.20000,0,70000000000.0,地表,357.18
GD,G0402,G0402,21.39000,110.45000,0,70000000000.0,地表,317.63
GD,G0401,G0401,21.11000,110.56000,0,70000000000.0,地表,290.95
HI,D0009,D0009,19.30000,108.86000,0,70000000000.0,地表,760.89
GD,G8113,G8113,21.76000,110.12000,0,70000000000.0,地表,338.27
GD,G8117,G8117,21.86000,109.99000,0,70000000000.0,地表,307.70
HI,D0003,D0003,19.30000,109.24000,0,70000000000.0,地表,423.16
GD,G8110,G8110,21.52000,110.33000,0,70000000000.0,地表,303.43
HI,C0003,C0003,19.71000,110.10000,0,70000000000.0,地表,624.20
GX,N0004,N0004,22.12000,109.14000,0,70000000000.0,地表,285.93
GD,GP001,GP001,21.24000,110.45000,0,70000000000.0,地表,267.65
HI,D0002,D0002,19.37000,109.44000,0,70000000000.0,地表,679.66
GD,G0301,G0301,21.30000,110.41000,0,70000000000.0,地表,600.00
GD,G2512,G2512,20.48000,110.51000,0,70000000000.0,地表,265.08
GD,G8112,G8112,21.67000,110.13000,0,70000000000.0,地表,404.62
HI,C0006,C0006,19.57000,109.86000,0,70000000000.0,地表,419.29
HI,F0005,F0005,19.43000,109.55000,0,70000000000.0,地表,370.42
GD,G0306,G0306,21.22000,110.42000,0,70000000000.0,地表,600.00
HI,D0001,D0001,19.36000,109.07000,0,70000000000.0,地表,515.10
GD,XWQ,XWQ,20.44000,110.46000,0,70000000000.0,基岩,430.04
HI,AX001,AX001,20.01000,110.27000,0,70000000000.0,地表,320.35
GD,G0202,G0202,21.26000,110.37000,0,70000000000.0,地表,347.78
GD,G0304,G0304,21.23000,110.38000,0,70000000000.0,地表,290.81
GD,GX001,GX001,21.21000,110.38000,0,70000000000.0,地表,467.21
GD,G2515,G2515,20.61000,110.47000,0,70000000000.0,地表,269.32
GD,G0201,G0201,21.28000,110.34000,0,70000000000.0,地表,561.40
GD,G2513,G2513,20.51000,110.45000,0,70000000000.0,地表,313.83
GD,G2314,G2314,21.47000,110.22000,0,70000000000.0,地表,385.14
GD,G0203,G0203,21.27000,110.34000,0,70000000000.0,地表,454.71
GD,G1102,G1102,21.31000,110.31000,0,70000000000.0,地表,302.74
GD,G2504,G2504,20.56000,110.44000,0,70000000000.0,地表,448.84
GX,P0003,P0003,21.55000,108.01000,0,70000000000.0,地表,347.95
HI,A0003,A0003,20.00000,110.21000,0,70000000000.0,地表,364.36
HI,NAD,NAD,19.52000,109.58000,0,70000000000.0,基岩,488.44
GD,G0305,G0305,21.17000,110.36000,0,70000000000.0,地表,538.00
GD,G2514,G2514,20.64000,110.44000,0,70000000000.0,地表,235.89
GX,PF001,PF001,21.75000,108.24000,0,70000000000.0,地表,301.12
GD,G8114,G8114,21.52000,110.14000,0,70000000000.0,地表,574.59
HI,F0007,F0007,19.45000,109.24000,0,70000000000.0,地表,402.04
GD,G8115,G8115,21.58000,110.06000,0,70000000000.0,地表,329.99
GX,N0001,N0001,21.90000,108.59000,0,70000000000.0,地表,220.11
HI,CC002,CC002,19.95000,110.12000,0,70000000000.0,地表,422.02
GD,G1103,G1103,21.20000,110.30000,0,70000000000.0,地表,799.98
GD,G2505,G2505,20.32000,110.32000,0,70000000000.0,地表,384.13
HI,C0013,C0013,19.65000,109.73000,0,70000000000.0,地表,255.79
GD,G2502,G2502,20.63000,110.38000,0,70000000000.0,地表,297.16
GD,G2501,G2501,20.28000,110.29000,0,70000000000.0,地表,360.85
GD,G2509,G2509,20.48000,110.35000,0,70000000000.0,地表,603.86
GD,G1101,G1101,21.14000,110.29000,0,70000000000.0,地表,802.33
HI,F0003,F0003,19.51000,108.95000,0,70000000000.0,地表,336.41
GX,N0002,N0002,21.87000,108.66000,0,70000000000.0,地表,421.19
GD,G2316,G2316,21.38000,110.15000,0,70000000000.0,地表,265.21
GD,G8202,G8202,20.79000,110.35000,0,70000000000.0,地表,238.95
GD,G2313,G2313,21.27000,110.21000,0,70000000000.0,地表,561.39
GD,KFQ,KFQ,21.01000,110.31000,0,70000000000.0,基岩,338.87
HI,F0004,F0004,19.61000,109.55000,0,70000000000.0,地表,445.29
GD,G8109,G8109,21.63000,109.90000,0,70000000000.0,地表,282.70
HI,C0001,C0001,19.84000,109.93000,0,70000000000.0,地表,388.51
GX,E0002,E0002,21.84000,109.42000,0,70000000000.0,地表,295.30
GD,G8101,G8101,21.46000,110.01000,0,70000000000.0,地表,335.73
GX,P0001,P0001,21.67000,108.38000,0,70000000000.0,地表,304.70
HI,CL001,CL001,19.78000,109.77000,0,70000000000.0,地表,620.00
HI,C0014,C0014,19.75000,109.71000,0,70000000000.0,地表,486.76
HI,C0017,C0017,19.70000,109.61000,0,70000000000.0,地表,260.09
GD,G2309,G2309,21.12000,110.19000,0,70000000000.0,地表,380.48
HI,F0001,F0001,19.67000,109.48000,0,70000000000.0,地表,394.69
GD,G2511,G2511,20.46000,110.22000,0,70000000000.0,地表,558.86
GD,GX003,GX003,20.34000,110.18000,0,70000000000.0,地表,307.59
HI,CMQT,CMQT,19.95000,109.92000,0,70000000000.0,基岩,326.71
GD,G8104,G8104,21.59000,109.80000,0,70000000000.0,地表,326.79
GD,GX002,GX002,20.23000,110.11000,0,70000000000.0,地表,205.69
HI,F0006,F0006,19.65000,109.29000,0,70000000000.0,地表,418.93
GD,G0302,G0302,20.95000,110.20000,0,70000000000.0,地表,206.92
GD,G8207,G8207,20.74000,110.22000,0,70000000000.0,地表,732.72
GX,P0002,P0002,21.65000,108.49000,0,70000000000.0,地表,349.13
GD,G2311,G2311,21.36000,109.99000,0,70000000000.0,地表,387.83
GD,GL004,GL004,21.53000,109.82000,0,70000000000.0,地表,259.02
GD,G8102,G8102,21.50000,109.83000,0,70000000000.0,地表,581.97
GD,G2508,G2508,20.35000,110.12000,0,70000000000.0,地表,522.83
GD,GS001,GS001,21.18000,110.08000,0,70000000000.0,地表,267.12
GD,LZO,LZO,20.58000,110.18000,0,70000000000.0,基岩,900.00
HI,C0015,C0015,19.95000,109.83000,0,70000000000.0,地表,274.93
GD,G2507,G2507,20.34000,110.11000,0,70000000000.0,地表,418.41
GX,E0003,E0003,21.77000,109.04000,0,70000000000.0,地表,335.79
HI,C0016,C0016,19.83000,109.66000,0,70000000000.0,地表,390.79
GD,G8203,G8203,20.95000,110.15000,0,70000000000.0,地表,221.75
HI,EY001,EY001,19.74000,109.22000,0,70000000000.0,地表,600.00
GD,G2303,G2303,21.18000,110.00000,0,70000000000.0,地表,229.35
HI,SLL,SLL,19.80000,109.42000,0,70000000000.0,基岩,567.49
GD,GL006,GL006,20.94000,110.08000,0,70000000000.0,地表,408.41
GD,G8208,G8208,20.68000,110.10000,0,70000000000.0,地表,766.64
GD,G2315,G2315,21.28000,109.91000,0,70000000000.0,地表,224.08
GD,G2302,G2302,21.24000,109.93000,0,70000000000.0,地表,232.00
GD,G8205,G8205,21.00000,110.04000,0,70000000000.0,地表,288.90
GD,G8209,G8209,20.80000,110.08000,0,70000000000.0,地表,296.98
GD,G2506,G2506,20.33000,109.99000,0,70000000000.0,地表,388.37
HI,C0012,C0012,19.95000,109.66000,0,70000000000.0,地表,637.16
GD,G8206,G8206,20.94000,110.05000,0,70000000000.0,地表,329.23
HI,C0018,C0018,19.88000,109.53000,0,70000000000.0,地表,243.26
GD,G2503,G2503,20.29000,109.96000,0,70000000000.0,地表,290.73
GD,G2304,G2304,21.25000,109.85000,0,70000000000.0,地表,258.42
GD,G8214,G8214,20.55000,110.01000,0,70000000000.0,地表,370.00
GD,GL002,GL002,20.69000,110.02000,0,70000000000.0,地表,258.99
GD,G8210,G8210,20.83000,110.01000,0,70000000000.0,地表,387.48
GD,XWX,XWX,20.35000,109.93000,0,70000000000.0,基岩,251.28
GD,SXI,SXI,21.31000,109.78000,0,70000000000.0,基岩,351.80
HI,F0002,F0002,19.86000,109.26000,0,70000000000.0,地表,731.96
GD,G8212,G8212,21.10000,109.91000,0,70000000000.0,地表,316.74
GD,G2510,G2510,20.37000,109.89000,0,70000000000.0,地表,352.84
GD,G8213,G8213,20.86000,109.91000,0,70000000000.0,地表,243.07
GD,G2312,G2312,21.13000,109.77000,0,70000000000.0,地表,478.25
GD,G8211,G8211,20.59000,109.88000,0,70000000000.0,地表,424.06
GD,G8201,G8201,20.66000,109.85000,0,70000000000.0,地表,342.19
GD,GL001,GL001,20.95000,109.78000,0,70000000000.0,地表,306.21
GD,GL003,GL003,20.77000,109.76000,0,70000000000.0,地表,439.01
YN,C2110,C2110台,27.20000,103.55000,0,70000000000.0,地表,359.18
YN,C2109,C2109台,27.22000,103.60000,0,70000000000.0,地表,326.84
GZ,F0007,F0007,27.09000,103.83000,0,70000000000.0,地表,300.47
YN,C2101,C2101台,27.43000,103.44000,0,70000000000.0,地表,350.03
YN,C0207,C0207台,27.21000,103.71000,0,70000000000.0,地表,304.87
YN,C0205,C0205台,27.32000,103.58000,0,70000000000.0,地表,212.22
YN,C0214,C0214台,27.49000,103.48000,0,70000000000.0,地表,601.04
YN,C0206,C0206台,27.38000,103.60000,0,70000000000.0,地表,604.57
YN,C2503,C2503台,27.51000,103.52000,0,70000000000.0,地表,406.36
YN,C0213,C0213台,27.45000,103.63000,0,70000000000.0,地表,409.60
YN,C0210,C0210台,27.35000,103.80000,0,70000000000.0,地表,436.99
YN,C2505,C2505台,27.76000,103.50000,0,70000000000.0,地表,900.00
GZ,C0003,C0003,28.33000,106.22000,0,70000000000.0,地表,900.00
YN,C2510,C2510台,28.11000,103.50000,0,70000000000.0,地表,900.00
YN,C0212,C0212台,27.54000,103.87000,0,70000000000.0,地表,291.60
GZ,F0002,F0002,27.30000,105.27000,0,70000000000.0,地表,628.63
YN,C2802,C2802台,27.38000,104.26000,0,70000000000.0,地表,709.87
YN,C2506,C2506台,27.82000,103.73000,0,70000000000.0,地表,802.75
YN,C2406,C2406台,27.82000,103.78000,0,70000000000.0,地表,900.00
YN,C2405,C2405台,27.85000,103.87000,0,70000000000.0,地表,744.04
YN,C2814,C2814台,27.77000,104.26000,0,70000000000.0,地表,350.89
YN,C2811,C2811台,27.77000,104.38000,0,70000000000.0,地表,586.82
YN,C2304,C2304台,28.04000,104.12000,0,70000000000.0,地表,900.00
YN,C2302,C2302台,28.15000,104.09000,0,70000000000.0,地表,427.98
YN,C2303,C2303台,28.18000,104.16000,0,70000000000.0,地表,582.33
YN,C2301,C2301台,28.25000,104.17000,0,70000000000.0,地表,552.33
YN,C2311,C2311台,28.21000,104.26000,0,70000000000.0,地表,482.50
YN,C2309,C2309台,28.26000,104.38000,0,70000000000.0,地表,660.86
SC,V2412,V2412,28.65000,101.92000,0,70000000000.0,地表,900.00
SC,V2471,V2471台,28.82000,101.63000,0,70000000000.0,地表,900.00
SC,V2413,V2413,28.89000,101.83000,0,70000000000.0,地表,900.00
SC,V2404,V2404,29.18000,101.47000,0,70000000000.0,地表,900.00
SC,TS003,TS003,29.28000,102.27000,0,70000000000.0,地表,900.00
SC,T2404,石棉挖角台,29.43000,102.23000,0,70000000000.0,地表,900.00
SC,SMCK,SMCK,29.42000,102.14000,0,70000000000.0,基岩,900.00
SC,W3317,W3317,28.41000,101.85000,0,70000000000.0,地表,900.00
SC,T2309,T2309,29.31000,102.68000,0,70000000000.0,地表,900.00
SC,T2312,T2312,29.27000,102.62000,0,70000000000.0,地表,848.36
SC,HYFL,HYFL,29.36000,102.62000,0,70000000000.0,基岩,900.00
SC,SMML,SMML,29.30000,102.46000,0,70000000000.0,基岩,803.80
SC,T2408,T2408,29.28000,102.41000,0,70000000000.0,地表,900.00
GZ,F0003,F0003,26.78000,105.37000,0,70000000000.0,地表,338.00
GZ,CR001,CR001,27.79000,106.39000,0,70000000000.0,地表,900.00
YN,QF002,QF002,26.90000,98.86000,0,70000000000.0,地表,596.98
SC,WD001,WD001,27.20000,102.08000,0,70000000000.0,地表,791.83
SC,D2109,D2109,26.94000,102.01000,0,70000000000.0,地表,900.00
YN,D2602,D2602台,26.64000,103.70000,0,70000000000.0,地表,689.83
SC,D2110,D2110,26.94000,102.14000,0,70000000000.0,地表,835.34
SC,W2514,W2514,27.04000,102.26000,0,70000000000.0,地表,900.00
SC,WL004,WL004,26.90000,102.28000,0,70000000000.0,地表,656.03
YN,D2606,D2606台,26.80000,103.50000,0,70000000000.0,地表,338.25
YN,C2217,C2217台,27.32000,103.06000,0,70000000000.0,地表,900.00
YN,C2104,C2104台,27.17000,103.28000,0,70000000000.0,地表,900.00
SC,WL002,WL002,26.75000,102.46000,0,70000000000.0,地表,511.55
YN,C2214,C2214台,27.11000,103.26000,0,70000000000.0,地表,900.00
YN,C2202,C2202台,27.23000,102.92000,0,70000000000.0,地表,900.00
YN,C2210,C2210台,26.98000,103.33000,0,70000000000.0,地表,900.00
YN,D2607,D2607台,26.69000,103.33000,0,70000000000.0,地表,414.88
SC,HDXCH,HDXCH,26.60000,102.61000,0,70000000000.0,基岩,678.74
YN,C2209,C2209台,26.93000,103.28000,0,70000000000.0,地表,889.92
YN,C2208,C2208台,26.76000,103.25000,0,70000000000.0,地表,424.06
YN,C2211,C2211台,26.95000,103.23000,0,70000000000.0,地表,690.88
YN,C2206,C2206台,26.57000,103.05000,0,70000000000.0,地表,900.00
YN,C2207,C2207台,26.67000,103.18000,0,70000000000.0,地表,660.05
YN,C2213,C2213台,26.94000,103.04000,0,70000000000.0,地表,900.00
XZ,CAD,CAD,31.13000,97.17000,0,70000000000.0,基岩,441.33
XZ,DQI,DQI,31.41000,95.64000,0,70000000000.0,基岩,808.14
XZ,BSD01,BSD01,31.22000,96.60000,0,70000000000.0,地表,467.02
XZ,B0002,B0002,30.74000,95.83000,0,70000000000.0,地表,651.41
GD,J0508,J0508,22.36000,113.11000,0,70000000000.0,地表,473.23
GD,JX001,JX001,22.47000,113.04000,0,70000000000.0,地表,223.40
GD,J0504,J0504,22.48000,113.03000,0,70000000000.0,地表,218.96
GD,C0304,C0304,22.37000,113.20000,0,70000000000.0,地表,205.65
GD,J0404,J0404,22.51000,113.07000,0,70000000000.0,地表,180.20
GD,J0512,J0512,22.55000,113.03000,0,70000000000.0,地表,900.00
GD,J0506,J0506,22.47000,113.13000,0,70000000000.0,地表,209.88
FJ,F4004,F4004,25.14000,115.99000,0,70000000000.0,地表,353.26
GD,J0301,J0301,22.60000,113.03000,0,70000000000.0,地表,365.04
GD,J0501,J0501,22.48000,113.22000,0,70000000000.0,地表,211.12
GD,J0402,J0402,22.58000,113.11000,0,70000000000.0,地表,700.18
JX,BH001,BH001,25.26000,115.74000,0,70000000000.0,地表,300.97
GD,T0001,T0001,22.49000,113.26000,0,70000000000.0,地表,356.57
GD,T0006,T0006,22.57000,113.22000,0,70000000000.0,地表,222.52
GD,T0011,T0011,22.50000,113.32000,0,70000000000.0,地表,241.10
FJ,F4005,F4005,24.95000,115.94000,0,70000000000.0,地表,900.00
GD,T0015,T0015,22.53000,113.35000,0,70000000000.0,地表,293.56
GD,T0013,T0013,22.51000,113.38000,0,70000000000.0,地表,338.21
GD,M2602,M2602,24.89000,115.96000,0,70000000000.0,地表,900.00
GD,T0003,T0003,22.59000,113.30000,0,70000000000.0,地表,226.23
GD,MP001,MP001,24.88000,115.94000,0,70000000000.0,地表,344.62
GD,T0002,T0002,22.50000,113.45000,0,70000000000.0,地表,591.92
GD,CX002,CX002,22.41000,113.64000,0,70000000000.0,地表,900.00
GD,T0005,T0005,22.58000,113.40000,0,70000000000.0,地表,208.81
GD,T0009,T0009,22.50000,113.56000,0,70000000000.0,地表,369.69
GD,TH001,TH001,22.56000,113.47000,0,70000000000.0,地表,227.51
GD,N8105,N8105,22.83000,115.86000,0,70000000000.0,地表,426.77
GD,M2604,M2604,24.69000,115.96000,0,70000000000.0,地表,419.58
JX,BA001,BA001,25.20000,115.33000,0,70000000000.0,地表,663.72
JX,BX001,BX001,25.04000,115.58000,0,70000000000.0,地表,653.53
JX,B0004,B0004,24.96000,115.65000,0,70000000000.0,地表,674.67
GD,M2603,M2603,24.74000,115.80000,0,70000000000.0,地表,535.05
GD,FY001,FY001,24.78000,113.29000,0,70000000000.0,地表,848.86
GD,M2611,M2611,24.66000,115.83000,0,70000000000.0,地表,865.61
GD,MP002,MP002,24.57000,115.88000,0,70000000000.0,地表,606.30
GD,M2605,M2605,24.57000,115.88000,0,70000000000.0,地表,606.30
GD,N8106,N8106,22.89000,115.69000,0,70000000000.0,地表,900.00
GD,VP002,VP002,23.25000,115.93000,0,70000000000.0,地表,854.09
GD,N0203,N0203,22.79000,115.54000,0,70000000000.0,地表,900.00
GD,N0201,N0201,22.74000,115.46000,0,70000000000.0,地表,639.91
GD,BB001,BB001,22.57000,113.88000,0,70000000000.0,地表,314.42
GD,NH002,NH002,22.84000,115.57000,0,70000000000.0,地表,228.49
GD,FH001,FH001,25.03000,113.73000,0,70000000000.0,地表,719.57
GD,M2608,M2608,24.51000,115.83000,0,70000000000.0,地表,259.86
JX,B0001,B0001,25.01000,115.31000,0,70000000000.0,地表,497.56
GD,V8103,V8103,23.17000,115.82000,0,70000000000.0,地表,685.32
GD,B0401,B0401,22.54000,114.06000,0,70000000000.0,地表,261.24
GD,B0402,B0402,22.55000,114.04000,0,70000000000.0,地表,342.53
GD,M0305,M0305,24.43000,115.85000,0,70000000000.0,地表,599.49
GD,B0801,B0801,22.56000,114.18000,0,70000000000.0,地表,900.00
GD,M8105,M8105,24.45000,115.79000,0,70000000000.0,地表,900.00
GD,LH008,LH008,22.57000,114.89000,0,70000000000.0,地表,600.00
GD,V2207,V2207,23.45000,115.88000,0,70000000000.0,地表,463.38
GD,N2101,N2101,22.85000,115.45000,0,70000000000.0,地表,495.86
GD,N8107,N8107,22.94000,115.55000,0,70000000000.0,地表,394.68
GD,FN001,FN001,25.12000,114.30000,0,70000000000.0,地表,418.12
GD,FZ001,FZ001,24.81000,113.60000,0,70000000000.0,地表,693.85
GD,M8104,M8104,24.43000,115.75000,0,70000000000.0,地表,892.98
GD,N8103,N8103,23.08000,115.62000,0,70000000000.0,地表,554.90
GD,V2206,V2206,23.62000,115.87000,0,70000000000.0,地表,900.00
GD,V2213,V2213,23.39000,115.79000,0,70000000000.0,地表,900.00
GD,N2107,N2107,22.90000,115.40000,0,70000000000.0,地表,314.79
GD,BD001,BD001,22.60000,114.50000,0,70000000000.0,地表,900.00
GD,N2303,N2303,23.32000,115.74000,0,70000000000.0,地表,900.00
GD,N0202,N0202,22.81000,115.26000,0,70000000000.0,地表,900.00
GD,P2212,P2212,24.70000,115.47000,0,70000000000.0,地表,693.28
GD,N2301,N2301,23.19000,115.64000,0,70000000000.0,地表,443.04
GD,FS001,FS001,24.96000,114.06000,0,70000000000.0,地表,428.74
GD,SH001,SH001,22.99000,113.61000,0,70000000000.0,地表,180.34
GD,B0701,B0701,22.65000,114.57000,0,70000000000.0,地表,900.00
GD,B0703,B0703,22.65000,114.50000,0,70000000000.0,地表,659.82
GD,B0702,B0702,22.65000,114.54000,0,70000000000.0,地表,900.00
GD,L2307,L2307,22.72000,114.95000,0,70000000000.0,地表,767.71
GD,MX001,MX001,24.43000,115.64000,0,70000000000.0,地表,642.46
GD,M8108,M8108,24.44000,115.63000,0,70000000000.0,地表,433.10
GD,M8107,M8107,24.23000,115.73000,0,70000000000.0,地表,449.47
GD,M2402,M2402,23.92000,115.79000,0,70000000000.0,地表,344.97
GD,P2211,P2211,24.64000,115.45000,0,70000000000.0,地表,900.00
GD,N2104,N2104,22.92000,115.30000,0,70000000000.0,地表,218.66
GD,M8101,M8101,24.08000,115.75000,0,70000000000.0,地表,737.67
GD,NH001,NH001,22.99000,115.36000,0,70000000000.0,地表,325.74
GD,L2311,L2311,22.74000,114.88000,0,70000000000.0,地表,600.00
GD,N2110,N2110,22.81000,115.07000,0,70000000000.0,地表,789.05
GD,N2106,N2106,23.10000,115.47000,0,70000000000.0,地表,278.73
GD,B1001,B1001,22.71000,114.33000,0,70000000000.0,地表,503.79
GD,M2401,M2401,23.90000,115.76000,0,70000000000.0,地表,237.14
GD,NH003,NH003,22.97000,115.32000,0,70000000000.0,地表,512.99
GD,M8103,M8103,24.27000,115.67000,0,70000000000.0,地表,406.58
GD,B0704,B0704,22.73000,114.24000,0,70000000000.0,地表,473.67
GD,L2312,L2312,22.72000,114.74000,0,70000000000.0,地表,900.00
GD,NL006,NL006,23.20000,115.54000,0,70000000000.0,地表,323.50
GD,N2105,N2105,22.90000,115.20000,0,70000000000.0,地表,900.00
GD,S0003,S0003,22.75000,114.20000,0,70000000000.0,地表,870.59
GD,N2102,N2102,23.06000,115.40000,0,70000000000.0,地表,297.50
GD,M2407,M2407,23.63000,115.72000,0,70000000000.0,地表,537.93
GD,M8102,M8102,24.13000,115.70000,0,70000000000.0,地表,239.03
JX,B000A,B000A,24.93000,114.81000,0,70000000000.0,地表,900.00
GD,N2302,N2302,23.37000,115.62000,0,70000000000.0,地表,482.48
GD,N2111,N2111,22.83000,115.03000,0,70000000000.0,地表,900.00
GD,L2308,L2308,22.79000,114.91000,0,70000000000.0,地表,678.21
GD,P2210,P2210,24.54000,115.45000,0,70000000000.0,地表,900.00
GD,N2108,N2108,22.86000,115.06000,0,70000000000.0,地表,301.16
GD,M2411,M2411,24.00000,115.70000,0,70000000000.0,地表,638.07
GD,L0309,L0309,22.75000,114.55000,0,70000000000.0,地表,900.00
GD,M8112,M8112,24.15000,115.65000,0,70000000000.0,地表,807.38
JX,BD001,BD001,24.82000,115.02000,0,70000000000.0,地表,900.00
GD,L2310,L2310,22.81000,114.86000,0,70000000000.0,地表,900.00
GD,MW001,MW001,23.70000,115.68000,0,70000000000.0,地表,409.94
GD,N2103,N2103,23.16000,115.42000,0,70000000000.0,地表,487.34
GD,P2201,P2201,24.60000,115.34000,0,70000000000.0,地表,900.00
GD,P2217,P2217,24.44000,115.47000,0,70000000000.0,地表,900.00
GD,L0310,L0310,22.79000,114.65000,0,70000000000.0,地表,353.43
GD,P2218,P2218,24.47000,115.44000,0,70000000000.0,地表,610.21
GD,L0301,L0301,22.79000,114.43000,0,70000000000.0,地表,262.80
GD,M2404,M2404,24.08000,115.63000,0,70000000000.0,地表,743.78
GD,N2109,N2109,22.94000,115.10000,0,70000000000.0,地表,681.80
GD,L0304,L0304,22.80000,114.44000,0,70000000000.0,地表,349.71
GD,S0011,S0011,22.85000,114.18000,0,70000000000.0,地表,900.00
GD,M2406,M2406,23.62000,115.62000,0,70000000000.0,地表,900.00
GD,LH013,LH013,22.81000,114.43000,0,70000000000.0,地表,413.84
GD,P2203,P2203,24.41000,115.44000,0,70000000000.0,地表,900.00
GD,L0306,L0306,22.86000,114.34000,0,70000000000.0,地表,900.00
GD,P2213,P2213,24.26000,115.50000,0,70000000000.0,地表,753.88
GD,L2303,L2303,23.12000,115.26000,0,70000000000.0,地表,900.00
GD,M2405,M2405,23.56000,115.55000,0,70000000000.0,地表,509.05
GD,P2110,P2110,23.30000,115.40000,0,70000000000.0,地表,900.00
GD,M2408,M2408,23.97000,115.56000,0,70000000000.0,地表,318.51
GD,LH011,LH011,23.20000,115.30000,0,70000000000.0,地表,255.51
GD,M2410,M2410,23.77000,115.56000,0,70000000000.0,地表,482.80
GD,L2306,L2306,23.20000,115.28000,0,70000000000.0,地表,582.87
GD,P2411,P2411,24.59000,115.14000,0,70000000000.0,地表,900.00
GD,P2209,P2209,24.26000,115.43000,0,70000000000.0,地表,448.78
GD,P2202,P2202,24.46000,115.26000,0,70000000000.0,地表,424.81
GD,P2208,P2208,24.34000,115.36000,0,70000000000.0,地表,900.00
GD,LH009,LH009,23.07000,115.06000,0,70000000000.0,地表,845.10
JX,BQ001,BQ001,24.75000,114.51000,0,70000000000.0,地表,900.00
GD,L0212,L0212,22.97000,114.26000,0,70000000000.0,地表,282.42
GD,L2305,L2305,23.03000,114.95000,0,70000000000.0,地表,356.26
GD,L2302,L2302,22.95000,114.65000,0,70000000000.0,地表,384.32
GD,LH010,LH010,22.97000,114.76000,0,70000000000.0,地表,900.00
GD,P2214,P2214,24.19000,115.41000,0,70000000000.0,地表,442.33
GD,L0308,L0308,22.97000,114.32000,0,70000000000.0,地表,265.75
GD,P2409,P2409,24.61000,114.99000,0,70000000000.0,地表,799.42
GD,L0307,L0307,22.96000,114.57000,0,70000000000.0,地表,665.37
GD,P2207,P2207,24.41000,115.24000,0,70000000000.0,地表,379.03
GD,P2401,P2401,24.45000,115.19000,0,70000000000.0,地表,484.88
GD,M2409,M2409,23.80000,115.46000,0,70000000000.0,地表,900.00
GD,P2215,P2215,24.02000,115.44000,0,70000000000.0,地表,900.00
GD,L0210,L0210,23.00000,114.33000,0,70000000000.0,地表,233.95
GD,P2410,P2410,24.52000,115.09000,0,70000000000.0,地表,876.08
GD,P2113,P2113,23.42000,115.32000,0,70000000000.0,地表,424.64
GD,P2106,P2106,23.63000,115.41000,0,70000000000.0,地表,900.00
GD,L0302,L0302,23.00000,114.59000,0,70000000000.0,地表,359.95
GD,L2304,L2304,23.22000,115.13000,0,70000000000.0,地表,900.00
GD,P2204,P2204,24.18000,115.34000,0,70000000000.0,地表,516.38
GD,GZH,GZH,23.65000,113.65000,0,70000000000.0,基岩,880.27
GD,P2206,P2206,24.31000,115.24000,0,70000000000.0,地表,342.59
GD,L0206,L0206,23.03000,114.52000,0,70000000000.0,地表,237.74
GD,L0214,L0214,23.06000,114.31000,0,70000000000.0,地表,861.94
GD,L0303,L0303,23.04000,114.58000,0,70000000000.0,地表,228.13
GD,P2112,P2112,23.58000,115.34000,0,70000000000.0,地表,900.00
GD,P2404,P2404,24.38000,115.15000,0,70000000000.0,地表,465.17
GD,L0201,L0201,23.06000,114.45000,0,70000000000.0,地表,229.11
GD,L2301,L2301,23.22000,115.01000,0,70000000000.0,地表,458.80
GD,HPP,HPP,24.32000,115.13000,0,70000000000.0,基岩,862.96
GD,L2309,L2309,23.12000,114.69000,0,70000000000.0,地表,471.47
GD,LCH,LCH,24.10000,115.27000,0,70000000000.0,基岩,584.10
GD,P2115,P2115,23.68000,115.30000,0,70000000000.0,地表,472.28
GD,P2117,P2117,23.46000,115.20000,0,70000000000.0,地表,900.00
GD,L0203,L0203,23.12000,114.40000,0,70000000000.0,地表,409.70
GD,P2402,P2402,24.27000,115.15000,0,70000000000.0,地表,411.33
GD,P2205,P2205,23.94000,115.29000,0,70000000000.0,地表,900.00
GD,L0207,L0207,23.14000,114.44000,0,70000000000.0,地表,237.46
GD,LH004,LH004,23.17000,114.31000,0,70000000000.0,地表,297.28
GD,P2408,P2408,24.47000,114.83000,0,70000000000.0,地表,900.00
GD,P2406,P2406,24.31000,115.07000,0,70000000000.0,地表,900.00
GD,P2219,P2219,24.15000,115.19000,0,70000000000.0,地表,799.42
GD,LH012,LH012,23.16000,114.61000,0,70000000000.0,地表,246.24
GD,P2108,P2108,23.35000,115.03000,0,70000000000.0,地表,900.00
GD,L2207,L2207,23.20000,114.29000,0,70000000000.0,地表,378.52
GD,L0208,L0208,23.17000,114.47000,0,70000000000.0,地表,263.09
GD,L2204,L2204,23.25000,114.20000,0,70000000000.0,地表,442.88
GD,L0209,L0209,23.19000,114.41000,0,70000000000.0,地表,363.52
GD,PD001,PD001,23.83000,115.23000,0,70000000000.0,地表,900.00
GD,P2504,P2504,23.83000,115.23000,0,70000000000.0,地表,900.00
GD,P2118,P2118,23.63000,115.19000,0,70000000000.0,地表,882.04
GD,P2107,P2107,23.42000,115.06000,0,70000000000.0,地表,840.24
GD,PZ002,PZ002,23.65000,115.18000,0,70000000000.0,地表,900.00
GD,P2216,P2216,23.96000,115.18000,0,70000000000.0,地表,349.91
GD,ZIJ,ZIJ,23.70000,115.17000,0,70000000000.0,基岩,900.00
GD,P2114,P2114,23.53000,115.09000,0,70000000000.0,地表,726.95
GD,P2516,P2516,23.92000,115.17000,0,70000000000.0,地表,900.00
GD,PZ001,PZ001,23.49000,115.05000,0,70000000000.0,地表,469.85
GD,P2111,P2111,23.30000,114.80000,0,70000000000.0,地表,900.00
GD,P2116,P2116,23.59000,115.11000,0,70000000000.0,地表,738.62
GD,P2407,P2407,24.36000,114.81000,0,70000000000.0,地表,276.48
GD,P2403,P2403,24.27000,114.95000,0,70000000000.0,地表,900.00
GD,P2405,P2405,24.22000,114.99000,0,70000000000.0,地表,651.93
GD,L0202,L0202,23.28000,114.57000,0,70000000000.0,地表,422.68
GD,P2507,P2507,23.76000,115.09000,0,70000000000.0,地表,900.00
GD,P2304,P2304,24.37000,114.50000,0,70000000000.0,地表,900.00
GD,LIP,LIP,24.36000,114.47000,0,70000000000.0,基岩,900.00
GD,P2302,P2302,24.25000,114.87000,0,70000000000.0,地表,512.90
GD,P2102,P2102,23.39000,114.80000,0,70000000000.0,地表,900.00
GD,P2104,P2104,23.37000,114.74000,0,70000000000.0,地表,798.49
GD,P2508,P2508,23.96000,115.06000,0,70000000000.0,地表,302.95
GD,P2502,P2502,24.18000,114.93000,0,70000000000.0,地表,344.87
GD,PD003,PD003,24.10000,114.99000,0,70000000000.0,地表,594.66
GD,PH001,PH001,24.26000,114.81000,0,70000000000.0,地表,900.00
GD,P2510,P2510,24.09000,114.98000,0,70000000000.0,地表,365.13
GD,XFY,XFY,24.18000,114.15000,0,70000000000.0,基岩,900.00
GD,L2211,L2211,23.37000,114.44000,0,70000000000.0,地表,476.95
GD,L0204,L0204,23.37000,114.53000,0,70000000000.0,地表,278.18
GD,L2201,L2201,23.41000,114.32000,0,70000000000.0,地表,900.00
GD,P2301,P2301,24.26000,114.71000,0,70000000000.0,地表,706.83
GD,P2518,P2518,24.10000,114.91000,0,70000000000.0,地表,436.72
GD,L2202,L2202,23.42000,114.63000,0,70000000000.0,地表,582.01
GD,P2105,P2105,23.69000,114.96000,0,70000000000.0,地表,900.00
GD,PD002,PD002,23.88000,114.98000,0,70000000000.0,地表,416.85
GD,P2103,P2103,23.63000,114.92000,0,70000000000.0,地表,900.00
GD,P2505,P2505,23.83000,114.97000,0,70000000000.0,地表,762.13
GD,LH005,LH005,23.45000,114.45000,0,70000000000.0,地表,268.80
GD,P2303,P2303,24.17000,114.75000,0,70000000000.0,地表,388.43
GD,P2509,P2509,24.07000,114.86000,0,70000000000.0,地表,343.18
GD,L2212,L2212,23.46000,114.46000,0,70000000000.0,地表,258.74
GD,PJ001,PJ001,23.50000,114.69000,0,70000000000.0,地表,346.87
GD,PD004,PD004,24.14000,114.75000,0,70000000000.0,地表,655.37
GD,P2517,P2517,23.85000,114.90000,0,70000000000.0,地表,900.00
GD,FX001,FX001,24.12000,114.32000,0,70000000000.0,地表,670.46
GD,LH002,LH002,23.54000,114.41000,0,70000000000.0,地表,900.00
GD,L2208,L2208,23.54000,114.44000,0,70000000000.0,地表,900.00
GD,L2402,L2402,23.61000,114.30000,0,70000000000.0,地表,239.91
GD,P2101,P2101,23.70000,114.81000,0,70000000000.0,地表,555.20
GD,L2209,L2209,23.54000,114.54000,0,70000000000.0,地表,530.45
GD,P0202,P0202,23.57000,114.62000,0,70000000000.0,地表,314.49
GD,P2506,P2506,24.05000,114.73000,0,70000000000.0,地表,304.98
GD,LH014,LH014,23.74000,114.24000,0,70000000000.0,地表,231.22
GD,P0201,P0201,23.62000,114.63000,0,70000000000.0,地表,347.89
GD,P2513,P2513,23.82000,114.78000,0,70000000000.0,地表,383.29
GD,L2404,L2404,23.83000,114.26000,0,70000000000.0,地表,900.00
GD,L2406,L2406,23.66000,114.36000,0,70000000000.0,地表,900.00
GD,P2501,P2501,24.07000,114.55000,0,70000000000.0,地表,900.00
GD,P2109,P2109,23.70000,114.72000,0,70000000000.0,地表,900.00
GD,LTK,LTK,23.66000,114.65000,0,70000000000.0,基岩,900.00
GD,P2511,P2511,23.95000,114.71000,0,70000000000.0,地表,343.76
GD,PY001,PY001,23.75000,114.71000,0,70000000000.0,地表,415.49
GD,HYJ,HYJ,23.72000,114.59000,0,70000000000.0,基岩,900.00
GD,P2515,P2515,23.83000,114.38000,0,70000000000.0,地表,600.00
GD,P2512,P2512,23.73000,114.46000,0,70000000000.0,地表,600.00
GD,XIG,XIG,23.77000,114.63000,0,70000000000.0,基岩,900.00
GD,P2514,P2514,23.78000,114.63000,0,70000000000.0,地表,900.00
GD,PD005,PD005,23.93000,114.45000,0,70000000000.0,地表,900.00
YN,G2801,G2801,22.89000,103.07000,0,70000000000.0,地表,900.00
YN,G3011,G3011,22.68000,103.07000,0,70000000000.0,地表,518.51
YN,G3004,G3004,22.82000,102.83000,0,70000000000.0,地表,900.00
YN,G3003,G3003,22.51000,102.98000,0,70000000000.0,地表,900.00
YN,G3010,G3010,22.71000,102.88000,0,70000000000.0,地表,900.00
YN,G3009,G3009,22.73000,102.73000,0,70000000000.0,地表,900.00
SC,GLTB,GLTB,29.03000,102.72000,0,70000000000.0,基岩,900.00
SC,W3309,冕宁冶勒台,28.92000,102.30000,0,70000000000.0,地表,900.00
SC,KDSH,KDSH,30.34000,102.25000,0,70000000000.0,基岩,900.00
SC,W3509,甘洛坪坝台,29.13000,102.61000,0,70000000000.0,地表,671.88
SC,TS002,TS002,29.00000,102.30000,0,70000000000.0,地表,900.00
SC,T2403,石棉李子台,29.00000,102.30000,0,70000000000.0,地表,572.68
SC,VJ003,VJ003,29.14000,101.51000,0,70000000000.0,地表,900.00
SC,T2407,T2407,29.16000,102.41000,0,70000000000.0,地表,606.40
SC,T2401,石棉擦罗台,29.13000,102.34000,0,70000000000.0,地表,763.56
SC,TS001,TS001,29.14000,102.34000,0,70000000000.0,地表,900.00
SC,KDGGS,KDGGS,29.48000,101.54000,0,70000000000.0,基岩,900.00
QH,BLG,BLG,37.63000,96.64000,0,70000000000.0,基岩,588.38
QH,HTTL,HTTL,37.21000,96.70000,0,70000000000.0,基岩,415.39
SC,U2102,U2102,30.99000,103.43000,0,70000000000.0,地表,829.97
SC,U2602,U2602,31.20000,102.02000,0,70000000000.0,地表,900.00
SC,VD003,VD003,31.02000,102.13000,0,70000000000.0,地表,346.42
SC,V2302,V2302,30.98000,102.03000,0,70000000000.0,地表,718.78
SC,VD002,VD002,30.88000,101.87000,0,70000000000.0,地表,900.00
SC,V2511,V2511,30.22000,100.77000,0,70000000000.0,地表,900.00
SC,UJ001,UJ001,30.79000,102.21000,0,70000000000.0,地表,678.42
SC,W3306,冕宁回龙台,28.46000,102.07000,0,70000000000.0,地表,333.88
SC,GZXJ,格宗乡基准站,30.79000,101.94000,0,70000000000.0,基岩,741.03
SC,V2512,V2512,30.33000,101.00000,0,70000000000.0,地表,900.00
SC,W3319,W3319,28.53000,102.06000,0,70000000000.0,地表,570.02
SC,W3407,越西越城台,28.64000,102.53000,0,70000000000.0,地表,721.89
SC,TB002,TB002,30.55000,102.65000,0,70000000000.0,地表,900.00
SC,WU002,WU002,28.70000,102.54000,0,70000000000.0,地表,530.11
SC,W3406,越西新民台,28.70000,102.53000,0,70000000000.0,地表,294.72
SC,WN001,WN001,28.60000,101.94000,0,70000000000.0,地表,900.00
SC,V2402,V2402,28.62000,101.82000,0,70000000000.0,地表,900.00
SC,V2407,V2407,28.62000,101.88000,0,70000000000.0,地表,900.00
SC,V2403,V2403,28.68000,101.90000,0,70000000000.0,地表,900.00
SC,W3401,越西白果台,28.83000,102.60000,0,70000000000.0,地表,495.29
SC,JNNQ,JNNQ,28.76000,101.67000,0,70000000000.0,基岩,730.03
SC,V2409,V2409,29.08000,101.24000,0,70000000000.0,地表,863.66
SC,W3505,甘洛田坝台,29.04000,102.71000,0,70000000000.0,地表,622.71
SC,VK005,VK005,30.31000,101.51000,0,70000000000.0,地表,582.66
SC,TGXJ,汤古乡基准站,29.13000,101.50000,0,70000000000.0,基岩,900.00
QH,GOL,GOL,35.64000,98.44000,0,70000000000.0,基岩,792.31
XJ,B0031,B0031,44.29000,89.01000,0,70000000000.0,地表,215.54
XJ,BJ001,BJ001,44.20000,88.93000,0,70000000000.0,地表,242.49
XJ,BJ002,BJ002,44.24000,89.11000,0,70000000000.0,地表,229.20
XJ,B0036,B0036,44.03000,89.00000,0,70000000000.0,地表,343.85
XJ,B002E,B002E,44.07000,89.21000,0,70000000000.0,地表,260.57
XJ,BL001,BL001,43.80000,90.03000,0,70000000000.0,地表,382.21
XJ,B0039,B0039,44.00000,89.06000,0,70000000000.0,地表,354.73
XJ,BQ001,BQ001,44.01000,89.60000,0,70000000000.0,地表,295.05
XJ,B0032,B0032,43.99000,89.14000,0,70000000000.0,地表,378.47
XJ,B0033,B0033,43.99000,89.18000,0,70000000000.0,地表,338.65
XJ,BQ002,BQ002,43.99000,89.42000,0,70000000000.0,地表,295.96
XJ,WQAJG,WQAJG,39.72000,73.95000,0,70000000000.0,基岩,511.76
YN,G2402,G2402,23.87000,103.04000,0,70000000000.0,地表,669.87
YN,F2303,F2303,24.16000,102.64000,0,70000000000.0,地表,350.08
YN,F2304,F2304,24.07000,102.75000,0,70000000000.0,地表,555.25
YN,FES01,FES01,24.16000,102.46000,0,70000000000.0,基岩,572.79
YN,GJS01,GJS01,23.92000,102.89000,0,70000000000.0,基岩,628.97
YN,G2812,G2812,23.03000,103.03000,0,70000000000.0,地表,790.68
YN,G2401,G2401,23.81000,102.96000,0,70000000000.0,地表,509.05
YN,G2409,G2409,23.94000,102.79000,0,70000000000.0,地表,296.17
YN,GJ003,GJ003,23.64000,103.01000,0,70000000000.0,地表,274.55
YN,G0105,G0105,23.25000,103.05000,0,70000000000.0,地表,536.80
YN,GG001,GG001,23.34000,103.06000,0,70000000000.0,地表,820.93
YN,GJ004,GJ004,23.51000,103.04000,0,70000000000.0,地表,268.42
YN,GJ002,GJ002,23.83000,102.84000,0,70000000000.0,地表,556.47
YN,G2809,G2809,23.17000,102.98000,0,70000000000.0,地表,900.00
YN,G2804,G2804,23.05000,102.92000,0,70000000000.0,地表,606.91
YN,G2507,G2507,23.98000,102.50000,0,70000000000.0,地表,656.34
YN,G2504,G2504,24.00000,102.39000,0,70000000000.0,地表,734.30
YN,G2406,G2406,23.73000,102.82000,0,70000000000.0,地表,437.10
YN,GS001,GS001,23.89000,102.56000,0,70000000000.0,地表,439.21
YN,G2405,G2405,23.52000,102.86000,0,70000000000.0,地表,768.99
YN,G2403,G2403,23.76000,102.71000,0,70000000000.0,地表,401.79
YN,G2407,G2407,23.37000,102.87000,0,70000000000.0,地表,665.10
YN,G2807,G2807,23.07000,102.76000,0,70000000000.0,地表,900.00
YN,G2806,G2806,23.22000,102.83000,0,70000000000.0,地表,565.38
YN,GJS02,GJS02,23.65000,102.76000,0,70000000000.0,基岩,523.90
YN,G2508,G2508,23.80000,102.54000,0,70000000000.0,地表,578.92
YN,G2408,G2408,23.56000,102.74000,0,70000000000.0,地表,451.14
YN,GYY01,GYY01,23.19000,102.72000,0,70000000000.0,基岩,900.00
YN,G2501,G2501,23.66000,102.63000,0,70000000000.0,地表,611.42
YN,GSP02,GSP02,23.73000,102.52000,0,70000000000.0,基岩,737.86
YN,G2404,G2404,23.41000,102.72000,0,70000000000.0,地表,650.34
YN,G3103,G3103,23.01000,102.39000,0,70000000000.0,地表,871.06
YN,G3104,G3104,23.03000,102.20000,0,70000000000.0,地表,836.14
YN,FYJ01,FYJ01,23.57000,101.98000,0,70000000000.0,基岩,900.00
YN,GSP01,GSP01,23.39000,102.61000,0,70000000000.0,基岩,841.95
YN,G2505,G2505,23.55000,102.55000,0,70000000000.0,地表,474.90
YN,GHH02,GHH02,23.24000,102.49000,0,70000000000.0,基岩,900.00
YN,A2811,A2811,26.11000,102.39000,0,70000000000.0,地表,710.68
YN,E2905,E2905,26.09000,102.23000,0,70000000000.0,地表,711.69
SC,MYPL,MYPL,26.84000,102.13000,0,70000000000.0,基岩,850.11
SC,W2502,W2502,26.36000,102.44000,0,70000000000.0,地表,728.75
YN,A2804,A2804,26.19000,102.28000,0,70000000000.0,地表,514.39
SC,DM002,DM002,26.80000,102.00000,0,70000000000.0,地表,646.67
SC,W2503,W2503,26.47000,102.39000,0,70000000000.0,地表,422.41
SC,HLXA,HLXA,26.17000,102.10000,0,70000000000.0,基岩,589.20
SC,W2507,W2507,26.17000,102.01000,0,70000000000.0,地表,404.23
SC,W2506,W2506,26.27000,102.26000,0,70000000000.0,地表,421.28
SC,HLTA,HLTA,26.35000,102.30000,0,70000000000.0,基岩,300.67
SC,W2515,W2515,26.51000,102.28000,0,70000000000.0,地表,400.26
SC,WL003,WL003,26.33000,102.20000,0,70000000000.0,地表,541.49
SC,W2509,W2509,26.39000,102.19000,0,70000000000.0,地表,444.87
SC,W2513,W2513,26.37000,101.93000,0,70000000000.0,地表,700.05
SC,HLGH,HLGH,26.42000,102.07000,0,70000000000.0,基岩,638.35
YN,C2204,C2204台,26.92000,102.93000,0,70000000000.0,地表,900.00
SC,W3308,冕宁拖乌台,28.81000,102.28000,0,70000000000.0,地表,550.60
SC,WG001,WG001,29.04000,102.55000,0,70000000000.0,地表,772.42
QH,MAINB,MAINB,38.68000,92.19000,0,70000000000.0,基岩,518.07
HE,F0026,F0026,38.75000,114.13000,0,70000000000.0,地表,514.12
HE,A0025,A0025,38.17000,114.08000,0,70000000000.0,地表,458.97
HE,A0032,A0032,38.09000,113.90000,0,70000000000.0,地表,389.72
HE,A0067,A0067,38.58000,113.65000,0,70000000000.0,地表,611.22
HE,A0058,A0058,38.54000,113.83000,0,70000000000.0,地表,414.50
HE,A0054,A0054,38.34000,113.94000,0,70000000000.0,地表,297.15
HE,A0066,A0066,38.48000,113.65000,0,70000000000.0,地表,335.59
HE,A0062,A0062,38.47000,113.82000,0,70000000000.0,地表,395.08
HE,A0064,A0064,38.27000,113.65000,0,70000000000.0,地表,563.08
SC,B2602,B2602,32.03000,104.53000,0,70000000000.0,地表,582.30
SC,V3372,V3372台,32.06000,100.02000,0,70000000000.0,地表,878.68
YN,CY003,CY003,27.60000,104.33000,0,70000000000.0,地表,900.00
YN,C2804,C2804台,27.56000,104.26000,0,70000000000.0,地表,900.00
SC,VS001,VS001,32.02000,100.52000,0,70000000000.0,地表,900.00
YN,C2108,C2108台,27.16000,103.59000,0,70000000000.0,地表,381.43
SC,F2601,F2601,31.29000,104.56000,0,70000000000.0,地表,263.56
YN,C0208,C0208台,27.26000,103.67000,0,70000000000.0,地表,287.09
YN,C2805,C2805台,27.56000,104.12000,0,70000000000.0,地表,549.33
YN,C2806,C2806台,27.48000,104.01000,0,70000000000.0,地表,774.07
YN,C2111,C2111台,27.19000,103.49000,0,70000000000.0,地表,699.05
SC,V3373,V3373台,31.97000,100.71000,0,70000000000.0,地表,834.28
YN,C2218,C2218台,27.09000,103.04000,0,70000000000.0,地表,449.81
YN,C2807,C2807台,27.59000,104.02000,0,70000000000.0,地表,354.39
YN,C2834,C2834,27.81000,104.27000,0,70000000000.0,地表,261.77
YN,CY004,CY004,27.63000,104.05000,0,70000000000.0,地表,900.00
YN,C2808,C2808台,27.63000,104.05000,0,70000000000.0,地表,849.09
YN,C2809,C2809台,27.72000,104.16000,0,70000000000.0,地表,804.38
YN,C2102,C2102台,27.31000,103.46000,0,70000000000.0,地表,639.21
YN,C2813,C2813台,27.83000,104.17000,0,70000000000.0,地表,556.51
YN,C0215,C0215台,27.52000,103.74000,0,70000000000.0,地表,522.78
YN,C2810,C2810台,27.78000,104.06000,0,70000000000.0,地表,607.04
YN,C2310,C2310台,28.12000,104.37000,0,70000000000.0,地表,568.25
SC,UY003,UY003,32.02000,102.62000,0,70000000000.0,地表,823.57
YN,C2305,C2305台,27.98000,104.19000,0,70000000000.0,地表,408.91
YN,CDG01,CDG01,27.73000,103.89000,0,70000000000.0,基岩,664.30
YN,C2409,C2409台,27.74000,103.90000,0,70000000000.0,地表,900.00
YN,C2407,C2407台,27.65000,103.77000,0,70000000000.0,地表,567.23
YN,C0204,C0204台,27.41000,103.31000,0,70000000000.0,地表,307.90
YN,C2216,C2216台,27.35000,103.15000,0,70000000000.0,地表,900.00
YN,C2411,C2411台,27.84000,103.97000,0,70000000000.0,地表,739.39
SC,WY002,WY002,27.20000,101.80000,0,70000000000.0,地表,900.00
SC,UM003,UM003,31.99000,102.03000,0,70000000000.0,地表,900.00
YN,C2504,C2504台,27.63000,103.59000,0,70000000000.0,地表,441.44
YN,C0201,C0201,27.42000,103.12000,0,70000000000.0,地表,900.00
YN,C2404,C2404台,27.89000,103.90000,0,70000000000.0,地表,900.00
YN,C0203,C0203台,27.52000,103.27000,0,70000000000.0,地表,900.00
SC,U0104,U0104,31.91000,102.10000,0,70000000000.0,地表,568.97
SC,U0105,U0105,31.87000,102.30000,0,70000000000.0,地表,900.00
SC,DCRH,DCRH,27.33000,101.95000,0,70000000000.0,基岩,838.12
YN,C3004,C3004台,28.61000,104.40000,0,70000000000.0,地表,789.29
SC,BTBGP,BTBGP,27.43000,102.82000,0,70000000000.0,基岩,900.00
SC,UM001,UM001,31.84000,101.93000,0,70000000000.0,地表,900.00
YN,C2501,C2501台,27.62000,103.30000,0,70000000000.0,地表,761.68
YN,C3003,C3003台,28.56000,104.35000,0,70000000000.0,地表,577.34
SC,W2402,W2402,27.38000,101.98000,0,70000000000.0,地表,900.00
YN,C2307,C2307台,28.31000,104.13000,0,70000000000.0,地表,701.21
YN,C2401,C2401台,28.04000,103.86000,0,70000000000.0,地表,900.00
YN,C3001,C3001台,28.50000,104.26000,0,70000000000.0,地表,754.48
SC,A8204,A8204,31.05000,103.98000,0,70000000000.0,地表,298.40
SC,U0171,U0171台,31.76000,102.27000,0,70000000000.0,地表,900.00
SC,LXMYL,LXMYL,31.66000,102.81000,0,70000000000.0,基岩,900.00
SC,A1203,A1203,30.53000,104.31000,0,70000000000.0,地表,627.62
YN,C3002,C3002台,28.56000,104.23000,0,70000000000.0,地表,900.00
SC,WP001,WP001,27.49000,102.48000,0,70000000000.0,地表,824.24
YN,C2521,C2521,28.00000,103.63000,0,70000000000.0,地表,900.00
SC,W2404,W2404,27.50000,102.04000,0,70000000000.0,地表,900.00
SC,U2772,U2772台,31.66000,102.32000,0,70000000000.0,地表,815.27
SC,W2808,普格孟甘台,27.57000,102.62000,0,70000000000.0,地表,548.72
SC,A2401,A2401,30.89000,103.94000,0,70000000000.0,地表,238.72
SC,UM002,UM002,31.66000,102.04000,0,70000000000.0,地表,900.00
SC,UL002,UL002,31.53000,102.90000,0,70000000000.0,地表,900.00
SC,W2802,普格大槽台,27.56000,102.49000,0,70000000000.0,地表,806.66
SC,LBYBS,LBYBS,27.94000,103.48000,0,70000000000.0,基岩,900.00
SC,WCCP,WCCP,31.27000,103.44000,0,70000000000.0,基岩,783.86
YN,C2515,C2515台,28.32000,103.88000,0,70000000000.0,地表,480.78
SC,BTHL,BTHL,27.71000,102.94000,0,70000000000.0,基岩,479.78
SC,U2773,U2773台,31.60000,102.37000,0,70000000000.0,地表,523.00
SC,PGHLL,PGHLL,27.64000,102.69000,0,70000000000.0,基岩,900.00
SC,U2671,U2671台,31.60000,102.06000,0,70000000000.0,地表,426.28
SC,AG001,AG001,30.54000,104.11000,0,70000000000.0,地表,276.90
SC,W0107,西昌黄水台,27.59000,102.20000,0,70000000000.0,地表,554.25
SC,WC002,WC002,27.59000,102.20000,0,70000000000.0,地表,690.56
SC,PGTB,PGTB,27.62000,102.46000,0,70000000000.0,基岩,535.12
YN,C2602,C2602台,28.52000,103.99000,0,70000000000.0,地表,766.22
SC,WT002,WT002,27.71000,102.81000,0,70000000000.0,地表,419.62
SC,U2608,U2608,31.56000,101.89000,0,70000000000.0,地表,900.00
SC,W2219,W2219,27.77000,101.21000,0,70000000000.0,地表,900.00
SC,W2810,普格五道台,27.64000,102.41000,0,70000000000.0,地表,433.33
SC,W0101,西昌阿七台,27.62000,102.14000,0,70000000000.0,地表,719.87
SC,W2805,普格夹铁台,27.68000,102.61000,0,70000000000.0,地表,327.21
YN,C2514,C2514台,28.42000,103.86000,0,70000000000.0,地表,900.00
SC,U2609,U2609,31.54000,102.06000,0,70000000000.0,地表,502.72
SC,A2403,A2403,30.82000,103.81000,0,70000000000.0,地表,252.68
YN,C2604,C2604台,28.58000,103.96000,0,70000000000.0,地表,900.00
SC,XJLHK,XJLHK,31.49000,102.49000,0,70000000000.0,基岩,900.00
YN,C2511,C2511台,28.23000,103.64000,0,70000000000.0,地表,793.44
YN,CYS02,CYS02,28.23000,103.64000,0,70000000000.0,基岩,469.26
SC,A1602,A1602,30.54000,104.00000,0,70000000000.0,地表,315.13
SC,W2204,W2204,27.87000,101.11000,0,70000000000.0,地表,900.00
SC,W0106,西昌黄联台,27.68000,102.20000,0,70000000000.0,地表,487.71
SC,U2610,U2610,31.49000,101.84000,0,70000000000.0,地表,746.76
SC,W0102,西昌安哈台,27.70000,102.32000,0,70000000000.0,地表,900.00
SC,WC001,WC001,27.70000,102.32000,0,70000000000.0,地表,900.00
SC,W3110,昭觉特口甲谷台,27.89000,103.04000,0,70000000000.0,地表,524.09
SC,W3708,雷波坪头台,28.06000,103.32000,0,70000000000.0,地表,900.00
SC,YYJH,YYJH,27.72000,101.95000,0,70000000000.0,基岩,900.00
SC,A1601,A1601,30.57000,103.90000,0,70000000000.0,地表,228.27
SC,WC004,WC004,27.74000,102.16000,0,70000000000.0,地表,349.38
SC,W0112,西昌佑君台,27.74000,102.16000,0,70000000000.0,地表,256.54
SC,W3101,昭觉地莫台,27.85000,102.78000,0,70000000000.0,地表,373.18
SC,WCGD,WCGD,31.09000,103.31000,0,70000000000.0,基岩,900.00
YN,C2601,C2601台,28.65000,103.87000,0,70000000000.0,地表,900.00
SC,U2607,U2607,31.42000,102.04000,0,70000000000.0,地表,900.00
SC,A8404,A8404,30.76000,103.67000,0,70000000000.0,地表,252.74
SC,W0105,西昌海南台,27.81000,102.29000,0,70000000000.0,地表,518.17
SC,W3103,昭觉解放台,27.88000,102.57000,0,70000000000.0,地表,649.29
SC,U2603,U2603,31.35000,101.99000,0,70000000000.0,地表,900.00
SC,W3604,美姑柳洪台,28.14000,103.21000,0,70000000000.0,地表,900.00
SC,W3109,昭觉四开台,27.94000,102.72000,0,70000000000.0,地表,645.60
SC,A8403,A8403,30.53000,103.76000,0,70000000000.0,地表,235.17
SC,W0104,西昌川兴台,27.87000,102.31000,0,70000000000.0,地表,411.37
SC,ZZSK,ZZSK,27.95000,102.71000,0,70000000000.0,基岩,427.92
SC,UW003,UW003,31.03000,103.18000,0,70000000000.0,地表,900.00
SC,UW002,UW002,30.92000,103.34000,0,70000000000.0,地表,729.94
SC,W0103,西昌巴汝台,27.88000,101.98000,0,70000000000.0,地表,900.00
SC,V3771,V3771台,29.38000,100.14000,0,70000000000.0,地表,363.03
SC,W0108,西昌开元台,27.88000,102.11000,0,70000000000.0,地表,667.82
SC,WC003,WC003,27.88000,102.11000,0,70000000000.0,地表,667.82
SC,W3108,昭觉庆恒台,28.07000,102.97000,0,70000000000.0,地表,546.99
SC,WZ002,WZ002,28.02000,102.84000,0,70000000000.0,地表,468.81
SC,UC001,UC001,31.29000,102.05000,0,70000000000.0,地表,603.77
SC,V3415,V3415,30.14000,100.25000,0,70000000000.0,地表,593.28
SC,W0111,西昌小庙台,27.91000,102.23000,0,70000000000.0,地表,599.61
SC,UJ002,UJ002,31.23000,102.45000,0,70000000000.0,地表,703.43
SC,LB002,LB002,28.80000,103.72000,0,70000000000.0,地表,488.08
SC,WX001,WX001,28.05000,101.46000,0,70000000000.0,地表,900.00
SC,AD001,AD001,30.52000,103.61000,0,70000000000.0,地表,230.34
SC,W3104,昭觉库莫台,28.08000,102.70000,0,70000000000.0,地表,568.93
SC,W0114,西昌樟木箐台,27.99000,102.13000,0,70000000000.0,地表,375.70
SC,W3204,喜德红莫台,28.01000,102.25000,0,70000000000.0,地表,511.68
SC,W0116,W0116,28.01000,101.94000,0,70000000000.0,地表,900.00
SC,V2602,V2602,30.95000,101.19000,0,70000000000.0,地表,822.23
SC,V2371,V2371台,31.13000,101.86000,0,70000000000.0,地表,612.72
SC,BEXJ,边耳乡基准站,31.07000,101.55000,0,70000000000.0,基岩,900.00
SC,W0109,西昌礼州台,28.05000,102.18000,0,70000000000.0,地表,325.71
SC,XDMS,XDMS,28.10000,102.53000,0,70000000000.0,基岩,789.14
SC,WM001,WM001,28.28000,102.98000,0,70000000000.0,地表,693.47
SC,W0110,西昌琅环台,28.06000,102.11000,0,70000000000.0,地表,473.75
SC,LB001,LB001,28.73000,103.51000,0,70000000000.0,地表,532.79
SC,W3211,W3211,28.09000,102.24000,0,70000000000.0,地表,486.30
SC,XCMS,XCMS,28.09000,102.05000,0,70000000000.0,基岩,830.03
SC,WZ001,WZ001,28.23000,102.79000,0,70000000000.0,地表,545.67
SC,W0113,西昌月华台,28.14000,102.19000,0,70000000000.0,地表,594.46
SC,W3206,喜德米市台,28.20000,102.53000,0,70000000000.0,地表,817.49
SC,W3111,昭觉央摩租台,28.29000,102.77000,0,70000000000.0,地表,576.86
SC,W3315,W3315,28.17000,101.86000,0,70000000000.0,地表,900.00
SC,V2301,V2301,31.01000,101.88000,0,70000000000.0,地表,900.00
SC,W3210,喜德沙马拉达台,28.24000,102.56000,0,70000000000.0,地表,831.23
SC,W3316,W3316,28.19000,102.11000,0,70000000000.0,地表,457.12
SC,WN003,WN003,28.21000,102.07000,0,70000000000.0,地表,802.83
SC,W3310,冕宁泽远台,28.21000,102.07000,0,70000000000.0,地表,900.00
SC,V3418,V3418,29.74000,100.51000,0,70000000000.0,地表,900.00
SC,W3372,W3372台,28.23000,101.86000,0,70000000000.0,地表,900.00
SC,W3201,喜德且拖台,28.27000,102.50000,0,70000000000.0,地表,900.00
SC,XDZY,XDZY,28.26000,102.37000,0,70000000000.0,基岩,523.05
SC,YXBS,YXBS,28.38000,102.76000,0,70000000000.0,基岩,479.12
SC,V2608,V2608,30.83000,101.52000,0,70000000000.0,地表,758.48
SC,V2304,V2304,30.90000,101.84000,0,70000000000.0,地表,900.00
SC,W3203,喜德光明台,28.31000,102.41000,0,70000000000.0,地表,588.52
SC,V3404,V3404,29.46000,100.60000,0,70000000000.0,地表,900.00
SC,MNMD,MNMD,28.32000,101.91000,0,70000000000.0,基岩,900.00
SC,JNZE,JNZE,28.37000,101.65000,0,70000000000.0,基岩,900.00
SC,W3207,喜德冕山台,28.33000,102.26000,0,70000000000.0,地表,576.70
SC,V2415,V2415,28.38000,101.67000,0,70000000000.0,地表,850.70
SC,W3304,冕宁河里台,28.33000,102.08000,0,70000000000.0,地表,526.84
SC,WI001,WI001,28.36000,102.31000,0,70000000000.0,地表,642.55
SC,W3403,越西贡莫台,28.48000,102.64000,0,70000000000.0,地表,453.15
SC,W3371,W3371台,28.39000,102.01000,0,70000000000.0,地表,900.00
SC,WU001,WU001,28.50000,102.65000,0,70000000000.0,地表,507.69
SC,W3305,冕宁后山台,28.40000,102.21000,0,70000000000.0,地表,664.85
SC,W3404,越西书姑台,28.48000,102.56000,0,70000000000.0,地表,842.10
SC,W3303,冕宁复兴台,28.43000,102.17000,0,70000000000.0,地表,495.03
SC,W3202,喜德登相营台,28.45000,102.34000,0,70000000000.0,地表,900.00
SC,W3373,W3373台,28.48000,101.86000,0,70000000000.0,地表,900.00
SC,W3405,越西四甘普台,28.61000,102.64000,0,70000000000.0,地表,900.00
SC,W3408,越西中所台,28.58000,102.50000,0,70000000000.0,地表,357.93
SC,W3302,冕宁地办台,28.55000,102.17000,0,70000000000.0,地表,300.81
SC,GLJM,GLJM,28.81000,102.86000,0,70000000000.0,基岩,900.00
SC,YXDH,YXDH,28.62000,102.44000,0,70000000000.0,基岩,745.31
SC,MNHA,MNHA,28.60000,102.18000,0,70000000000.0,基岩,821.08
SC,W3301,冕宁曹古台,28.65000,102.24000,0,70000000000.0,地表,854.02
SC,W3311,冕宁惠安台,28.65000,102.10000,0,70000000000.0,地表,724.77
SC,WN004,WN004,28.66000,102.19000,0,70000000000.0,地表,595.15
SC,KDKY,KDKY,30.52000,102.07000,0,70000000000.0,基岩,900.00
SC,V0103,V0103,29.35000,101.10000,0,70000000000.0,地表,873.28
SC,YXMH,YXMH,28.85000,102.58000,0,70000000000.0,基岩,900.00
SC,W3507,甘洛则拉台,28.85000,102.57000,0,70000000000.0,地表,900.00
SC,MNTW,MNTW,28.83000,102.29000,0,70000000000.0,基岩,629.31
SC,W3502,甘洛海棠台,29.04000,102.63000,0,70000000000.0,地表,616.51
GS,SUNDH,SUNDH,39.00000,99.81000,0,70000000000.0,基岩,469.43
QH,C0053,C0053,38.21000,100.01000,0,70000000000.0,地表,519.94
GS,SUNHW,SUNHW,38.84000,99.61000,0,70000000000.0,基岩,633.57
QH,QILYN,QILYN,38.49000,99.55000,0,70000000000.0,基岩,778.18
YN,C0216,C0216台,27.04000,103.66000,0,70000000000.0,地表,900.00
YN,C0209,C0209台,27.27000,103.75000,0,70000000000.0,地表,272.28
XJ,A003C,A003C,43.90000,87.52000,0,70000000000.0,地表,350.71
XJ,AG008,AG008,43.91000,87.54000,0,70000000000.0,地表,354.66
XJ,AG001,AG001,43.88000,87.55000,0,70000000000.0,地表,344.63
XJ,RY001,RY001,37.25000,79.75000,0,70000000000.0,地表,240.10
XJ,KS001,KS001,42.87000,90.21000,0,70000000000.0,地表,307.78
YN,D2605,D2605台,26.95000,103.47000,0,70000000000.0,地表,900.00
SC,ABKS,ABKS,32.61000,101.53000,0,70000000000.0,基岩,663.02
SC,U2801,U2801,32.64000,101.80000,0,70000000000.0,地表,613.32
SC,UM005,UM005,32.17000,102.16000,0,70000000000.0,地表,491.87
QH,F0017,F0017,32.89000,100.78000,0,70000000000.0,地表,698.27
QH,F0016,F0016,32.76000,100.79000,0,70000000000.0,地表,491.21
QH,FB060,FB060,32.72000,100.86000,0,70000000000.0,地表,790.62
SC,UR002,UR002,32.51000,101.05000,0,70000000000.0,地表,820.83
SC,UM006,UM006,31.87000,102.48000,0,70000000000.0,地表,900.00
SC,HYRK,HYRK,32.21000,102.49000,0,70000000000.0,基岩,517.21
SC,V2904,V2904,30.84000,100.69000,0,70000000000.0,地表,821.41
QH,FD057,FD057,33.30000,100.43000,0,70000000000.0,地表,451.81
QH,JUZSH,JUZSH,33.54000,100.93000,0,70000000000.0,基岩,661.43
QH,F0018,F0018,32.82000,100.28000,0,70000000000.0,地表,703.27
QH,F0015,F0015,33.09000,100.47000,0,70000000000.0,地表,434.27
QH,F0006,F0006,33.24000,100.64000,0,70000000000.0,地表,430.92
QH,F0014,F0014,33.10000,100.60000,0,70000000000.0,地表,900.00
SC,V3375,V3375台,32.13000,100.29000,0,70000000000.0,地表,555.93
SC,NLXJ,年龙乡基准站,32.36000,100.36000,0,70000000000.0,基岩,821.80
QH,F0010,F0010,33.39000,101.28000,0,70000000000.0,地表,900.00
QH,F0019,F0019,32.68000,100.48000,0,70000000000.0,地表,900.00
QH,BAMSL,BAMSL,32.95000,100.73000,0,70000000000.0,基岩,569.73
SC,V3376,V3376台,32.15000,100.47000,0,70000000000.0,地表,638.15
SC,V3302,V3302,32.58000,100.54000,0,70000000000.0,地表,623.16
SC,HSQL,HSQL,32.23000,103.15000,0,70000000000.0,基岩,571.28
SC,JCLW,JCLW,31.48000,102.06000,0,70000000000.0,基岩,900.00
SC,JYYS,JYYS,31.94000,104.83000,0,70000000000.0,基岩,715.15
SC,B8113,B8113,31.86000,104.75000,0,70000000000.0,地表,716.39
YN,C2603,C2603台,28.65000,104.25000,0,70000000000.0,地表,553.49
SC,BX001,BX001,31.51000,104.76000,0,70000000000.0,地表,569.48
SC,WTXJ,维它乡基准站,31.34000,101.16000,0,70000000000.0,基岩,900.00
SC,BF001,BF001,31.36000,104.64000,0,70000000000.0,地表,520.55
SC,ML001,ML001,30.51000,104.93000,0,70000000000.0,地表,472.88
SC,A2103,A2103,30.52000,104.87000,0,70000000000.0,地表,618.54
SC,A8507,A8507,30.53000,104.68000,0,70000000000.0,地表,378.30
SC,A8506,A8506,30.56000,104.61000,0,70000000000.0,地表,220.89
HL,E0005,E0005,46.04000,124.80000,0,70000000000.0,地表,220.84
JL,J0002,J0002,45.01000,124.04000,0,70000000000.0,地表,235.24
JL,J0003,J0003,45.16000,124.76000,0,70000000000.0,地表,234.05
GD,N8101,N8101,23.03000,115.84000,0,70000000000.0,地表,752.54
GD,N8102,N8102,22.92000,115.81000,0,70000000000.0,地表,276.41
GD,L0211,L0211,22.99000,114.35000,0,70000000000.0,地表,450.70
GD,L0305,L0305,22.90000,114.55000,0,70000000000.0,地表,556.87
QH,WEQ,WEQ,35.74000,95.28000,0,70000000000.0,基岩,552.52
SC,B0405,B0405,31.39000,105.01000,0,70000000000.0,地表,460.32
SC,BP003,BP003,32.61000,104.52000,0,70000000000.0,地表,900.00
SC,BP002,BP002,32.50000,104.23000,0,70000000000.0,地表,875.83
SC,R8102,R8102,31.65000,105.81000,0,70000000000.0,地表,828.00
SC,B2504,B2504,31.58000,105.32000,0,70000000000.0,地表,336.76
SC,B2503,B2503,31.58000,105.23000,0,70000000000.0,地表,723.71
SC,H2308,H2308,31.77000,105.72000,0,70000000000.0,地表,791.04
SC,HJ001,HJ001,31.80000,105.58000,0,70000000000.0,地表,789.38
SC,B2505,B2505,31.77000,105.26000,0,70000000000.0,地表,651.46
SC,PWU,平武台,32.42000,104.55000,0,70000000000.0,基岩,900.00
SC,H2304,H2304,31.90000,105.40000,0,70000000000.0,地表,716.65
SC,B8111,B8111,31.89000,105.05000,0,70000000000.0,地表,268.71
SC,B8114,B8114,31.89000,105.14000,0,70000000000.0,地表,586.89
SC,HJ002,HJ002,32.04000,105.47000,0,70000000000.0,地表,748.90
SC,H2307,H2307,32.02000,105.30000,0,70000000000.0,地表,697.69
SC,H2309,H2309,32.14000,105.38000,0,70000000000.0,地表,626.40
GS,G000D,G000D,38.02000,101.34000,0,70000000000.0,地表,377.49
GS,C0004,C0004,38.28000,101.84000,0,70000000000.0,地表,555.26
GS,H001B,H001B,38.62000,102.54000,0,70000000000.0,地表,234.51
GS,C0002,C0002,38.62000,102.35000,0,70000000000.0,地表,251.81
GS,H001A,H001A,38.20000,102.78000,0,70000000000.0,地表,240.72
GS,C0007,C0007,38.21000,102.54000,0,70000000000.0,地表,258.61
GS,G0016,G0016,38.80000,100.40000,0,70000000000.0,地表,296.74
GS,G0003,G0003,38.83000,100.84000,0,70000000000.0,地表,386.50
QH,C0054,C0054,38.22000,100.19000,0,70000000000.0,地表,610.41
GS,G0012,G0012,38.50000,100.64000,0,70000000000.0,地表,440.42
GS,G0011,G0011,38.51000,100.89000,0,70000000000.0,地表,368.81
NM,M0007,M0007,39.62000,103.08000,0,70000000000.0,地表,279.17
QH,B0076,B0076,35.94000,102.15000,0,70000000000.0,地表,476.93
GS,H0016,H0016,38.72000,103.01000,0,70000000000.0,地表,213.88
GS,H001F,H001F,38.55000,103.01000,0,70000000000.0,地表,212.86
GS,G0017,G0017,36.78000,102.68000,0,70000000000.0,地表,708.19
NM,M0005,M0005,39.22000,100.85000,0,70000000000.0,地表,485.15
NM,M000D,M000D,38.81000,101.56000,0,70000000000.0,地表,422.42
QH,CQ011,CQ011,38.21000,100.05000,0,70000000000.0,地表,433.65
QH,C0055,C0055,38.21000,100.10000,0,70000000000.0,地表,435.85
GS,C0001,C0001,38.44000,102.18000,0,70000000000.0,地表,400.82
GS,G000A,G000A,38.48000,100.42000,0,70000000000.0,地表,575.80
GS,G0015,G0015,38.48000,100.57000,0,70000000000.0,地表,423.53
GS,G0013,G0013,38.61000,100.87000,0,70000000000.0,地表,356.79
GS,G0007,G0007,38.63000,101.13000,0,70000000000.0,地表,360.53
GS,G000C,G000C,38.59000,101.13000,0,70000000000.0,地表,327.70
GS,G000B,G000B,38.09000,101.36000,0,70000000000.0,地表,377.67
SC,MLI,木里台,27.93000,101.27000,0,70000000000.0,基岩,900.00
JS,E0003,E0003,31.00000,120.72000,0,70000000000.0,地表,219.47
JS,E0006,E0006,31.28000,120.67000,0,70000000000.0,地表,239.21
JS,E0005,E0005,31.14000,120.33000,0,70000000000.0,地表,600.00
JS,E0001,E0001,31.30000,120.57000,0,70000000000.0,地表,218.76
JS,F0005,F0005,32.17000,120.60000,0,70000000000.0,地表,230.18
JS,L0002,L0002,32.19000,119.48000,0,70000000000.0,地表,263.72
JS,L0003,L0003,31.81000,119.29000,0,70000000000.0,地表,900.00
JS,M0001,M0001,32.31000,120.28000,0,70000000000.0,地表,218.37
JS,B0002,B0002,31.57000,120.35000,0,70000000000.0,地表,228.45
JS,B0001,B0001,31.53000,120.28000,0,70000000000.0,地表,246.45
JS,B0003,B0003,31.55000,119.74000,0,70000000000.0,地表,600.00
JS,L0001,L0001,31.89000,119.72000,0,70000000000.0,地表,231.75
JS,D0001,D0001,31.96000,119.94000,0,70000000000.0,地表,223.83
QH,F0026,F0026,34.31000,100.18000,0,70000000000.0,地表,655.66
GZ,C0002,C0002,27.53000,106.83000,0,70000000000.0,地表,437.22
GZ,F0005,F0005,27.28000,106.29000,0,70000000000.0,地表,900.00
GZ,F0004,F0004,27.37000,106.68000,0,70000000000.0,地表,900.00
GZ,A0001,A0001,27.00000,107.05000,0,70000000000.0,地表,900.00
GZ,A0002,A0002,26.58000,106.50000,0,70000000000.0,地表,338.10
SC,JAN,JAN,28.81000,105.16000,0,70000000000.0,基岩,364.78
SC,CNI,CNI,28.37000,104.87000,0,70000000000.0,基岩,586.31
SC,GXA,GXA,28.35000,104.77000,0,70000000000.0,基岩,648.67
SC,XWE,XWE,28.24000,105.18000,0,70000000000.0,基岩,755.83
SD,L0005,L0005,35.48000,119.35000,0,70000000000.0,地表,446.05
SD,L0006,L0006,35.37000,119.42000,0,70000000000.0,地表,309.84
SD,L002A,L002A,35.13000,119.27000,0,70000000000.0,地表,290.05
SH,L0003,L0003,31.50000,121.50000,0,70000000000.0,地表,600.00
JS,K0002,K0002,32.61000,119.36000,0,70000000000.0,地表,301.04
JS,G0003,G0003,34.31000,119.46000,0,70000000000.0,地表,212.63
JS,F0002,F0002,31.96000,121.62000,0,70000000000.0,地表,223.46
JS,H0001,H0001,33.54000,119.36000,0,70000000000.0,地表,220.19
JS,F0001,F0001,32.03000,120.81000,0,70000000000.0,地表,218.34
JS,K0001,K0001,33.10000,119.57000,0,70000000000.0,地表,232.06
JS,J0003,J0003,33.69000,119.58000,0,70000000000.0,地表,222.57
JS,F0004,F0004,32.27000,120.98000,0,70000000000.0,地表,212.61
JS,M0003,M0003,32.74000,120.11000,0,70000000000.0,地表,201.11
JS,J0006,J0006,33.23000,119.84000,0,70000000000.0,地表,224.44
JS,F0003,F0003,32.40000,120.82000,0,70000000000.0,地表,212.60
JS,J0001,J0001,34.03000,120.08000,0,70000000000.0,地表,180.00
JS,M0002,M0002,33.10000,120.08000,0,70000000000.0,地表,208.36
JS,J0002,J0002,32.76000,120.39000,0,70000000000.0,地表,224.93
JS,J0004,J0004,33.61000,120.03000,0,70000000000.0,地表,205.08
JS,J0005,J0005,33.54000,120.19000,0,70000000000.0,地表,220.75
SC,51LXK,理县木卡台,31.57000,103.34000,0,70000000000.0,地表,900.00
SC,51LDL,泸定冷磧台,29.79000,102.23000,0,70000000000.0,地表,900.00
SC,51SMC,石棉擦罗台,29.13000,102.34000,0,70000000000.0,地表,713.22
SC,51HYQ,汉源清溪台,29.58000,102.62000,0,70000000000.0,地表,548.91
SC,51SFS,什邡双盛台,31.40000,104.23000,0,70000000000.0,地表,279.42
SC,51DJZ,都江紫平台,31.02000,103.59000,0,70000000000.0,地表,248.30
SC,S2504,S2504,31.01000,107.04000,0,70000000000.0,地表,553.00
SC,R2201,R2201,31.17000,106.75000,0,70000000000.0,地表,798.00
SC,S2405,S2405,30.71000,107.29000,0,70000000000.0,地表,900.00
SC,51HYP,汉源黑马台,29.20000,102.79000,0,70000000000.0,地表,900.00
SC,S2502,S2502,31.00000,106.86000,0,70000000000.0,地表,428.00
SC,CD2,成都台,30.91000,103.76000,0,70000000000.0,基岩,258.90
SC,51YAM,名山科技台,30.07000,103.11000,0,70000000000.0,地表,376.07
SC,R2301,R2301,30.98000,106.68000,0,70000000000.0,地表,861.00
SC,R2104,R2104,31.18000,106.22000,0,70000000000.0,地表,900.00
SC,R2106,R2106,31.19000,106.05000,0,70000000000.0,地表,433.00
GZ,C0001,C0001,27.95000,107.20000,0,70000000000.0,地表,900.00
CQ,S0001,S0001,30.32000,107.32000,0,70000000000.0,地表,516.57
SC,S2501,S2501,30.84000,106.76000,0,70000000000.0,地表,343.00
GZ,A0003,A0003,27.89000,107.11000,0,70000000000.0,地表,900.00
SC,B2302,B2302,31.19000,105.59000,0,70000000000.0,地表,285.81
SC,R2302,R2302,30.91000,106.53000,0,70000000000.0,地表,345.00
SC,X0202,X0202,30.74000,106.79000,0,70000000000.0,地表,477.00
SC,R2304,R2304,31.03000,106.24000,0,70000000000.0,地表,900.00
SC,X2305,X2305,30.38000,107.17000,0,70000000000.0,地表,900.00
SC,B2208,B2208,31.15000,105.23000,0,70000000000.0,地表,577.50
SC,R2501,R2501,31.11000,105.79000,0,70000000000.0,地表,540.00
SC,X2303,X2303,30.43000,107.07000,0,70000000000.0,地表,900.00
SC,X0201,X0201,30.63000,106.85000,0,70000000000.0,地表,354.00
SC,B2306,B2306,31.14000,105.44000,0,70000000000.0,地表,694.69
YN,C2508,C2508台,27.94000,103.67000,0,70000000000.0,地表,433.83
SC,JJS,中江(金鸡寺)台,31.00000,104.55000,0,70000000000.0,基岩,560.07
YN,C2512,C2512台,28.01000,103.63000,0,70000000000.0,地表,900.00
SC,R2303,R2303,30.78000,106.59000,0,70000000000.0,地表,331.00
SC,R0202,R0202,30.96000,106.12000,0,70000000000.0,地表,429.00
SC,B2211,B2211,31.06000,105.08000,0,70000000000.0,地表,295.59
SC,J2205,J2205,31.03000,105.41000,0,70000000000.0,地表,766.89
SC,R2502,R2502,30.98000,105.76000,0,70000000000.0,地表,610.00
SC,R0201,R0201,30.91000,106.01000,0,70000000000.0,地表,311.00
SC,X2301,X2301,30.17000,107.08000,0,70000000000.0,地表,355.00
SC,X0203,X0203,30.62000,106.61000,0,70000000000.0,地表,566.00
CQ,CHS,长寿台,29.91000,107.23000,0,70000000000.0,基岩,900.00
SC,HYS,华蓥山台,30.42000,106.84000,0,70000000000.0,基岩,900.00
SC,R0301,R0301,30.78000,106.28000,0,70000000000.0,地表,475.00
SC,J2203,J2203,30.97000,105.27000,0,70000000000.0,地表,400.29
CQ,M0002,M0002,29.76000,107.25000,0,70000000000.0,地表,886.31
GZ,TZT,桐梓台,28.20000,106.98000,0,70000000000.0,基岩,900.00
SC,X2101,X2101,30.65000,106.46000,0,70000000000.0,地表,232.00
SC,X8101,X8101,30.44000,106.75000,0,70000000000.0,地表,699.00
YN,C2704,C2704,27.47000,105.22000,0,70000000000.0,地表,760.12
SC,J2206,J2206,30.93000,105.32000,0,70000000000.0,地表,425.41
SC,R0403,R0403,30.88000,105.79000,0,70000000000.0,地表,318.00
SC,X2304,X2304,30.25000,106.89000,0,70000000000.0,地表,413.00
SC,J2103,J2103,30.89000,105.65000,0,70000000000.0,地表,644.00
SC,51EMS,峨眉交大台,29.58000,103.44000,0,70000000000.0,地表,395.27
SC,J2201,J2201,30.89000,105.52000,0,70000000000.0,地表,791.00
SC,R0404,R0404,30.71000,106.21000,0,70000000000.0,地表,900.00
SC,J2202,J2202,30.87000,105.47000,0,70000000000.0,地表,696.00
YN,C2403,C2403台,28.01000,104.01000,0,70000000000.0,地表,637.63
YN,C2513,C2513台,28.21000,103.85000,0,70000000000.0,地表,412.51
CQ,M0001,M0001,29.84000,107.07000,0,70000000000.0,地表,734.27
SC,X2103,X2103,30.32000,106.70000,0,70000000000.0,地表,348.00
SC,X2106,X2106,30.45000,106.52000,0,70000000000.0,地表,657.00
YN,C2402,C2402台,28.15000,103.97000,0,70000000000.0,地表,817.28
SC,R0401,R0401,30.74000,105.84000,0,70000000000.0,地表,788.00
SC,B2209,B2209,30.79000,105.18000,0,70000000000.0,地表,692.88
GZ,F0006,F0006,27.66000,105.81000,0,70000000000.0,地表,900.00
SC,X2104,X2104,30.35000,106.60000,0,70000000000.0,地表,900.00
SC,F2305,F2305,30.76000,105.01000,0,70000000000.0,地表,523.48
SC,B2207,B2207,30.77000,105.09000,0,70000000000.0,地表,606.90
SC,J2104,J2104,30.76000,105.55000,0,70000000000.0,地表,356.64
SC,J2204,J2204,30.76000,105.30000,0,70000000000.0,地表,224.31
YN,C2812,C2812台,27.86000,104.47000,0,70000000000.0,地表,900.00
SC,X2105,X2105,30.38000,106.46000,0,70000000000.0,地表,596.00
SC,51SWH,乐山沙湾台,29.32000,103.60000,0,70000000000.0,地表,537.05
YN,C2306,C2306台,27.96000,104.34000,0,70000000000.0,地表,773.80
SC,X2302,X2302,30.06000,106.77000,0,70000000000.0,地表,900.00
SC,X2102,X2102,30.50000,106.23000,0,70000000000.0,地表,437.00
SC,R0402,R0402,30.57000,106.06000,0,70000000000.0,地表,293.00
YN,C2516,C2516台,28.30000,103.98000,0,70000000000.0,地表,603.04
SC,J2302,J2302,30.69000,105.18000,0,70000000000.0,地表,455.26
SC,51MBQ,马边荞坝台,28.80000,103.72000,0,70000000000.0,地表,295.05
YN,YAJ,盐津台,28.11000,104.23000,0,70000000000.0,基岩,636.91
CQ,YUB,渝北台,29.86000,106.83000,0,70000000000.0,基岩,900.00
YN,WEX,WEX,27.79000,104.96000,0,70000000000.0,基岩,786.88
SC,51MCL,沐川利店台,28.95000,103.72000,0,70000000000.0,地表,625.08
SC,J2105,J2105,30.64000,105.44000,0,70000000000.0,地表,662.19
SC,J2303,J2303,30.61000,105.16000,0,70000000000.0,地表,383.40
CQ,WAS,万盛台,28.87000,106.91000,0,70000000000.0,基岩,900.00
SC,F2308,F2308,30.58000,105.09000,0,70000000000.0,地表,351.20
SC,51LSL,乐山凌云台,29.53000,103.82000,0,70000000000.0,地表,233.67
SC,J2301,J2301,30.52000,105.28000,0,70000000000.0,地表,388.06
SC,51MCX,沐川幸福台,28.94000,103.90000,0,70000000000.0,地表,429.33
CQ,D0001,D0001,29.72000,106.61000,0,70000000000.0,地表,900.00
SC,51LSQ,犍为地办台,29.21000,103.95000,0,70000000000.0,地表,315.83
SC,J0405,J0405,30.40000,105.46000,0,70000000000.0,地表,477.45
SC,E2502,E2502,28.05000,105.74000,0,70000000000.0,地表,859.00
YN,C2605,C2605台,28.64000,104.17000,0,70000000000.0,地表,616.64
CQ,A0001,A0001,29.56000,106.56000,0,70000000000.0,地表,892.69
CQ,CQT,重庆台,29.42000,106.57000,0,70000000000.0,基岩,698.99
CQ,B0001,B0001,29.38000,106.54000,0,70000000000.0,地表,900.00
SC,51CST,自贡长山台,29.48000,104.22000,0,70000000000.0,地表,342.21
SC,51GXT,珙县中学台,28.43000,104.70000,0,70000000000.0,地表,617.81
SC,51YBG,宜宾高场台,28.80000,104.40000,0,70000000000.0,地表,477.05
SC,HMS,荣县(花马石）台,29.57000,104.40000,0,70000000000.0,基岩,781.90
SC,AYU,安岳台,30.05000,105.34000,0,70000000000.0,基岩,509.23
SC,GSZ,GSZ,29.40000,104.41000,0,70000000000.0,基岩,350.46
SC,51GYT,宜宾观音台,29.11000,104.39000,0,70000000000.0,基岩,248.23
SC,BXC,BXC,29.47000,104.50000,0,70000000000.0,基岩,538.24
SC,JLT,JLT,29.55000,104.54000,0,70000000000.0,基岩,654.26
SC,WBZ,WBZ,29.23000,104.49000,0,70000000000.0,基岩,226.44
SC,WXC,WXC,29.43000,104.53000,0,70000000000.0,基岩,340.09
SC,51CNT,宜宾长宁台,28.58000,104.92000,0,70000000000.0,基岩,354.75
SC,DXZ,DXZ,29.30000,104.53000,0,70000000000.0,基岩,275.81
SC,51ZGS,自贡三元台,29.39000,104.59000,0,70000000000.0,基岩,288.15
SC,SSC,SSC,29.56000,104.70000,0,70000000000.0,基岩,286.28
SC,TGT,TGT,29.62000,104.81000,0,70000000000.0,基岩,413.52
SC,RHZ,RHZ,29.57000,104.81000,0,70000000000.0,基岩,356.15
SC,51ZG3,自贡台阵3台,29.34000,104.74000,0,70000000000.0,基岩,429.27
SC,51ZG1,自贡台阵1台,29.34000,104.74000,0,70000000000.0,地表,429.27
SC,51ZG2,自贡台阵2台,29.34000,104.74000,0,70000000000.0,基岩,429.27
SC,51NXT,宜宾南溪台,28.84000,104.97000,0,70000000000.0,地表,501.05
SC,51LZT,泸州专业台,28.87000,105.44000,0,70000000000.0,基岩,335.52
SC,51DST,自贡代寺台,29.22000,105.14000,0,70000000000.0,地表,281.70
GX,F0003,F0003,23.11000,107.14000,0,70000000000.0,地表,577.66
GX,L0002,L0002,23.57000,107.17000,0,70000000000.0,地表,772.46
GX,L0009,L0009,23.14000,106.43000,0,70000000000.0,地表,748.13
GX,L0003,L0003,23.33000,106.62000,0,70000000000.0,地表,837.39
QH,QSH,清水河台,33.83000,97.12000,0,70000000000.0,基岩,338.44
QH,BYKL,BYKL,34.20000,97.78000,0,70000000000.0,基岩,568.00
CQ,ROC,荣昌台,29.38000,105.44000,0,70000000000.0,基岩,801.10
SC,51JYT,江油专业台,31.78000,104.75000,0,70000000000.0,地表,225.84
SC,51PJW,蒲江五星台,30.30000,103.65000,0,70000000000.0,地表,224.94
SC,51PXZ,郫县走石台,30.91000,103.76000,0,70000000000.0,基岩,258.90
SC,51DJH,都江虹口台,31.11000,103.65000,0,70000000000.0,地表,900.00
SC,V3075,V3075台,32.44000,98.96000,0,70000000000.0,地表,508.52
SC,V3271,V3271台,33.00000,98.52000,0,70000000000.0,地表,590.71
SC,V3276,V3276台,32.87000,98.68000,0,70000000000.0,地表,418.55
YN,F0201,F0201,24.33000,102.39000,0,70000000000.0,地表,631.82
YN,YIM,易门台,24.70000,102.14000,0,70000000000.0,基岩,597.21
GS,DHT,敦煌台,40.03000,94.81000,0,70000000000.0,基岩,533.79
QH,WTM,乌图美仁台,36.82000,92.81000,0,70000000000.0,基岩,544.41
YN,F2501,F2501,24.82000,102.23000,0,70000000000.0,地表,577.12
YN,TBG,TBG,24.60000,97.65000,0,70000000000.0,基岩,367.93
YN,TUS,团山台,25.61000,100.25000,0,70000000000.0,基岩,600.00
GS,HXP,河西堡台,38.39000,102.11000,0,70000000000.0,基岩,371.38
SC,DFU,道孚台,30.99000,101.12000,0,70000000000.0,基岩,900.00
SC,MEK,马尔康台,31.90000,102.22000,0,70000000000.0,基岩,417.84
SC,V2971,V2971台,31.05000,100.32000,0,70000000000.0,地表,844.96
QH,LWS,龙王山台,36.92000,102.12000,0,70000000000.0,基岩,900.00
QH,QIL,祁连台,38.15000,100.18000,0,70000000000.0,基岩,900.00
QH,DAT,大通台,36.94000,101.70000,0,70000000000.0,基岩,558.10
SC,RTA,壤塘台,32.27000,100.98000,0,70000000000.0,基岩,856.22
GS,MQT,玛曲台,34.02000,102.06000,0,70000000000.0,基岩,644.47
QH,HUY,湟源台,36.66000,101.19000,0,70000000000.0,基岩,504.09
QH,DLH,德令哈台,37.38000,97.38000,0,70000000000.0,基岩,384.28
QH,NAQ,囊谦台,32.20000,96.45000,0,70000000000.0,基岩,717.70
SC,V3374,V3374台,32.27000,100.35000,0,70000000000.0,地表,423.35
QH,JIZ,久治台,33.43000,101.47000,0,70000000000.0,基岩,652.40
SC,V3377,V3377台,32.21000,100.21000,0,70000000000.0,地表,530.59
SC,V3074,V3074台,31.88000,99.33000,0,70000000000.0,地表,386.79
SC,V3076,V3076台,32.00000,99.56000,0,70000000000.0,地表,873.71
QH,HEN,河南台,34.74000,101.67000,0,70000000000.0,基岩,598.70
SC,MNGG,马尼干戈镇基准站,31.93000,99.19000,0,70000000000.0,基岩,655.57
SC,V3073,V3073台,32.07000,99.12000,0,70000000000.0,地表,900.00
SC,V2871,V2871台,32.28000,99.75000,0,70000000000.0,地表,528.73
QH,JXG,江西沟台,36.59000,100.29000,0,70000000000.0,基岩,444.13
SC,V2877,V2877台,32.31000,99.63000,0,70000000000.0,地表,518.70
SC,V2873,V2873台,32.24000,98.76000,0,70000000000.0,地表,879.93
SC,LDXJ,浪多乡基准站,32.30000,98.94000,0,70000000000.0,基岩,416.77
SC,V3273,V3273台,32.37000,98.66000,0,70000000000.0,地表,419.89
SC,LXZJ,洛须镇基准站,32.48000,97.99000,0,70000000000.0,基岩,754.05
QH,QML,曲麻莱台,34.17000,95.83000,0,70000000000.0,基岩,539.93
SC,V3277,V3277台,32.72000,98.38000,0,70000000000.0,地表,537.25
QH,DUL,都兰台,36.28000,98.12000,0,70000000000.0,基岩,344.34
SC,V3275,V3275台,32.97000,98.09000,0,70000000000.0,地表,557.73
QH,63DAW,大武台,34.48000,100.25000,0,70000000000.0,地表,475.61
QH,XIH,兴海台,35.51000,99.81000,0,70000000000.0,基岩,476.78
QH,DAR,达日台,33.73000,99.65000,0,70000000000.0,基岩,404.79
YN,LAP,LAP,26.47000,99.42000,0,70000000000.0,基岩,900.00
YN,NAJ,NAJ,25.05000,100.52000,0,70000000000.0,基岩,546.67
YN,YUL,云龙台,25.89000,99.37000,0,70000000000.0,基岩,450.09
YN,EYA,洱源台,26.11000,99.95000,0,70000000000.0,基岩,613.15
YN,53JQJ,曲江台,23.93000,102.86000,0,70000000000.0,地表,351.47
YN,53SPX,石屏台,23.72000,102.47000,0,70000000000.0,地表,369.57
YN,53PRX,普洱台,22.78000,100.97000,0,70000000000.0,地表,293.32
YN,F0302,F0302,24.36000,102.87000,0,70000000000.0,地表,539.78
YN,F2301,F2301,24.20000,102.59000,0,70000000000.0,地表,486.80
YN,YUJ,元江台,23.57000,101.98000,0,70000000000.0,基岩,900.00
YN,A1401,A1401,24.79000,102.79000,0,70000000000.0,地表,238.29
YN,A1501,A1501,24.56000,102.69000,0,70000000000.0,地表,543.12
YN,53YHT,红塔集团台,24.33000,102.56000,0,70000000000.0,地表,517.19
YN,A1403,A1403,24.91000,102.79000,0,70000000000.0,地表,348.94
YN,53LFB,富邦台,22.91000,99.80000,0,70000000000.0,地表,900.00
YN,A1505,A1505,24.69000,102.69000,0,70000000000.0,地表,527.21
YN,53JKY,昆阳台,24.66000,102.61000,0,70000000000.0,地表,292.84
YN,53SJZ,技工学校台,25.10000,102.76000,0,70000000000.0,地表,420.72
YN,53LGX,理工大（新迎）台,25.05000,102.73000,0,70000000000.0,地表,226.46
YN,A1102,A1102,24.95000,102.70000,0,70000000000.0,地表,231.43
YN,53SJB,工人新村台,25.03000,102.70000,0,70000000000.0,地表,228.99
YN,53YXY,艺术学院台,25.06000,102.67000,0,70000000000.0,地表,268.64
YN,A1502,A1502,24.56000,102.43000,0,70000000000.0,地表,522.25
YN,A1202,A1202,24.81000,102.54000,0,70000000000.0,地表,464.38
YN,A8104,A8104,24.95000,102.58000,0,70000000000.0,地表,428.89
YN,A2401,A2401,25.53000,102.67000,0,70000000000.0,地表,532.92
SC,W2612,W2612,26.44000,102.52000,0,70000000000.0,地表,507.42
YN,53XPX,新平台,24.07000,101.98000,0,70000000000.0,地表,550.70
YN,A2802,A2802,26.16000,102.56000,0,70000000000.0,地表,406.76
YN,A1201,A1201,25.10000,102.52000,0,70000000000.0,地表,647.48
YN,A2809,A2809,25.87000,102.59000,0,70000000000.0,地表,584.87
YN,A2810,A2810,25.65000,102.58000,0,70000000000.0,地表,450.50
YN,A8105,A8105,24.86000,102.41000,0,70000000000.0,地表,359.13
YN,A2805,A2805,25.75000,102.52000,0,70000000000.0,地表,413.73
YN,53YMX,易门台,24.67000,102.17000,0,70000000000.0,地表,453.82
YN,A8103,A8103,25.02000,102.32000,0,70000000000.0,地表,462.76
YN,A2803,A2803,25.98000,102.39000,0,70000000000.0,地表,781.44
YN,53JYP,永平镇台,23.42000,100.40000,0,70000000000.0,地表,342.30
YN,E3104,E3104,25.17000,102.31000,0,70000000000.0,地表,583.82
YN,E3108,E3108,25.29000,102.30000,0,70000000000.0,地表,755.96
YN,E2902,E2902,25.71000,102.32000,0,70000000000.0,地表,701.46
YN,E3105,E3105,25.49000,102.26000,0,70000000000.0,地表,729.22
YN,F2506,F2506,24.89000,102.10000,0,70000000000.0,地表,416.62
YN,E2906,E2906,25.53000,102.16000,0,70000000000.0,地表,401.27
YN,E2907,E2907,25.82000,102.16000,0,70000000000.0,地表,478.12
YN,E3111,E3111,25.25000,102.09000,0,70000000000.0,地表,264.39
YN,E2903,E2903,25.94000,102.10000,0,70000000000.0,地表,892.29
YN,E3103,E3103,25.05000,101.99000,0,70000000000.0,地表,287.69
YN,E2901,E2901,25.66000,102.10000,0,70000000000.0,地表,611.62
YN,ZHY,ZHY,24.00000,101.11000,0,70000000000.0,基岩,721.84
YN,E3107,E3107,25.39000,102.05000,0,70000000000.0,地表,691.82
YN,E2904,E2904,25.88000,102.01000,0,70000000000.0,地表,619.50
YN,E2803,E2803,25.72000,102.01000,0,70000000000.0,地表,452.76
SC,PZH,攀枝花台,26.50000,101.74000,0,70000000000.0,基岩,598.91
YN,YUM,元谋台,25.69000,101.86000,0,70000000000.0,基岩,497.86
YN,LIC,临沧台,23.88000,100.07000,0,70000000000.0,基岩,900.00
YN,MAS,芒市台,24.42000,98.59000,0,70000000000.0,基岩,472.06
YN,CUX,楚雄台,25.03000,101.54000,0,70000000000.0,基岩,397.75
YN,HUP,华坪台,26.59000,101.20000,0,70000000000.0,基岩,476.18
YN,53LLP,龙蟠台,27.10000,100.07000,0,70000000000.0,地表,652.34
YN,DAY,大姚台,25.73000,101.32000,0,70000000000.0,基岩,395.69
YN,53YRH,仁和台,26.47000,101.02000,0,70000000000.0,地表,451.30
YN,YOS,永胜台,26.69000,100.77000,0,70000000000.0,基岩,581.87
YN,YUX,云县台,24.43000,100.15000,0,70000000000.0,基岩,701.88
YN,53LKT,六库台,25.83000,98.85000,0,70000000000.0,基岩,900.00
YN,LUS,泸水台,25.83000,98.85000,0,70000000000.0,基岩,900.00
YN,BAS,保山台,25.12000,99.15000,0,70000000000.0,基岩,638.40
YN,53BCJ,宾川台,25.82000,100.57000,0,70000000000.0,地表,357.86
YN,53BTH,太和台,25.85000,100.51000,0,70000000000.0,地表,546.76
YN,53YBX,漾濞台,25.67000,99.96000,0,70000000000.0,地表,486.63
YN,TNC,腾冲台,25.03000,98.52000,0,70000000000.0,基岩,366.12
YN,CHN,CHN,24.88000,99.65000,0,70000000000.0,基岩,462.85
YN,YOD,永德台,24.04000,99.25000,0,70000000000.0,基岩,900.00
HE,B0003,B0003,39.28000,118.24000,0,70000000000.0,地表,191.64
HE,B0056,B0056,39.29000,119.12000,0,70000000000.0,地表,180.00
HE,B0059,B0059,39.26000,118.97000,0,70000000000.0,地表,189.52
HE,B0061,B0061,39.38000,119.15000,0,70000000000.0,地表,211.12
HE,B0108,B0108,39.27000,118.56000,0,70000000000.0,地表,207.98
HE,B0096,B0096,40.11000,118.30000,0,70000000000.0,地表,464.37
HE,B0013,B0013,39.37000,118.36000,0,70000000000.0,地表,199.63
HE,B0055,B0055,39.31000,118.84000,0,70000000000.0,地表,208.32
HE,B0015,B0015,39.46000,118.27000,0,70000000000.0,地表,209.86
HE,B0010,B0010,39.51000,118.24000,0,70000000000.0,地表,194.32
HE,B1001,B1001,39.43000,118.33000,0,70000000000.0,地表,191.66
HE,B0074,B0074,40.17000,118.83000,0,70000000000.0,地表,351.45
HE,B0019,B0019,40.02000,118.28000,0,70000000000.0,地表,475.65
HE,B1004,B1004,39.98000,118.26000,0,70000000000.0,地表,254.11
HE,B0084,B0084,40.15000,118.68000,0,70000000000.0,地表,324.01
HE,B0051,B0051,39.42000,119.00000,0,70000000000.0,地表,196.33
HE,B0054,B0054,39.38000,118.90000,0,70000000000.0,地表,214.77
HE,B0086,B0086,40.12000,118.89000,0,70000000000.0,地表,266.79
HE,B0032,B0032,39.43000,118.45000,0,70000000000.0,地表,211.72
HE,B0087,B0087,40.12000,118.77000,0,70000000000.0,地表,241.04
HE,B0018,B0018,39.79000,118.23000,0,70000000000.0,地表,230.95
HE,B0081,B0081,40.10000,118.57000,0,70000000000.0,地表,378.98
HE,B0031,B0031,39.67000,118.25000,0,70000000000.0,地表,252.39
HE,B0023,B0023,39.86000,118.26000,0,70000000000.0,地表,383.27
HE,B0043,B0043,39.50000,118.41000,0,70000000000.0,地表,213.32
HE,B1006,B1006,39.73000,118.29000,0,70000000000.0,地表,382.16
HE,B0078,B0078,40.02000,118.49000,0,70000000000.0,地表,581.66
HE,B0071,B0071,39.96000,118.40000,0,70000000000.0,地表,474.70
HE,B0062,B0062,39.81000,118.33000,0,70000000000.0,地表,301.43
HE,B0005,B0005,39.59000,118.39000,0,70000000000.0,地表,227.72
HE,B0045,B0045,39.47000,118.62000,0,70000000000.0,地表,249.19
HE,B0030,B0030,39.68000,118.35000,0,70000000000.0,地表,214.30
HE,B0088,B0088,40.00000,118.84000,0,70000000000.0,地表,206.27
HE,B0035,B0035,39.56000,118.48000,0,70000000000.0,地表,207.23
HE,B0080,B0080,40.01000,118.72000,0,70000000000.0,地表,196.70
HE,B0040,B0040,39.50000,118.77000,0,70000000000.0,地表,195.46
HE,B0063,B0063,39.85000,118.41000,0,70000000000.0,地表,255.71
HE,B0082,B0082,39.99000,118.68000,0,70000000000.0,地表,195.72
HE,B0083,B0083,39.96000,118.56000,0,70000000000.0,地表,294.60
HE,B0029,B0029,39.64000,118.45000,0,70000000000.0,地表,228.64
HE,B0075,B0075,39.91000,118.50000,0,70000000000.0,地表,327.09
HE,B0033,B0033,39.53000,118.69000,0,70000000000.0,地表,224.93
HE,B0076,B0076,39.95000,118.81000,0,70000000000.0,地表,282.19
HE,B0042,B0042,39.56000,118.81000,0,70000000000.0,地表,200.11
HE,B0069,B0069,39.85000,118.92000,0,70000000000.0,地表,502.17
HE,B0028,B0028,39.78000,118.49000,0,70000000000.0,地表,428.02
HE,B0036,B0036,39.82000,118.54000,0,70000000000.0,地表,319.27
HE,B0068,B0068,39.68000,118.55000,0,70000000000.0,地表,221.28
HE,B0039,B0039,39.63000,118.79000,0,70000000000.0,地表,210.53
HE,B0067,B0067,39.85000,118.70000,0,70000000000.0,地表,245.39
HE,B0066,B0066,39.75000,118.59000,0,70000000000.0,地表,256.43
HE,B0070,B0070,39.66000,118.70000,0,70000000000.0,地表,236.12
HE,B0065,B0065,39.73000,118.75000,0,70000000000.0,地表,236.56
HE,B0064,B0064,39.75000,118.67000,0,70000000000.0,地表,277.40
XZ,NAQ,那曲台,31.45000,92.09000,0,70000000000.0,基岩,469.76
SC,ZJG,江油(仲家沟)台,31.79000,104.67000,0,70000000000.0,基岩,551.79
SC,AXI,安县台,31.64000,104.43000,0,70000000000.0,基岩,506.50
YN,MEL,孟连台,22.34000,99.58000,0,70000000000.0,基岩,418.34
HE,KUC,宽城台,40.59000,118.47000,0,70000000000.0,基岩,540.66
HE,QIL,青龙台,40.42000,118.90000,0,70000000000.0,基岩,785.03
HE,B1010,B1010,40.18000,117.66000,0,70000000000.0,地表,353.56
HE,B0050,B0050,39.20000,118.96000,0,70000000000.0,地表,203.24
HE,B0094,B0094,40.42000,118.19000,0,70000000000.0,地表,545.32
HE,B0116,B0116,40.16000,117.73000,0,70000000000.0,地表,275.66
HE,B0115,B0115,39.74000,117.60000,0,70000000000.0,地表,210.26
HE,B0053,B0053,39.45000,119.15000,0,70000000000.0,地表,190.62
HE,B0111,B0111,39.83000,117.62000,0,70000000000.0,地表,226.24
HE,B0126,B0126,40.10000,117.74000,0,70000000000.0,地表,361.43
HE,B0048,B0048,39.39000,119.07000,0,70000000000.0,地表,199.55
HE,B0006,B0006,39.23000,118.07000,0,70000000000.0,地表,206.82
HE,B0097,B0097,40.38000,118.28000,0,70000000000.0,地表,402.69
HE,B0128,B0128,40.31000,118.06000,0,70000000000.0,地表,513.63
HE,B0058,B0058,39.32000,118.94000,0,70000000000.0,地表,191.98
HE,B0122,B0122,40.17000,117.86000,0,70000000000.0,地表,271.28
HE,B0110,B0110,39.92000,117.71000,0,70000000000.0,地表,218.82
HE,B0113,B0113,39.76000,117.70000,0,70000000000.0,地表,180.00
HE,B1007,B1007,39.62000,117.73000,0,70000000000.0,地表,200.09
HE,B0008,B0008,39.29000,118.09000,0,70000000000.0,地表,186.18
HE,B1011,B1011,40.19000,117.96000,0,70000000000.0,地表,230.02
HE,B0120,B0120,40.02000,117.80000,0,70000000000.0,地表,229.72
HE,B1008,B1008,39.83000,117.74000,0,70000000000.0,地表,218.96
HE,B0052,B0052,39.29000,118.73000,0,70000000000.0,地表,180.00
HE,B0121,B0121,40.23000,118.06000,0,70000000000.0,地表,435.61
HE,B1009,B1009,39.67000,117.76000,0,70000000000.0,地表,221.12
HE,B0093,B0093,40.28000,118.21000,0,70000000000.0,地表,408.07
HE,B0117,B0117,40.09000,117.90000,0,70000000000.0,地表,203.40
HE,B0090,B0090,40.28000,118.33000,0,70000000000.0,地表,667.20
HE,B0089,B0089,40.26000,118.51000,0,70000000000.0,地表,319.35
HE,B0020,B0020,39.62000,117.85000,0,70000000000.0,地表,204.98
HE,B0044,B0044,39.32000,118.61000,0,70000000000.0,地表,183.54
HE,B0038,B0038,39.35000,118.71000,0,70000000000.0,地表,200.40
HE,B1002,B1002,39.39000,118.09000,0,70000000000.0,地表,189.55
HE,B0012,B0012,39.52000,117.94000,0,70000000000.0,地表,180.00
HE,B0077,B0077,40.19000,118.72000,0,70000000000.0,地表,480.36
HE,C1004,C1004,39.58000,118.98000,0,70000000000.0,地表,227.65
HE,B0109,B0109,39.75000,117.85000,0,70000000000.0,地表,203.81
HE,B0004,B0004,39.46000,118.03000,0,70000000000.0,地表,180.00
HE,B0125,B0125,40.12000,118.11000,0,70000000000.0,地表,413.85
HE,B0114,B0114,39.88000,117.91000,0,70000000000.0,地表,180.00
HE,B0024,B0024,39.67000,117.92000,0,70000000000.0,地表,180.00
HE,B0092,B0092,40.18000,118.56000,0,70000000000.0,地表,322.08
HE,B0011,B0011,39.46000,118.13000,0,70000000000.0,地表,209.24
HE,B0118,B0118,40.00000,118.01000,0,70000000000.0,地表,519.07
HE,C1008,C1008,39.84000,118.94000,0,70000000000.0,地表,482.27
HE,B0027,B0027,39.58000,118.01000,0,70000000000.0,地表,224.47
HE,B0009,B0009,39.52000,118.08000,0,70000000000.0,地表,180.00
HE,B0091,B0091,40.14000,118.45000,0,70000000000.0,地表,395.72
HE,B0026,B0026,39.90000,118.01000,0,70000000000.0,地表,253.97
HE,B0124,B0124,40.07000,118.18000,0,70000000000.0,地表,440.32
HE,B0017,B0017,39.54000,118.15000,0,70000000000.0,地表,186.44
HE,B1003,B1003,39.57000,118.12000,0,70000000000.0,地表,233.84
HE,B0101,B0101,39.67000,118.11000,0,70000000000.0,地表,213.94
HE,B0098,B0098,39.60000,118.21000,0,70000000000.0,地表,206.85
HE,B0100,B0100,39.71000,118.18000,0,70000000000.0,地表,222.19
HE,B1005,B1005,39.84000,118.19000,0,70000000000.0,地表,262.58
YN,D2613,D2613台,26.39000,103.53000,0,70000000000.0,地表,417.66
YN,D2601,D2601台,26.52000,103.15000,0,70000000000.0,地表,579.12
YN,A2903,A2903,25.65000,102.79000,0,70000000000.0,地表,542.27
YN,D2612,D2612台,26.41000,103.30000,0,70000000000.0,地表,845.50
YN,A2901,A2901,25.83000,102.98000,0,70000000000.0,地表,469.97
YN,A2905,A2905,25.94000,103.00000,0,70000000000.0,地表,468.45
YN,DOC,东川台,26.09000,103.19000,0,70000000000.0,基岩,693.49
GZ,WNT,威宁台,26.91000,104.30000,0,70000000000.0,基岩,584.40
XJ,YUT,于田台,36.43000,82.00000,0,70000000000.0,基岩,703.52
YN,D2603,D2603台,26.82000,103.58000,0,70000000000.0,地表,900.00
YN,C2205,C2205台,26.76000,103.00000,0,70000000000.0,地表,900.00
YN,C2107,C2107台,27.01000,103.61000,0,70000000000.0,地表,900.00
YN,QIJ,巧家台,26.91000,102.94000,0,70000000000.0,基岩,900.00
YN,C2212,C2212台,26.86000,103.12000,0,70000000000.0,地表,900.00
YN,C2106,C2106台,27.04000,103.47000,0,70000000000.0,地表,773.14
YN,C2203,C2203台,27.01000,102.92000,0,70000000000.0,地表,900.00
YN,C2201,C2201台,27.36000,102.98000,0,70000000000.0,地表,900.00
SC,W2701,宁南白鹤滩台,27.18000,102.90000,0,70000000000.0,地表,557.15
YN,C2112,C2112台,27.23000,103.41000,0,70000000000.0,地表,508.77
YN,C2105,C2105台,27.13000,103.40000,0,70000000000.0,地表,554.06
SC,51QCQ,青川桥楼台,32.49000,104.93000,0,70000000000.0,地表,477.65
SC,51LSH,芦山凤禾台,30.08000,102.91000,0,70000000000.0,地表,765.30
SC,51CDZ,成都中和台,30.56000,104.09000,0,70000000000.0,地表,219.15
