network,station,name,lat,lon,alt,sensitivity,site,vs30
K-NET,AIC001,BISAI,35.297400,136.750500,5.0,70000000000.0,K-NET11A,
K-NET,AIC002,KOMAKI,35.297900,136.915400,21.0,70000000000.0,K-NET11A,
K-NET,AIC003,TSUSHIMA,35.173400,136.740200,-1.0,70000000000.0,K-NET11A,
K-NET,AIC004,NAGOYA,35.063100,136.973800,30.0,70000000000.0,K-NET11A,
K-NET,AIC005,FUJIOKA,35.198300,137.206100,134.0,70000000000.0,K-NET11A,
K-NET,AIC006,INABU,35.215800,137.508900,505.0,70000000000.0,K-NET11A,
K-NET,AIC008,SHITARA,35.100600,137.575700,479.0,70000000000.0,K-NET11A,
K-NET,AIC009,TOYOTA,35.081300,137.146600,55.0,70000000000.0,K-NET11A,
K-NET,AIC010,TSUKUDE,34.980300,137.429700,539.0,70000000000.0,K-NET11A,
K-NET,AIC011,CHITA,34.996600,136.864100,5.0,70000000000.0,K-NET11A,
K-NET,AIC012,ANJO,34.911900,137.044600,4.0,70000000000.0,K-NET11A,
K-NET,AIC013,NAGASHINO,34.952900,137.606700,92.0,70000000000.0,K-NET11A,
K-NET,AIC014,GAMAGORI,34.828500,137.219900,10.0,70000000000.0,K-NET11A,
K-NET,AIC015,TOYOHASHI,34.755200,137.404000,17.0,70000000000.0,K-NET11A,
K-NET,AIC016,MIHAMA,34.778400,136.908200,4.0,70000000000.0,K-NET11A,
K-NET,AIC017,TAHARA,34.669700,137.263800,10.0,70000000000.0,K-NET11A,
K-NET,AIC018,ATSUMI,34.622000,137.108600,22.0,70000000000.0,K-NET11A,
K-NET,AKT001,KOSAKA,40.328000,140.742900,166.0,70000000000.0,K-NET11B,
K-NET,AKT002,OHDATE,40.267600,140.566400,69.0,70000000000.0,K-NET11C,
K-NET,AKT003,FUJISATO,40.278400,140.263100,35.0,70000000000.0,K-NET11C,
K-NET,AKT004,HACHIMORI,40.388600,139.982200,27.0,70000000000.0,K-NET11C,
K-NET,AKT005,NOSHIRO,40.202000,140.028600,17.0,70000000000.0,K-NET11C,
K-NET,AKT006,KAZUNO,40.215300,140.787300,123.0,70000000000.0,K-NET11B,
K-NET,AKT007,KOTOOKA,40.037600,140.091900,17.0,70000000000.0,K-NET11C,
K-NET,AKT008,IITAGAWA,39.884000,140.070600,4.0,70000000000.0,K-NET11C,
K-NET,AKT009,OGA,39.886900,139.846700,16.0,70000000000.0,K-NET11C,
K-NET,AKT010,AKITA,39.722300,140.099800,6.0,70000000000.0,K-NET11C,
K-NET,AKT011,MIYATA,39.813300,140.580500,315.0,70000000000.0,K-NET11B,
K-NET,AKT012,TAZAWAKO,39.701400,140.717800,206.0,70000000000.0,K-NET11B,
K-NET,AKT013,KYOWA,39.607100,140.320900,39.0,70000000000.0,K-NET11C,
K-NET,AKT014,KAKUNODATE,39.595000,140.557300,56.0,70000000000.0,K-NET11B,
K-NET,AKT015,HONJO,39.384400,140.051900,5.0,70000000000.0,K-NET11C,
K-NET,AKT016,OHMAGARI,39.454500,140.475800,25.0,70000000000.0,K-NET11C,
K-NET,AKT017,YOKOTE,39.297800,140.562100,81.0,70000000000.0,K-NET11C,
K-NET,AKT018,CHOKAI,39.193700,140.189900,114.0,70000000000.0,K-NET11B,
K-NET,AKT019,OGACHI,39.039000,140.449000,173.0,70000000000.0,K-NET11B,
K-NET,AKT020,KISAKATA,39.202700,139.908800,7.0,70000000000.0,K-NET11B,
K-NET,AKT021,ANI,39.994000,140.403500,119.0,70000000000.0,K-NET11B,
K-NET,AKT022,TAMAGAWA,39.773900,140.666900,270.0,70000000000.0,K-NET11B,
K-NET,AKT023,TSUBAKIDAI,39.146400,140.716100,277.0,70000000000.0,K-NET11B,
K-NET,AOM001,OHMA,41.526900,140.924600,38.0,70000000000.0,K-NET18,
K-NET,AOM002,FUKUURA,41.328000,140.813200,13.0,70000000000.0,K-NET11B,
K-NET,AOM003,OHHATA,41.405400,141.169900,2.0,70000000000.0,K-NET11B,
K-NET,AOM004,SHIRIYA,41.406400,141.447700,29.0,70000000000.0,K-NET18,
K-NET,AOM005,MUTSU,41.294900,141.197200,10.0,70000000000.0,K-NET11B,
K-NET,AOM006,KAWAUCHI,41.197600,140.997900,1.0,70000000000.0,K-NET11B,
K-NET,AOM007,MINAMIDORI,41.168900,141.384500,17.0,70000000000.0,K-NET18,
K-NET,AOM008,YOKOHAMA,41.084400,141.255400,16.0,70000000000.0,K-NET11B,
K-NET,AOM009,ROKKASHO,40.965800,141.373000,13.0,70000000000.0,K-NET18,
K-NET,AOM010,NOHEJI,40.872400,141.142700,21.0,70000000000.0,K-NET18,
K-NET,AOM011,MISAWA,40.680300,141.366900,43.0,70000000000.0,K-NET18,
K-NET,AOM012,HACHINOHE,40.512700,141.488000,12.0,70000000000.0,K-NET11C,
K-NET,AOM013,NAMBU,40.412600,141.281300,29.0,70000000000.0,K-NET11C,
K-NET,AOM014,NENOKUCHI,40.447200,140.940300,432.0,70000000000.0,K-NET11B,
K-NET,AOM015,IKARIGASEKI,40.479100,140.626800,137.0,70000000000.0,K-NET11B,
K-NET,AOM016,HIROSAKI,40.602100,140.498200,28.0,70000000000.0,K-NET11B,
K-NET,AOM017,FUKAURA,40.638800,139.929500,24.0,70000000000.0,K-NET18,
K-NET,AOM018,AJIGASAWA,40.777600,140.206000,38.0,70000000000.0,K-NET11B,
K-NET,AOM019,GOSHOGAWARA,40.815200,140.447000,8.0,70000000000.0,K-NET11B,
K-NET,AOM020,AOMORI,40.819400,140.749800,3.0,70000000000.0,K-NET11B,
K-NET,AOM021,TOWADA,40.615000,141.208300,71.0,70000000000.0,K-NET11B,
K-NET,AOM022,HIGASHITAZAWA,40.992300,140.916100,4.0,70000000000.0,K-NET18,
K-NET,AOM023,NAKASATO,40.966400,140.431700,6.0,70000000000.0,K-NET18,
K-NET,AOM024,KANITA,41.047300,140.639900,2.0,70000000000.0,K-NET18,
K-NET,AOM025,IMABETSU,41.179700,140.480500,8.0,70000000000.0,K-NET18,
K-NET,AOM026,KODOMARI,41.128000,140.310700,12.0,70000000000.0,K-NET18,
K-NET,AOM027,WAKINOSAWA,41.145700,140.821900,16.0,70000000000.0,K-NET11B,
K-NET,AOM028,HAKKODA,40.700400,140.919000,568.0,70000000000.0,K-NET11B,
K-NET,AOM029,NISHIMEYA,40.576400,140.296800,123.0,70000000000.0,K-NET11B,
K-NET,CHB001,NODA,35.957100,139.873100,17.0,70000000000.0,K-NET11A,
K-NET,CHB002,MATSUDO,35.787100,139.902400,12.0,70000000000.0,K-NET11A,
K-NET,CHB003,SHIROI,35.792600,140.057700,21.0,70000000000.0,K-NET11A,
K-NET,CHB004,SAWARA,35.888900,140.490300,36.0,70000000000.0,K-NET11A,
K-NET,CHB005,CHOSHI,35.735300,140.827100,3.0,70000000000.0,K-NET11A,
K-NET,CHB006,NARITA,35.779000,140.307300,29.0,70000000000.0,K-NET11A,
K-NET,CHB007,SAKURA,35.723700,140.224600,30.0,70000000000.0,K-NET11A,
K-NET,CHB008,URAYASU,35.655600,139.902700,0.0,70000000000.0,K-NET11A,
K-NET,CHB009,CHIBA,35.587100,140.237800,41.0,70000000000.0,K-NET11A,
K-NET,CHB010,YOKAICHIBA,35.708600,140.563700,9.0,70000000000.0,K-NET11A,
K-NET,CHB011,HASUNUMA,35.587700,140.497100,2.0,70000000000.0,K-NET11A,
K-NET,CHB012,TOGANE,35.572100,140.343600,60.0,70000000000.0,K-NET11A,
K-NET,CHB013,MOBARA,35.429400,140.289200,10.0,70000000000.0,K-NET11A,
K-NET,CHB014,ANEZAKI,35.471000,140.045400,8.0,70000000000.0,K-NET11A,
K-NET,CHB015,KISARAZU,35.373800,139.919900,2.0,70000000000.0,K-NET11A,
K-NET,CHB016,MISAKI,35.299800,140.386600,7.0,70000000000.0,K-NET11A,
K-NET,CHB017,ICHIBA,35.297600,140.073400,38.0,70000000000.0,K-NET11A,
K-NET,CHB018,KATSUURA,35.152000,140.320400,38.0,70000000000.0,K-NET11A,
K-NET,CHB019,KYONAN,35.110600,139.836000,5.0,70000000000.0,K-NET11A,
K-NET,CHB020,KAMOGAWA,35.113200,140.100600,9.0,70000000000.0,K-NET11A,
K-NET,CHB021,SHIRAHAMA,34.907800,139.899400,9.0,70000000000.0,K-NET11A,
K-NET,CHB022,FUTTSU,35.303300,139.855500,12.0,70000000000.0,K-NET11A,
K-NET,CHB024,INAGE,35.633700,140.078100,3.0,70000000000.0,K-NET11A,
K-NET,CHB025,CHIKURA,34.970500,139.945800,74.0,70000000000.0,K-NET11A,
K-NET,CHB026,CHONAN,35.385800,140.240400,46.0,70000000000.0,K-NET11A,
K-NET,CHB027,KATSUURA-N,35.180600,140.265500,98.0,70000000000.0,K-NET11A,
K-NET,CHB028,ICHIKAWA-N,35.766400,139.965500,26.0,70000000000.0,K-NET11A,
K-NET,CHB029,GYOTOKU,35.694800,139.917600,3.0,70000000000.0,K-NET11A,
K-NET,EHM001,IYOMISHIMA,33.978800,133.549400,25.0,70000000000.0,K-NET11A,
K-NET,EHM002,NIIHAMA,33.921100,133.307900,63.0,70000000000.0,K-NET11A,
K-NET,EHM003,TOYO,33.925300,133.084400,4.0,70000000000.0,K-NET11A,
K-NET,EHM004,IMABARI,34.062700,132.998600,4.0,70000000000.0,K-NET11A,
K-NET,EHM005,KAWAUCHI,33.797300,132.914400,136.0,70000000000.0,K-NET11A,
K-NET,EHM006,MIKAWA,33.641200,133.008000,466.0,70000000000.0,K-NET11A,
K-NET,EHM007,HOJO,33.961600,132.771900,3.0,70000000000.0,K-NET11A,
K-NET,EHM008,MATSUYAMA,33.819900,132.728200,7.0,70000000000.0,K-NET11A,
K-NET,EHM009,HIROTA,33.633300,132.796500,252.0,70000000000.0,K-NET11A,
K-NET,EHM010,HIJIKAWA,33.451100,132.688100,191.0,70000000000.0,K-NET11A,
K-NET,EHM011,YAWATAHAMA,33.449800,132.434100,8.0,70000000000.0,K-NET11A,
K-NET,EHM012,UWAJIMA,33.221700,132.572400,34.0,70000000000.0,K-NET11A,
K-NET,EHM013,MISAKI,33.391700,132.114000,15.0,70000000000.0,K-NET11A,
K-NET,EHM014,NISHIUMI,32.945100,132.504200,3.0,70000000000.0,K-NET11A,
K-NET,EHM015,NAGAHAMA,33.609400,132.476800,3.0,70000000000.0,K-NET11A,
K-NET,EHM016,IYO,33.765400,132.708900,3.0,70000000000.0,K-NET11A,
K-NET,FKI001,MIKUNI,36.219300,136.156500,3.0,70000000000.0,K-NET11A,
K-NET,FKI002,KOSHINO,36.039100,136.013500,17.0,70000000000.0,K-NET11A,
K-NET,FKI003,FUKUI,36.074000,136.268700,12.0,70000000000.0,K-NET11A,
K-NET,FKI004,OHNO,35.979300,136.486700,176.0,70000000000.0,K-NET11A,
K-NET,FKI005,TAKEFU,35.906800,136.174800,31.0,70000000000.0,K-NET11A,
K-NET,FKI006,IMAJO,35.773100,136.200100,127.0,70000000000.0,K-NET11A,
K-NET,FKI007,TSURUGA,35.644800,136.057500,4.0,70000000000.0,K-NET11A,
K-NET,FKI008,MIKATA,35.548300,135.909100,13.0,70000000000.0,K-NET11A,
K-NET,FKI009,OBAMA,35.495600,135.750900,2.0,70000000000.0,K-NET11A,
K-NET,FKI010,TAKAHAMA,35.490400,135.551800,2.0,70000000000.0,K-NET11A,
K-NET,FKI011,IZUMI,35.909700,136.668200,436.0,70000000000.0,K-NET11A,
K-NET,FKO001,GENKAI,33.842500,130.508700,6.0,70000000000.0,K-NET18,
K-NET,FKO002,NAKAMA,33.825300,130.705800,3.0,70000000000.0,K-NET18,
K-NET,FKO003,KITAKYUSHU,33.832400,130.901300,14.0,70000000000.0,K-NET18,
K-NET,FKO004,YUKUHASHI,33.736600,131.012100,3.0,70000000000.0,K-NET18,
K-NET,FKO005,IIZUKA,33.652000,130.696500,28.0,70000000000.0,K-NET18,
K-NET,FKO006,FUKUOKA,33.664200,130.453200,36.0,70000000000.0,K-NET18,
K-NET,FKO007,MAEBARU,33.561400,130.202400,6.0,70000000000.0,K-NET18,
K-NET,FKO008,SOEDA,33.571200,130.854600,70.0,70000000000.0,K-NET18,
K-NET,FKO009,CHIKUSHINO,33.495400,130.516400,34.0,70000000000.0,K-NET18,
K-NET,FKO010,AMAGI,33.423600,130.669100,61.0,70000000000.0,K-NET18,
K-NET,FKO011,KURUME,33.323700,130.511800,10.0,70000000000.0,K-NET18,
K-NET,FKO012,UKIHA,33.332000,130.794000,48.0,70000000000.0,K-NET18,
K-NET,FKO013,YAME,33.225400,130.560800,32.0,70000000000.0,K-NET18,
K-NET,FKO014,YABE,33.149600,130.818300,325.0,70000000000.0,K-NET18,
K-NET,FKO015,YANAGAWA,33.162900,130.405200,3.0,70000000000.0,K-NET18,
K-NET,FKO016,OHMUTA,33.015900,130.447200,22.0,70000000000.0,K-NET11B,
K-NET,FKS001,SOMA,37.794600,140.919200,7.0,70000000000.0,K-NET11A,
K-NET,FKS002,YANAGAWA,37.845300,140.600800,43.0,70000000000.0,K-NET11A,
K-NET,FKS003,FUKUSHIMA,37.762400,140.478100,64.0,70000000000.0,K-NET11A,
K-NET,FKS004,IITATE,37.679800,140.734200,488.0,70000000000.0,K-NET11C,
K-NET,FKS005,HARAMACHI,37.638900,140.985300,17.0,70000000000.0,K-NET11A,
K-NET,FKS006,KATSURAO,37.502200,140.759300,471.0,70000000000.0,K-NET11A,
K-NET,FKS007,OHKUMA,37.406100,140.963200,70.0,70000000000.0,K-NET18,
K-NET,FKS008,FUNEHIKI,37.434300,140.567000,442.0,70000000000.0,K-NET11A,
K-NET,FKS009,ONO,37.279600,140.634400,430.0,70000000000.0,K-NET11A,
K-NET,FKS010,HIRONO,37.233800,141.001800,43.0,70000000000.0,K-NET11A,
K-NET,FKS011,IWAKI,37.091700,140.903100,162.0,70000000000.0,K-NET11A,
K-NET,FKS012,NAKOSO,36.906600,140.792800,3.0,70000000000.0,K-NET11A,
K-NET,FKS013,FURUDONO,37.089300,140.554600,303.0,70000000000.0,K-NET11A,
K-NET,FKS014,YAMATSURI,36.886400,140.416600,163.0,70000000000.0,K-NET11A,
K-NET,FKS015,TANAGURA,37.023700,140.376300,295.0,70000000000.0,K-NET11A,
K-NET,FKS016,SHIRAKAWA,37.123200,140.191000,375.0,70000000000.0,K-NET11A,
K-NET,FKS017,SUKAGAWA,37.284400,140.368900,259.0,70000000000.0,K-NET11A,
K-NET,FKS018,KORIYAMA,37.395900,140.361900,245.0,70000000000.0,K-NET11A,
K-NET,FKS019,NIHOMMATSU,37.603100,140.438100,224.0,70000000000.0,K-NET11A,
K-NET,FKS020,INAWASHIRO,37.556000,140.122600,527.0,70000000000.0,K-NET11A,
K-NET,FKS021,KITAKATA,37.653700,139.860700,209.0,70000000000.0,K-NET11A,
K-NET,FKS022,NISHIAIZU,37.600500,139.647200,159.0,70000000000.0,K-NET11A,
K-NET,FKS023,AIZUWAKAMATSU,37.477500,139.930900,219.0,70000000000.0,K-NET11A,
K-NET,FKS024,NAKANO,37.396300,140.132600,530.0,70000000000.0,K-NET11A,
K-NET,FKS025,SHIMOGO,37.308200,139.899400,439.0,70000000000.0,K-NET11A,
K-NET,FKS026,NANGO,37.266400,139.536800,494.0,70000000000.0,K-NET11A,
K-NET,FKS027,TAKINOHARA,37.070100,139.680700,771.0,70000000000.0,K-NET11A,
K-NET,FKS028,TADAMI,37.303700,139.361900,416.0,70000000000.0,K-NET11A,
K-NET,FKS029,HINOEMATA,37.015900,139.380600,957.0,70000000000.0,K-NET11A,
K-NET,FKS030,KANEYAMA,37.454800,139.525200,306.0,70000000000.0,K-NET11A,
K-NET,FKS031,KAWAUCHI,37.336300,140.808700,415.0,70000000000.0,K-NET11A,
K-NET,GIF001,SHIRAKAWA,36.274300,136.897900,481.0,70000000000.0,K-NET11A,
K-NET,GIF002,KAWAI,36.273400,137.026100,577.0,70000000000.0,K-NET11A,
K-NET,GIF003,KAMIOKA,36.332600,137.301900,402.0,70000000000.0,K-NET11A,
K-NET,GIF004,TOCHIO,36.249300,137.517500,811.0,70000000000.0,K-NET11A,
K-NET,GIF005,TAKAYAMA,36.153700,137.251300,563.0,70000000000.0,K-NET11A,
K-NET,GIF006,SHOKAWA,36.033400,136.953300,799.0,70000000000.0,K-NET11A,
K-NET,GIF007,TAKANE,36.037800,137.485400,994.0,70000000000.0,K-NET11A,
K-NET,GIF008,OSAKA,35.951700,137.260400,525.0,70000000000.0,K-NET11A,
K-NET,GIF009,SHIROTORI,35.925000,136.831800,436.0,70000000000.0,K-NET11A,
K-NET,GIF010,GERO,35.800500,137.248400,360.0,70000000000.0,K-NET11A,
K-NET,GIF011,HACHIMAN,35.759600,136.980900,251.0,70000000000.0,K-NET11A,
K-NET,GIF012,HIGASHISUGIHARA,35.636400,136.487900,217.0,70000000000.0,K-NET11A,
K-NET,GIF013,KANAYAMA,35.663000,137.161800,231.0,70000000000.0,K-NET11A,
K-NET,GIF014,TSUKECHI,35.658200,137.425300,468.0,70000000000.0,K-NET11A,
K-NET,GIF015,MINO,35.545600,136.907600,80.0,70000000000.0,K-NET11A,
K-NET,GIF016,HICHISO,35.542700,137.119500,137.0,70000000000.0,K-NET11A,
K-NET,GIF017,IBIGAWA,35.483000,136.571300,40.0,70000000000.0,K-NET11A,
K-NET,GIF018,NAKATSUGAWA,35.495500,137.499800,300.0,70000000000.0,K-NET11A,
K-NET,GIF019,ENA,35.449200,137.404200,275.0,70000000000.0,K-NET11A,
K-NET,GIF020,GIFU,35.424800,136.756800,14.0,70000000000.0,K-NET11A,
K-NET,GIF021,MINOKAMO,35.442600,136.999600,72.0,70000000000.0,K-NET11A,
K-NET,GIF022,KAMIISHIZU,35.283600,136.473000,116.0,70000000000.0,K-NET11A,
K-NET,GIF023,TOKI,35.387900,137.216600,288.0,70000000000.0,K-NET11A,
K-NET,GIF024,AKECHI,35.301500,137.386900,435.0,70000000000.0,K-NET11A,
K-NET,GIF026,MIYAMA,35.590900,136.741800,112.0,70000000000.0,K-NET11A,
K-NET,GNM001,KATASHINA,36.771900,139.224600,804.0,70000000000.0,K-NET11A,
K-NET,GNM002,MINAKAMI,36.782100,138.969500,494.0,70000000000.0,K-NET11A,
K-NET,GNM003,NUMATA,36.658100,139.078600,463.0,70000000000.0,K-NET11A,
K-NET,GNM004,KUSATSU,36.617100,138.592100,1222.0,70000000000.0,K-NET11A,
K-NET,GNM005,TSUMAGOI,36.513400,138.517600,899.0,70000000000.0,K-NET11A,
K-NET,GNM006,AGATSUMA,36.510500,138.752700,549.0,70000000000.0,K-NET11A,
K-NET,GNM007,SHIBUKAWA,36.463700,139.009300,184.0,70000000000.0,K-NET11A,
K-NET,GNM008,MAEBASHI,36.347900,139.136800,77.0,70000000000.0,K-NET11A,
K-NET,GNM009,KIRYU,36.410500,139.325300,114.0,70000000000.0,K-NET11A,
K-NET,GNM010,TATEBAYASHI,36.218400,139.480800,19.0,70000000000.0,K-NET11A,
K-NET,GNM011,OHTA,36.291300,139.360700,42.0,70000000000.0,K-NET11A,
K-NET,GNM012,ISESAKI,36.311800,139.195500,59.0,70000000000.0,K-NET11A,
K-NET,GNM013,TAKASAKI,36.318100,139.017400,93.0,70000000000.0,K-NET11A,
K-NET,GNM014,SAKAMOTO,36.346700,138.721100,451.0,70000000000.0,K-NET11A,
K-NET,GNM015,SHIMONITA,36.228600,138.757800,293.0,70000000000.0,K-NET11A,
K-NET,GNM016,MAMBA,36.116400,138.925000,344.0,70000000000.0,K-NET11A,
K-NET,HKD001,WAKKANAI,45.416300,141.672000,4.0,70000000000.0,K-NET18,
K-NET,HKD002,SOYAMISAKI,45.513200,141.954800,3.0,70000000000.0,K-NET18,
K-NET,HKD003,TOYOTOMI,45.103300,141.766500,10.0,70000000000.0,K-NET18,
K-NET,HKD004,KAMISARUFUTSU,45.214900,142.226000,4.0,70000000000.0,K-NET18,
K-NET,HKD005,SARUFUTSU,45.332900,142.174700,11.0,70000000000.0,K-NET18,
K-NET,HKD006,HAMATOMBETSU,45.126700,142.351600,14.0,70000000000.0,K-NET18,
K-NET,HKD007,NAKATOMBETSU,44.970200,142.290000,25.0,70000000000.0,K-NET18,
K-NET,HKD008,ESASHI,44.937500,142.574400,13.3,70000000000.0,K-NET18,
K-NET,HKD009,UTANOBORI,44.841700,142.481100,23.0,70000000000.0,K-NET18,
K-NET,HKD010,FUREPPU,44.740600,142.763300,16.0,70000000000.0,K-NET18,
K-NET,HKD011,HIGASHIRISHIRI,45.246000,141.217000,23.0,70000000000.0,K-NET18,
K-NET,HKD012,FUNADOMARI,45.440800,141.036700,11.5,70000000000.0,K-NET18,
K-NET,HKD013,REBUN,45.304900,141.047500,42.4,70000000000.0,K-NET18,
K-NET,HKD014,NUMAKAWA,45.252500,141.853100,30.0,70000000000.0,K-NET18,
K-NET,HKD015,TESHIO,44.884600,141.750300,5.0,70000000000.0,K-NET18,
K-NET,HKD016,EMBETSU,44.719900,141.795000,5.0,70000000000.0,K-NET18,
K-NET,HKD017,SHOSAMBETSU,44.532300,141.766400,5.3,70000000000.0,K-NET18,
K-NET,HKD018,SEISHU,44.545300,141.965300,126.0,70000000000.0,K-NET18,
K-NET,HKD019,HABORO,44.361100,141.697800,15.0,70000000000.0,K-NET18,
K-NET,HKD020,MINATOMACHI,44.148700,141.664700,48.0,70000000000.0,K-NET18,
K-NET,HKD021,RUMOI,43.940700,141.637000,24.8,70000000000.0,K-NET18,
K-NET,HKD022,MASHIKE,43.851600,141.527900,42.0,70000000000.0,K-NET18,
K-NET,HKD023,OFUYU,43.773400,141.368600,10.0,70000000000.0,K-NET18,
K-NET,HKD024,TAPPU,44.049400,141.857300,38.0,70000000000.0,K-NET18,
K-NET,HKD025,NAKAGAWA,44.811600,142.071200,20.0,70000000000.0,K-NET18,
K-NET,HKD026,OTOINEPPU,44.728300,142.263300,43.0,70000000000.0,K-NET18,
K-NET,HKD027,BIFUKA,44.480600,142.342800,75.0,70000000000.0,K-NET18,
K-NET,HKD028,NAYORO,44.359800,142.454700,96.0,70000000000.0,K-NET18,
K-NET,HKD029,SHIMOKAWA,44.311400,142.642100,158.0,70000000000.0,K-NET18,
K-NET,HKD030,SHIBETSU,44.182100,142.394200,130.5,70000000000.0,K-NET18,
K-NET,HKD031,ASAHI,44.118500,142.595200,214.1,70000000000.0,K-NET18,
K-NET,HKD032,WASSAMU,44.023500,142.412300,136.0,70000000000.0,K-NET18,
K-NET,HKD033,AIBETSU,43.909000,142.569900,203.0,70000000000.0,K-NET18,
K-NET,HKD034,KAMIKAWA,43.854300,142.768600,350.0,70000000000.0,K-NET18,
K-NET,HKD035,SOUNKYO,43.770400,142.903300,491.0,70000000000.0,K-NET18,
K-NET,HKD036,ASAHIKAWA,43.772600,142.364800,108.0,70000000000.0,K-NET18,
K-NET,HKD037,BIEI,43.588900,142.467300,240.0,70000000000.0,K-NET18,
K-NET,HKD038,MINAMIFURANO,43.166600,142.566200,353.0,70000000000.0,K-NET18,
K-NET,HKD039,FURANO,43.342100,142.384500,170.0,70000000000.0,K-NET18,
K-NET,HKD040,SHIMUKAPPU,42.980600,142.399400,334.0,70000000000.0,K-NET18,
K-NET,HKD041,TENNINKYO,43.624600,142.683900,440.0,70000000000.0,K-NET18,
K-NET,HKD042,NIUPU,44.544900,142.569200,271.0,70000000000.0,K-NET18,
K-NET,HKD043,OMU,44.582000,142.964400,11.0,70000000000.0,K-NET18,
K-NET,HKD044,OKOPPE,44.479600,143.127600,3.0,70000000000.0,K-NET18,
K-NET,HKD045,NISHIOKOPPE,44.328800,142.945300,121.0,70000000000.0,K-NET18,
K-NET,HKD046,TAKINOUE,44.192000,143.076700,132.0,70000000000.0,K-NET18,
K-NET,HKD047,MOMBETSU,44.367700,143.345400,10.0,70000000000.0,K-NET18,
K-NET,HKD048,YUBETSU,44.219900,143.615500,4.2,70000000000.0,K-NET18,
K-NET,HKD049,ENGARU,44.092100,143.533600,58.9,70000000000.0,K-NET18,
K-NET,HKD050,SHIRATAKI,43.878500,143.174700,386.0,70000000000.0,K-NET18,
K-NET,HKD051,SAROMA,44.022100,143.768200,47.0,70000000000.0,K-NET18,
K-NET,HKD052,TOKORO,44.120400,144.071200,6.8,70000000000.0,K-NET18,
K-NET,HKD053,RUBESHIBE,43.784900,143.607200,208.0,70000000000.0,K-NET18,
K-NET,HKD054,KITAMI,43.799600,143.900800,62.8,70000000000.0,K-NET18,
K-NET,HKD055,BIHORO,43.824400,144.108700,23.0,70000000000.0,K-NET18,
K-NET,HKD056,OKETO,43.670500,143.578100,229.0,70000000000.0,K-NET18,
K-NET,HKD057,TSUBETSU,43.705400,144.027300,99.0,70000000000.0,K-NET18,
K-NET,HKD058,ABASHIRI,44.024200,144.263700,4.0,70000000000.0,K-NET18,
K-NET,HKD059,KOSHIMIZU,43.857400,144.460900,23.0,70000000000.0,K-NET18,
K-NET,HKD060,SHARI,43.913600,144.665700,6.0,70000000000.0,K-NET18,
K-NET,HKD061,UTORO,44.069900,144.997300,64.2,70000000000.0,K-NET18,
K-NET,HKD062,FUJIMI,43.674600,143.308800,500.0,70000000000.0,K-NET18,
K-NET,HKD063,AIDOMARI,44.106000,145.247800,4.5,70000000000.0,K-NET18,
K-NET,HKD064,RAUSU,44.020200,145.188600,16.6,70000000000.0,K-NET18,
K-NET,HKD065,KUMBETSU,43.793800,145.056500,10.0,70000000000.0,K-NET18,
K-NET,HKD066,SHIBETSU,43.661900,145.130700,2.5,70000000000.0,K-NET18,
K-NET,HKD067,NAKASHIBETSU,43.555000,144.972600,30.0,70000000000.0,K-NET18,
K-NET,HKD068,KAMINISHISHUMBETSU,43.410800,144.770400,105.0,70000000000.0,K-NET18,
K-NET,HKD069,BETSUKAI,43.394100,145.116800,24.9,70000000000.0,K-NET18,
K-NET,HKD070,HOMBETSUKAI,43.385200,145.284000,6.0,70000000000.0,K-NET18,
K-NET,HKD071,ATTOKO,43.232600,145.260400,38.0,70000000000.0,K-NET18,
K-NET,HKD072,OCHIISHI,43.194800,145.520900,46.0,70000000000.0,K-NET18,
K-NET,HKD073,NEMURO,43.332700,145.600300,36.0,70000000000.0,K-NET18,
K-NET,HKD074,NOSAPPU,43.368000,145.802600,16.2,70000000000.0,K-NET18,
K-NET,HKD075,HAMANAKA,43.130900,145.028800,43.0,70000000000.0,K-NET18,
K-NET,HKD076,AKKESHI,43.050900,144.849800,1.8,70000000000.0,K-NET18,
K-NET,HKD077,KUSHIRO,42.984500,144.382400,3.0,70000000000.0,K-NET18,
K-NET,HKD078,TORO,43.148800,144.497600,25.0,70000000000.0,K-NET18,
K-NET,HKD079,SHIBECHA,43.303400,144.599800,32.0,70000000000.0,K-NET18,
K-NET,HKD080,TESHIKAGA,43.507700,144.448500,140.0,70000000000.0,K-NET18,
K-NET,HKD081,KAWAYU,43.642700,144.390100,130.0,70000000000.0,K-NET18,
K-NET,HKD082,AKANKOHAN,43.436900,144.085500,429.0,70000000000.0,K-NET18,
K-NET,HKD083,TSURUI,43.232900,144.325100,35.0,70000000000.0,K-NET18,
K-NET,HKD084,AKAN,43.114100,144.123000,30.0,70000000000.0,K-NET18,
K-NET,HKD085,SHIRANUKA,42.958100,144.069800,5.0,70000000000.0,K-NET18,
K-NET,HKD086,CHOKUBETSU,42.854200,143.857900,9.3,70000000000.0,K-NET18,
K-NET,HKD087,FUTAMATA,43.150200,143.891600,170.0,70000000000.0,K-NET18,
K-NET,HKD088,RIKUBETSU,43.470400,143.748800,215.0,70000000000.0,K-NET18,
K-NET,HKD089,ASHORO,43.243600,143.554400,89.5,70000000000.0,K-NET18,
K-NET,HKD090,HOMBETSU,43.121300,143.618300,65.0,70000000000.0,K-NET18,
K-NET,HKD091,URAHORO,42.808800,143.659000,16.0,70000000000.0,K-NET18,
K-NET,HKD092,IKEDA,42.928300,143.448500,17.0,70000000000.0,K-NET18,
K-NET,HKD093,NUKABIRA,43.319100,143.304900,364.0,70000000000.0,K-NET18,
K-NET,HKD094,SHIHORO,43.169200,143.241000,204.0,70000000000.0,K-NET18,
K-NET,HKD095,OBIHIRO,42.931100,143.213700,34.8,70000000000.0,K-NET18,
K-NET,HKD096,NAKASATSUNAI,42.697700,143.135700,192.0,70000000000.0,K-NET18,
K-NET,HKD097,SEIKA,42.618100,143.421000,33.0,70000000000.0,K-NET18,
K-NET,HKD098,TAIKI,42.498500,143.279000,81.0,70000000000.0,K-NET18,
K-NET,HKD099,SHINTOKU,43.073600,142.839200,177.0,70000000000.0,K-NET18,
K-NET,HKD100,HIROO,42.286400,143.312000,36.1,70000000000.0,K-NET18,
K-NET,HKD101,TOMURAUSHI,43.333800,142.947300,370.0,70000000000.0,K-NET18,
K-NET,HKD102,HIDAKA,42.877800,142.448100,283.0,70000000000.0,K-NET18,
K-NET,HKD103,HOROKESHI,42.727500,142.297300,86.0,70000000000.0,K-NET18,
K-NET,HKD104,BIRATORI,42.588600,142.131000,70.4,70000000000.0,K-NET18,
K-NET,HKD105,MOMBETSU,42.482600,142.053800,7.0,70000000000.0,K-NET18,
K-NET,HKD106,SHIZUNAI,42.341400,142.368800,4.5,70000000000.0,K-NET18,
K-NET,HKD107,NOYA,42.419400,142.499200,45.0,70000000000.0,K-NET18,
K-NET,HKD108,MITSUISHI,42.252800,142.564300,42.0,70000000000.0,K-NET18,
K-NET,HKD109,URAKAWA,42.167800,142.767300,3.9,70000000000.0,K-NET18,
K-NET,HKD110,SAMANI,42.131000,142.935400,4.0,70000000000.0,K-NET18,
K-NET,HKD111,ERIMO,42.017000,143.148700,22.0,70000000000.0,K-NET18,
K-NET,HKD112,ERIMOMISAKI,41.937000,143.240300,15.0,70000000000.0,K-NET18,
K-NET,HKD113,MEGURO,42.128700,143.315300,15.0,70000000000.0,K-NET18,
K-NET,HKD114,SHUMARINAI,44.282900,142.161900,255.0,70000000000.0,K-NET18,
K-NET,HKD115,HOROKANAI,44.007000,142.148500,157.0,70000000000.0,K-NET18,
K-NET,HKD116,NUMATA,43.800500,141.934300,48.0,70000000000.0,K-NET18,
K-NET,HKD117,FUKAGAWA,43.724100,142.052700,51.0,70000000000.0,K-NET18,
K-NET,HKD118,TAKIKAWA,43.552400,141.917500,29.0,70000000000.0,K-NET18,
K-NET,HKD119,ASHIBETSU,43.519900,142.191400,90.0,70000000000.0,K-NET18,
K-NET,HKD120,TSUKIGATA,43.344200,141.663300,36.0,70000000000.0,K-NET18,
K-NET,HKD121,BIBAI,43.333200,141.855300,28.0,70000000000.0,K-NET18,
K-NET,HKD122,IWAMIZAWA,43.197400,141.775400,26.0,70000000000.0,K-NET18,
K-NET,HKD123,YUBARI,42.993300,142.008500,194.0,70000000000.0,K-NET18,
K-NET,HKD124,YUNI,42.998600,141.790300,38.0,70000000000.0,K-NET18,
K-NET,HKD125,HOBETSU,42.760900,142.134400,69.0,70000000000.0,K-NET18,
K-NET,HKD126,MUKAWA,42.574800,141.928400,7.0,70000000000.0,K-NET18,
K-NET,HKD127,OIWAKE,42.874300,141.820400,61.0,70000000000.0,K-NET18,
K-NET,HKD128,HAYAKITA,42.765600,141.821900,31.0,70000000000.0,K-NET18,
K-NET,HKD129,TOMAKOMAI,42.634700,141.605700,6.0,70000000000.0,K-NET18,
K-NET,HKD130,SHIRAOI,42.562600,141.350200,17.0,70000000000.0,K-NET18,
K-NET,HKD131,NOBORIBETSU,42.420600,141.080900,13.0,70000000000.0,K-NET18,
K-NET,HKD132,MURORAN,42.348400,141.031800,3.0,70000000000.0,K-NET18,
K-NET,HKD133,DATE,42.472700,140.865700,11.0,70000000000.0,K-NET18,
K-NET,HKD134,OHTAKI,42.671300,141.079000,392.0,70000000000.0,K-NET18,
K-NET,HKD135,SOBETSU,42.553300,140.886400,63.0,70000000000.0,K-NET18,
K-NET,HKD136,TOYOURA,42.590100,140.644100,4.0,70000000000.0,K-NET18,
K-NET,HKD137,YOBETSU,43.323600,140.379100,15.0,70000000000.0,K-NET18,
K-NET,HKD138,SHAKOTAN,43.292300,140.601300,16.0,70000000000.0,K-NET18,
K-NET,HKD139,YOICHI,43.197500,140.781900,32.0,70000000000.0,K-NET18,
K-NET,HKD140,OTARU,43.190800,140.993300,51.0,70000000000.0,K-NET18,
K-NET,HKD141,KAMOENAI,43.144900,140.435500,9.0,70000000000.0,K-NET18,
K-NET,HKD142,AKAIGAWA,43.084100,140.820200,143.0,70000000000.0,K-NET18,
K-NET,HKD143,IWANAI,42.979300,140.509300,5.0,70000000000.0,K-NET18,
K-NET,HKD144,KUCCHAN,42.905900,140.767000,180.0,70000000000.0,K-NET18,
K-NET,HKD145,KIMOBETSU,42.797800,140.936100,259.0,70000000000.0,K-NET18,
K-NET,HKD146,NISEKO,42.807600,140.687800,147.0,70000000000.0,K-NET18,
K-NET,HKD147,RANKOSHI,42.805600,140.530500,33.0,70000000000.0,K-NET18,
K-NET,HKD148,KUROMATSUNAI,42.668000,140.305000,25.0,70000000000.0,K-NET18,
K-NET,HKD149,SUTTSU,42.790500,140.230500,24.0,70000000000.0,K-NET18,
K-NET,HKD150,SHIMAMAKI,42.701000,140.061900,6.0,70000000000.0,K-NET18,
K-NET,HKD151,OSHAMAMBE,42.494800,140.353900,10.0,70000000000.0,K-NET18,
K-NET,HKD152,YAKUMO,42.258600,140.263800,5.0,70000000000.0,K-NET18,
K-NET,HKD153,KAMINOYU,42.124500,140.375500,69.0,70000000000.0,K-NET18,
K-NET,HKD154,MORI,42.096500,140.563600,83.0,70000000000.0,K-NET18,
K-NET,HKD155,SHIKABE,42.043800,140.806400,4.0,70000000000.0,K-NET18,
K-NET,HKD156,NANAE,41.899600,140.696000,84.0,70000000000.0,K-NET18,
K-NET,HKD157,MINAMIKAYABE,41.905300,140.969800,37.0,70000000000.0,K-NET18,
K-NET,HKD158,TODOHOKKE,41.834900,141.140800,7.0,70000000000.0,K-NET18,
K-NET,HKD159,TOI,41.716000,141.004600,23.0,70000000000.0,K-NET18,
K-NET,HKD160,HAKODATE,41.770000,140.738300,4.0,70000000000.0,K-NET18,
K-NET,HKD161,KIKONAI,41.680000,140.432900,4.0,70000000000.0,K-NET18,
K-NET,HKD162,FUKUSHIMA,41.485900,140.246900,17.0,70000000000.0,K-NET18,
K-NET,HKD163,MATSUMAE,41.433800,140.111700,13.0,70000000000.0,K-NET18,
K-NET,HKD164,SETANA,42.450200,139.853300,11.0,70000000000.0,K-NET18,
K-NET,HKD165,IMAKANE,42.428700,140.017800,19.0,70000000000.0,K-NET18,
K-NET,HKD166,TAISEI,42.228600,139.818600,45.0,70000000000.0,K-NET18,
K-NET,HKD167,KUMAISHI,42.129700,139.981300,21.0,70000000000.0,K-NET18,
K-NET,HKD168,ESASHI,41.869100,140.126600,2.0,70000000000.0,K-NET18,
K-NET,HKD169,KIMANAI,41.935100,140.367800,111.0,70000000000.0,K-NET18,
K-NET,HKD170,YUNOTAI,41.749500,140.251000,83.0,70000000000.0,K-NET18,
K-NET,HKD171,CHIISAGO,41.649000,139.997900,31.0,70000000000.0,K-NET18,
K-NET,HKD172,INAHO,42.240200,139.551900,6.0,70000000000.0,K-NET18,
K-NET,HKD173,AONAE,42.066200,139.451500,11.0,70000000000.0,K-NET18,
K-NET,HKD174,KITASHIMAUTA,42.595000,139.828600,10.0,70000000000.0,K-NET18,
K-NET,HKD175,HAMAMASU,43.601500,141.388200,28.5,70000000000.0,K-NET18,
K-NET,HKD176,YOMBANGAWA,43.532400,141.592400,156.0,70000000000.0,K-NET18,
K-NET,HKD177,ATSUTA,43.400100,141.434600,6.1,70000000000.0,K-NET18,
K-NET,HKD178,ISHIKARI,43.172000,141.304300,6.0,70000000000.0,K-NET18,
K-NET,HKD179,TOBETSU,43.223600,141.517500,15.0,70000000000.0,K-NET18,
K-NET,HKD180,SAPPORO,43.139100,141.351300,3.0,70000000000.0,K-NET18,
K-NET,HKD181,EBETSU,43.116100,141.546200,8.0,70000000000.0,K-NET18,
K-NET,HKD182,HIROSHIMA,42.972100,141.516100,56.0,70000000000.0,K-NET18,
K-NET,HKD183,JOZANKEI,42.971400,141.177900,268.0,70000000000.0,K-NET18,
K-NET,HKD184,CHITOSE,42.789800,141.600800,69.0,70000000000.0,K-NET18,
K-NET,HKD185,SHIKOTSUKOHAN,42.775600,141.401600,266.0,70000000000.0,K-NET18,
K-NET,HRS001,TAKANO,35.033900,132.901800,556.0,70000000000.0,K-NET11A,
K-NET,HRS002,TOJO,34.895100,133.275300,306.0,70000000000.0,K-NET11A,
K-NET,HRS003,MIYOSHI,34.813800,132.842700,156.0,70000000000.0,K-NET11A,
K-NET,HRS004,GEIHOKU,34.726300,132.277300,583.0,70000000000.0,K-NET11A,
K-NET,HRS005,YUKI,34.777400,133.280300,485.0,70000000000.0,K-NET11A,
K-NET,HRS006,TOYOHIRA,34.666600,132.408000,367.0,70000000000.0,K-NET11A,
K-NET,HRS007,KONU,34.702900,133.088600,387.0,70000000000.0,K-NET11A,
K-NET,HRS008,MUKAIHARA,34.602900,132.720100,207.0,70000000000.0,K-NET11A,
K-NET,HRS009,YUKI,34.492700,132.280200,218.0,70000000000.0,K-NET11A,
K-NET,HRS010,SERA,34.583400,133.051500,338.0,70000000000.0,K-NET11A,
K-NET,HRS011,FUCHU,34.568600,133.236400,28.0,70000000000.0,K-NET11A,
K-NET,HRS012,HIGASHIHIROSHIMA,34.427400,132.742200,214.0,70000000000.0,K-NET11A,
K-NET,HRS013,HIROSHIMA,34.376800,132.450200,3.0,70000000000.0,K-NET11A,
K-NET,HRS014,OHNO,34.286400,132.276500,3.0,70000000000.0,K-NET11A,
K-NET,HRS015,FUKUYAMA,34.485200,133.361900,2.0,70000000000.0,K-NET11A,
K-NET,HRS016,ONOMICHI,34.420100,133.197900,39.0,70000000000.0,K-NET11A,
K-NET,HRS017,MIHARA,34.403700,133.083800,16.0,70000000000.0,K-NET11A,
K-NET,HRS018,TAKEHARA,34.341300,132.906900,3.0,70000000000.0,K-NET11A,
K-NET,HRS019,KURE,34.253000,132.561700,4.0,70000000000.0,K-NET11A,
K-NET,HRS020,INNOSHIMA,34.293600,133.177600,17.0,70000000000.0,K-NET11A,
K-NET,HRS021,SAIJO,34.941300,133.118500,325.0,70000000000.0,K-NET11A,
K-NET,HYG001,HAMASAKA,35.619700,134.450600,7.0,70000000000.0,K-NET11A,
K-NET,HYG002,KASUMI,35.639400,134.628000,6.0,70000000000.0,K-NET11A,
K-NET,HYG003,IZUSHI,35.461300,134.875800,16.0,70000000000.0,K-NET11A,
K-NET,HYG004,MURAOKA,35.458300,134.578200,316.0,70000000000.0,K-NET11A,
K-NET,HYG005,WADAYAMA,35.340800,134.861600,74.0,70000000000.0,K-NET11A,
K-NET,HYG006,OHYA,35.332900,134.664900,149.0,70000000000.0,K-NET11A,
K-NET,HYG007,HAGA,35.163800,134.545800,259.0,70000000000.0,K-NET11A,
K-NET,HYG008,IKUNO,35.148700,134.788000,300.0,70000000000.0,K-NET11A,
K-NET,HYG009,KUROI,35.169900,135.102500,85.0,70000000000.0,K-NET11A,
K-NET,HYG010,TANNAN,35.059200,135.177600,198.0,70000000000.0,K-NET11A,
K-NET,HYG011,KOZUKI,34.985000,134.322600,82.0,70000000000.0,K-NET11A,
K-NET,HYG012,YAMASAKI,34.995800,134.552300,90.0,70000000000.0,K-NET11A,
K-NET,HYG013,ICHIKAWA,34.989500,134.763600,85.0,70000000000.0,K-NET11A,
K-NET,HYG014,NISHIWAKI,35.001900,134.999400,78.0,70000000000.0,K-NET11A,
K-NET,HYG015,SANDA,34.949900,135.271400,193.0,70000000000.0,K-NET11A,
K-NET,HYG016,AKO,34.755300,134.390000,2.0,70000000000.0,K-NET11A,
K-NET,HYG017,TATSUNO,34.859100,134.544600,22.0,70000000000.0,K-NET11A,
K-NET,HYG018,HIMEJI,34.814500,134.687100,8.0,70000000000.0,K-NET11A,
K-NET,HYG019,KAKOGAWA,34.832100,134.823400,46.0,70000000000.0,K-NET11A,
K-NET,HYG020,MIKI,34.797400,134.988900,69.0,70000000000.0,K-NET11A,
K-NET,HYG021,KOBE,34.690400,135.159100,92.0,70000000000.0,K-NET11A,
K-NET,HYG022,NISHINOMIYA,34.746300,135.350100,8.0,70000000000.0,K-NET11A,
K-NET,HYG023,AKASHI,34.701200,134.880300,9.0,70000000000.0,K-NET11A,
K-NET,HYG024,HIGASHIURA,34.533000,134.990400,6.0,70000000000.0,K-NET11A,
K-NET,HYG025,SUMOTO,34.338900,134.901100,11.0,70000000000.0,K-NET11A,
K-NET,HYG026,GOSHIKI,34.414700,134.791400,41.0,70000000000.0,K-NET11A,
K-NET,HYG027,NANDAN,34.249600,134.729200,111.0,70000000000.0,K-NET11A,
K-NET,IBR001,DAIGO,36.776300,140.358200,106.0,70000000000.0,K-NET11A,
K-NET,IBR002,TAKAHAGI,36.712600,140.707300,9.0,70000000000.0,K-NET11A,
K-NET,IBR003,HITACHI,36.591400,140.645300,58.0,70000000000.0,K-NET11A,
K-NET,IBR004,OHMIYA,36.551600,140.410200,57.0,70000000000.0,K-NET11A,
K-NET,IBR005,KASAMA,36.385100,140.237300,63.0,70000000000.0,K-NET11A,
K-NET,IBR006,MITO,36.366500,140.454300,30.0,70000000000.0,K-NET11A,
K-NET,IBR007,NAKAMINATO,36.352600,140.595400,24.0,70000000000.0,K-NET11A,
K-NET,IBR008,SHIMODATE,36.306100,139.982600,31.0,70000000000.0,K-NET11A,
K-NET,IBR009,KOGA,36.185000,139.703700,17.0,70000000000.0,K-NET11A,
K-NET,IBR010,SHIMOTSUMA,36.184400,139.965200,22.0,70000000000.0,K-NET11A,
K-NET,IBR011,TSUKUBA,36.125600,140.090100,27.0,70000000000.0,K-NET11A,
K-NET,IBR012,ISHIOKA,36.195400,140.271300,25.0,70000000000.0,K-NET11A,
K-NET,IBR013,HOKOTA,36.158700,140.489200,29.0,70000000000.0,K-NET11A,
K-NET,IBR014,TSUCHIURA,36.072900,140.194800,18.0,70000000000.0,K-NET11A,
K-NET,IBR015,IWAI,36.069800,139.908200,13.0,70000000000.0,K-NET11A,
K-NET,IBR016,TORIDE,35.911400,140.049400,20.0,70000000000.0,K-NET11A,
K-NET,IBR017,EDOSAKI,35.953800,140.319600,14.0,70000000000.0,K-NET11A,
K-NET,IBR018,KASHIMA,35.976600,140.630600,39.0,70000000000.0,K-NET11A,
K-NET,ISK001,OHTANI,37.500000,137.176700,6.0,70000000000.0,K-NET11A,
K-NET,ISK002,SHOIN,37.447300,137.287700,4.0,70000000000.0,K-NET11A,
K-NET,ISK003,WAJIMA,37.392400,136.907800,12.0,70000000000.0,K-NET11A,
K-NET,ISK004,NOTO,37.308000,137.147100,9.0,70000000000.0,K-NET18,
K-NET,ISK005,ANAMIZU,37.230900,136.904100,3.0,70000000000.0,K-NET11A,
K-NET,ISK006,TOGI,37.160300,136.689600,75.0,70000000000.0,K-NET11A,
K-NET,ISK007,NANAO,37.042600,136.968000,2.0,70000000000.0,K-NET11A,
K-NET,ISK008,HAKUI,36.893800,136.778300,14.0,70000000000.0,K-NET11A,
K-NET,ISK009,NANATSUKA,36.733400,136.702500,38.0,70000000000.0,K-NET11A,
K-NET,ISK010,KANAZAWA,36.542100,136.643500,29.0,70000000000.0,K-NET11A,
K-NET,ISK011,KOMATSU,36.397600,136.440900,3.0,70000000000.0,K-NET11A,
K-NET,ISK012,TORIGOE,36.357900,136.604900,187.0,70000000000.0,K-NET11A,
K-NET,ISK013,SHIRAMINE,36.180400,136.624600,476.0,70000000000.0,K-NET11A,
K-NET,ISK014,KAGA,36.303100,136.315400,4.0,70000000000.0,K-NET11A,
K-NET,ISK015,OHMACHI,37.226500,136.908700,3.0,70000000000.0,K-NET11C,
K-NET,IWT001,TANEICHI,40.410100,141.719300,14.0,70000000000.0,K-NET11A,
K-NET,IWT002,KUJI,40.182000,141.764300,28.0,70000000000.0,K-NET11,
K-NET,IWT003,FUDAI,40.008300,141.888500,7.0,70000000000.0,K-NET11,
K-NET,IWT004,TARO,39.735600,141.967100,9.0,70000000000.0,K-NET11,
K-NET,IWT005,MIYAKO,39.647800,141.946500,6.0,70000000000.0,K-NET11,
K-NET,IWT006,YAMADA,39.485000,141.974800,17.0,70000000000.0,K-NET11,
K-NET,IWT007,KAMAISHI,39.269900,141.856700,9.0,70000000000.0,K-NET11,
K-NET,IWT008,OHFUNATO,39.081500,141.709300,24.0,70000000000.0,K-NET11,
K-NET,IWT009,DAITO,39.019000,141.405300,148.0,70000000000.0,K-NET11,
K-NET,IWT010,ICHINOSEKI,38.934600,141.126400,31.0,70000000000.0,K-NET11,
K-NET,IWT011,MIZUSAWA,39.145300,141.152700,43.0,70000000000.0,K-NET11,
K-NET,IWT012,KITAKAMI,39.320600,141.138800,62.0,70000000000.0,K-NET11A,
K-NET,IWT013,TONO,39.329000,141.563800,298.0,70000000000.0,K-NET11,
K-NET,IWT014,ISHIDORIYA,39.484600,141.146600,86.0,70000000000.0,K-NET11,
K-NET,IWT015,KAWAJIRI,39.318300,140.779400,247.0,70000000000.0,K-NET11,
K-NET,IWT016,KAWAI,39.600000,141.679000,198.0,70000000000.0,K-NET11,
K-NET,IWT017,KADOMA,39.633900,141.437900,617.0,70000000000.0,K-NET11,
K-NET,IWT018,MORIOKA,39.695400,141.147700,120.0,70000000000.0,K-NET11A,
K-NET,IWT019,IWAIZUMI,39.803000,141.658400,294.0,70000000000.0,K-NET11,
K-NET,IWT020,YABUKAWA,39.784400,141.329600,695.0,70000000000.0,K-NET11,
K-NET,IWT021,NISHINE,39.920300,141.082200,283.0,70000000000.0,K-NET11,
K-NET,IWT022,ASHIRO,40.100900,141.052800,296.0,70000000000.0,K-NET11,
K-NET,IWT023,KUZUMAKI,40.037000,141.450100,402.0,70000000000.0,K-NET11,
K-NET,IWT024,NINOHE,40.261200,141.290800,94.0,70000000000.0,K-NET11,
K-NET,IWT025,OHSHIDA,39.516900,140.829900,367.0,70000000000.0,K-NET11,
K-NET,IWT026,AISARI,39.256900,141.098300,76.0,70000000000.0,K-NET11,
K-NET,KGS001,AZUMA,32.194700,130.176300,77.0,70000000000.0,K-NET18,
K-NET,KGS002,IZUMI,32.091600,130.351900,12.0,70000000000.0,K-NET18,
K-NET,KGS003,OHKUCHI,32.055900,130.587400,176.0,70000000000.0,K-NET18,
K-NET,KGS004,AKUNE,32.014500,130.192700,2.7,70000000000.0,K-NET18,
K-NET,KGS005,MIYANOJO,31.900600,130.451300,42.5,70000000000.0,K-NET18,
K-NET,KGS006,YOKOGAWA,31.906000,130.702100,187.5,70000000000.0,K-NET18,
K-NET,KGS007,SENDAI,31.814300,130.303200,3.8,70000000000.0,K-NET18,
K-NET,KGS008,KAMO,31.763800,130.565900,11.0,70000000000.0,K-NET18,
K-NET,KGS009,KOKUBU,31.736800,130.761300,4.0,70000000000.0,K-NET18,
K-NET,KGS010,KUSHIKINO,31.712300,130.273500,15.9,70000000000.0,K-NET18,
K-NET,KGS011,HIYOSHI,31.589600,130.349000,18.0,70000000000.0,K-NET18,
K-NET,KGS012,KAGOSHIMA,31.605700,130.574000,3.8,70000000000.0,K-NET18,
K-NET,KGS013,OHSUMI,31.597300,130.993800,117.7,70000000000.0,K-NET18,
K-NET,KGS014,TARUMIZU,31.496300,130.699400,4.0,70000000000.0,K-NET18,
K-NET,KGS015,OHSAKI,31.430800,131.010900,34.0,70000000000.0,K-NET18,
K-NET,KGS016,KASEDA,31.416200,130.322500,10.8,70000000000.0,K-NET18,
K-NET,KGS017,KANOYA,31.395400,130.870200,64.4,70000000000.0,K-NET18,
K-NET,KGS018,KIIRE,31.375700,130.544900,51.4,70000000000.0,K-NET18,
K-NET,KGS019,MAKURAZAKI,31.277600,130.300800,10.0,70000000000.0,K-NET18,
K-NET,KGS020,EI,31.239600,130.491500,21.4,70000000000.0,K-NET18,
K-NET,KGS021,IBUSUKI,31.253500,130.632400,7.9,70000000000.0,K-NET18,
K-NET,KGS022,UCHINOURA,31.280400,131.050400,12.0,70000000000.0,K-NET18,
K-NET,KGS023,TASHIRO,31.199000,130.849000,178.9,70000000000.0,K-NET18,
K-NET,KGS024,SATA,31.088800,130.698200,74.6,70000000000.0,K-NET18,
K-NET,KGS025,NISHINOOMOTE,30.731900,130.997700,15.0,70000000000.0,K-NET18,
K-NET,KGS026,NAKATANE,30.519900,130.955300,114.0,70000000000.0,K-NET18,
K-NET,KGS027,KADOKURAZAKI,30.348800,130.882900,15.0,70000000000.0,K-NET18,
K-NET,KGS028,KAMIYAKU,30.420400,130.577100,40.8,70000000000.0,K-NET18,
K-NET,KGS029,YAKU,30.236300,130.555300,60.0,70000000000.0,K-NET18,
K-NET,KGS030,KASARI,28.451000,129.678400,3.5,70000000000.0,K-NET18,
K-NET,KGS031,YAMATO,28.355300,129.392400,12.0,70000000000.0,K-NET18,
K-NET,KGS032,SETOUCHI,28.138800,129.320600,1.5,70000000000.0,K-NET18,
K-NET,KGS033,ISEN,27.688300,128.942100,136.0,70000000000.0,K-NET18,
K-NET,KGS034,CHINA,27.334000,128.574300,24.0,70000000000.0,K-NET18,
K-NET,KGS035,YORON,27.052200,128.424100,44.0,70000000000.0,K-NET18,
K-NET,KGS036,KAMIKOSHIKI,31.836000,129.867800,6.0,70000000000.0,K-NET18,
K-NET,KGS037,SHIMOKOSHIKI,31.639000,129.707800,13.3,70000000000.0,K-NET18,
K-NET,KGW001,TONOSHO,34.545200,134.280400,3.0,70000000000.0,K-NET11A,
K-NET,KGW002,UCHINOUMI,34.472400,134.314200,2.0,70000000000.0,K-NET11A,
K-NET,KGW003,MARUGAME,34.264400,133.789600,13.0,70000000000.0,K-NET11A,
K-NET,KGW004,TAKAMATSU,34.347300,134.037500,2.0,70000000000.0,K-NET11A,
K-NET,KGW005,KANONJI,34.113900,133.635300,1.0,70000000000.0,K-NET11A,
K-NET,KGW006,NAGAO,34.249900,134.185600,71.0,70000000000.0,K-NET11A,
K-NET,KGW007,HIKETA,34.213000,134.413300,9.0,70000000000.0,K-NET11A,
K-NET,KGW008,KOTONAMI,34.164500,133.924100,177.0,70000000000.0,K-NET11A,
K-NET,KMM001,OGUNI,33.121100,131.068900,430.0,70000000000.0,K-NET11B,
K-NET,KMM002,YAMAGA,33.018900,130.684600,33.0,70000000000.0,K-NET11B,
K-NET,KMM003,TAMANA,32.933500,130.547700,13.0,70000000000.0,K-NET11B,
K-NET,KMM004,ICHINOMIYA,32.931800,131.120300,554.0,70000000000.0,K-NET11A,
K-NET,KMM005,OHZU,32.876100,130.877100,125.0,70000000000.0,K-NET11B,
K-NET,KMM006,KUMAMOTO,32.793400,130.777200,35.0,70000000000.0,K-NET11B,
K-NET,KMM007,TAKAMORI,32.826800,131.122400,547.0,70000000000.0,K-NET11B,
K-NET,KMM008,UTO,32.687500,130.659800,3.0,70000000000.0,K-NET11B,
K-NET,KMM009,YABE,32.686400,130.988600,466.0,70000000000.0,K-NET11B,
K-NET,KMM010,MISUMI,32.613400,130.487300,6.0,70000000000.0,K-NET11B,
K-NET,KMM011,TOMOCHI,32.616600,130.863500,142.0,70000000000.0,K-NET11B,
K-NET,KMM012,YATSUSHIRO,32.509900,130.590800,2.0,70000000000.0,K-NET11C,
K-NET,KMM013,TANOURA,32.364400,130.508900,6.0,70000000000.0,K-NET11B,
K-NET,KMM014,ITSUKI,32.396100,130.827300,306.0,70000000000.0,K-NET11B,
K-NET,KMM015,MINAMATA,32.216100,130.405900,8.0,70000000000.0,K-NET11B,
K-NET,KMM016,HITOYOSHI,32.196500,130.775700,151.0,70000000000.0,K-NET11B,
K-NET,KMM017,TARAGI,32.256700,130.924500,153.0,70000000000.0,K-NET11B,
K-NET,KMM018,RYUGATAKE,32.394100,130.389800,8.0,70000000000.0,K-NET11B,
K-NET,KMM019,HONDO,32.454800,130.180700,10.0,70000000000.0,K-NET11B,
K-NET,KMM020,SHINWA,32.363600,130.180700,9.6,70000000000.0,K-NET18,
K-NET,KMM021,AMAKUSA,32.379300,129.999600,7.0,70000000000.0,K-NET11B,
K-NET,KMM022,USHIBUKA,32.194500,130.027000,3.0,70000000000.0,K-NET11B,
K-NET,KNG001,KAWASAKI,35.529100,139.706100,2.0,70000000000.0,K-NET11A,
K-NET,KNG002,YOKOHAMA,35.437200,139.633400,2.0,70000000000.0,K-NET11A,
K-NET,KNG003,YOKOSUKA,35.273100,139.658200,25.0,70000000000.0,K-NET11A,
K-NET,KNG004,MISAKI,35.156300,139.640000,54.0,70000000000.0,K-NET11A,
K-NET,KNG005,KAMAKURA,35.319100,139.546100,10.0,70000000000.0,K-NET11A,
K-NET,KNG006,FUTAMATAGAWA,35.454100,139.539100,60.0,70000000000.0,K-NET11A,
K-NET,KNG007,FUJISAWA,35.338200,139.492600,10.0,70000000000.0,K-NET11A,
K-NET,KNG008,SAGAMIHARA,35.574900,139.326200,120.0,70000000000.0,K-NET11A,
K-NET,KNG009,ATSUGI,35.442500,139.362100,19.0,70000000000.0,K-NET11A,
K-NET,KNG010,HIRATSUKA,35.333900,139.344600,7.0,70000000000.0,K-NET11A,
K-NET,KNG011,FUJINO,35.615100,139.155400,214.0,70000000000.0,K-NET11A,
K-NET,KNG012,HADANO,35.379300,139.204400,139.0,70000000000.0,K-NET11A,
K-NET,KNG013,ODAWARA,35.264200,139.152100,11.0,70000000000.0,K-NET11A,
K-NET,KNG014,YAMAKITA,35.360900,139.082800,107.0,70000000000.0,K-NET11A,
K-NET,KNG201,HIRATSUKA-ST1,34.595600,139.918300,-2197.0,70000000000.0,K-NET18,
K-NET,KNG202,HIRATSUKA-ST2,34.739600,139.839300,-2339.0,70000000000.0,K-NET18,
K-NET,KNG203,HIRATSUKA-ST3,34.798300,139.643500,-902.0,70000000000.0,K-NET18,
K-NET,KNG204,HIRATSUKA-ST4,34.893100,139.571100,-933.0,70000000000.0,K-NET18,
K-NET,KNG205,HIRATSUKA-ST5,34.941300,139.421300,-1486.0,70000000000.0,K-NET18,
K-NET,KNG206,HIRATSUKA-ST6,35.096600,139.377800,-1130.0,70000000000.0,K-NET18,
K-NET,KOC001,TOYO,33.527700,134.280800,7.0,70000000000.0,K-NET11A,
K-NET,KOC002,MUROTO,33.294600,134.166600,19.0,70000000000.0,K-NET11A,
K-NET,KOC003,AKI,33.501400,133.907100,5.0,70000000000.0,K-NET11A,
K-NET,KOC004,MONOBE,33.697500,133.876400,220.0,70000000000.0,K-NET11A,
K-NET,KOC005,TOSAYAMADA,33.592900,133.692300,27.0,70000000000.0,K-NET11A,
K-NET,KOC006,TOSA,33.494300,133.416600,8.0,70000000000.0,K-NET11A,
K-NET,KOC007,KOCHI,33.561200,133.527300,3.0,70000000000.0,K-NET11A,
K-NET,KOC008,HONKAWA,33.775800,133.346700,553.0,70000000000.0,K-NET11A,
K-NET,KOC009,AGAWA,33.573600,133.172000,98.0,70000000000.0,K-NET11A,
K-NET,KOC010,SUSAKI,33.392900,133.285200,2.0,70000000000.0,K-NET11A,
K-NET,KOC011,YUSUHARA,33.398200,132.896200,500.0,70000000000.0,K-NET11A,
K-NET,KOC012,TAISHO,33.197600,132.975800,147.0,70000000000.0,K-NET11A,
K-NET,KOC013,SAGA,33.079700,133.102300,4.0,70000000000.0,K-NET11A,
K-NET,KOC014,NAKAMURA,32.989700,132.940300,6.0,70000000000.0,K-NET11A,
K-NET,KOC015,SUKUMO,32.939300,132.725800,3.0,70000000000.0,K-NET11A,
K-NET,KOC016,TOSASHIMIZU,32.735900,132.975400,125.0,70000000000.0,K-NET11A,
K-NET,KOC017,OTOYO,33.784400,133.729800,228.0,70000000000.0,K-NET11A,
K-NET,KYT001,TANGO,35.740400,135.101900,11.0,70000000000.0,K-NET11A,
K-NET,KYT002,KUMIHAMA,35.603800,134.894500,3.0,70000000000.0,K-NET11A,
K-NET,KYT003,INE,35.676200,135.292700,27.0,70000000000.0,K-NET11A,
K-NET,KYT004,MIYAZU,35.535600,135.195900,2.0,70000000000.0,K-NET11A,
K-NET,KYT005,MAIZURU,35.475600,135.389300,2.0,70000000000.0,K-NET11A,
K-NET,KYT006,FUKUCHIYAMA,35.276600,135.182000,70.0,70000000000.0,K-NET11A,
K-NET,KYT007,ASHIU,35.306300,135.712000,406.0,70000000000.0,K-NET11A,
K-NET,KYT008,HONJO,35.261000,135.396700,99.0,70000000000.0,K-NET11A,
K-NET,KYT009,HIYOSHI,35.163900,135.501700,156.0,70000000000.0,K-NET11A,
K-NET,KYT011,KAMEOKA,35.017100,135.563700,101.0,70000000000.0,K-NET11A,
K-NET,KYT012,KYOTO,34.997700,135.817700,87.0,70000000000.0,K-NET11A,
K-NET,KYT013,UJI,34.878400,135.804600,79.0,70000000000.0,K-NET11A,
K-NET,KYT014,MINAMIYAMASHIRO,34.773100,135.992100,69.0,70000000000.0,K-NET11A,
K-NET,KYT015,HIROGAWARA,35.249600,135.766700,443.0,70000000000.0,K-NET11A,
K-NET,MIE001,FUJIWARA,35.171900,136.494800,128.0,70000000000.0,K-NET11A,
K-NET,MIE002,KOMONO,35.028300,136.506900,79.0,70000000000.0,K-NET11A,
K-NET,MIE003,YOKKAICHI,34.970800,136.635600,2.0,70000000000.0,K-NET11A,
K-NET,MIE004,KAMEYAMA,34.856800,136.448900,78.0,70000000000.0,K-NET11A,
K-NET,MIE005,UENO,34.767900,136.114900,134.0,70000000000.0,K-NET11A,
K-NET,MIE006,TSU,34.717800,136.503900,2.0,70000000000.0,K-NET11A,
K-NET,MIE007,HAKUSAN,34.639800,136.339900,52.0,70000000000.0,K-NET11A,
K-NET,MIE008,NABARI,34.629100,136.107400,222.0,70000000000.0,K-NET11A,
K-NET,MIE009,MATSUZAKA,34.575200,136.529600,8.0,70000000000.0,K-NET11A,
K-NET,MIE010,ISE,34.490900,136.733100,17.0,70000000000.0,K-NET11A,
K-NET,MIE011,IITAKA,34.428400,136.332800,143.0,70000000000.0,K-NET11A,
K-NET,MIE012,SHIMA,34.254400,136.822900,7.0,70000000000.0,K-NET11A,
K-NET,MIE013,NANTO,34.277800,136.499300,2.0,70000000000.0,K-NET11A,
K-NET,MIE014,OWASE,34.063600,136.168900,84.0,70000000000.0,K-NET11A,
K-NET,MIE015,KUMANO,33.878800,136.081600,6.0,70000000000.0,K-NET11A,
K-NET,MIE016,KIWA,33.876400,135.919100,60.0,70000000000.0,K-NET11A,
K-NET,MIE017,MIYAKAWA,34.362800,136.335800,116.0,70000000000.0,K-NET11A,
K-NET,MIE018,TSUBAISO,34.870100,136.454600,73.0,70000000000.0,K-NET11A,
K-NET,MYG001,KESENNUMA,38.901700,141.570900,36.0,70000000000.0,K-NET11,
K-NET,MYG002,UTATSU,38.726100,141.511000,65.0,70000000000.0,K-NET11C,
K-NET,MYG003,TOWA,38.734900,141.311600,32.0,70000000000.0,K-NET11,
K-NET,MYG004,TSUKIDATE,38.732400,141.027000,38.0,70000000000.0,K-NET11,
K-NET,MYG005,NARUKO,38.798900,140.651200,304.0,70000000000.0,K-NET11C,
K-NET,MYG006,FURUKAWA,38.566000,140.976700,17.0,70000000000.0,K-NET11,
K-NET,MYG007,TOYOSATO,38.587700,141.251000,4.0,70000000000.0,K-NET11,
K-NET,MYG008,KITAKAMI,38.567600,141.426700,26.0,70000000000.0,K-NET11,
K-NET,MYG009,TAIWA,38.446600,140.887100,29.0,70000000000.0,K-NET11,
K-NET,MYG010,ISHINOMAKI,38.429200,141.281900,2.0,70000000000.0,K-NET11,
K-NET,MYG011,OSHIKA,38.302000,141.507900,12.0,70000000000.0,K-NET11,
K-NET,MYG012,SHIOGAMA,38.328800,141.012800,74.0,70000000000.0,K-NET11,
K-NET,MYG013,SENDAI,38.266100,140.928600,5.0,70000000000.0,K-NET11,
K-NET,MYG014,SAKUNAMI,38.317300,140.636200,259.0,70000000000.0,K-NET11,
K-NET,MYG015,IWANUMA,38.103700,140.870800,3.0,70000000000.0,K-NET11,
K-NET,MYG016,SHIROISHI,38.007900,140.621200,49.0,70000000000.0,K-NET11,
K-NET,MYG017,KAKUDA,37.976000,140.782200,12.0,70000000000.0,K-NET11,
K-NET,MYG018,ISATOMAE,38.719400,141.522800,24.0,70000000000.0,K-NET11,
K-NET,MYG019,NARUKOONSEN,38.751300,140.722600,144.0,70000000000.0,K-NET11,
K-NET,MYZ001,TAKACHIHO,32.705000,131.308600,362.0,70000000000.0,K-NET11A,
K-NET,MYZ002,KITAGAWA,32.697800,131.683300,18.0,70000000000.0,K-NET11A,
K-NET,MYZ003,NOBEOKA,32.565900,131.660200,6.0,70000000000.0,K-NET11A,
K-NET,MYZ004,NANGO,32.388800,131.333800,289.0,70000000000.0,K-NET11A,
K-NET,MYZ005,HYUGA,32.428600,131.600900,26.0,70000000000.0,K-NET11B,
K-NET,MYZ006,TSUNO,32.256400,131.560900,23.0,70000000000.0,K-NET11A,
K-NET,MYZ007,NISHIMERA,32.235100,131.115500,306.0,70000000000.0,K-NET11A,
K-NET,MYZ008,SAITO,32.105600,131.393100,59.0,70000000000.0,K-NET11A,
K-NET,MYZ009,EBINO,32.046100,130.811500,230.0,70000000000.0,K-NET11A,
K-NET,MYZ010,KOBAYASHI,31.996800,130.972200,203.0,70000000000.0,K-NET11A,
K-NET,MYZ011,AYA,31.995100,131.255900,24.0,70000000000.0,K-NET11A,
K-NET,MYZ012,TAKASAKI,31.872300,131.068400,150.0,70000000000.0,K-NET11A,
K-NET,MYZ013,MIYAZAKI,31.908600,131.418800,6.0,70000000000.0,K-NET11A,
K-NET,MYZ014,TANO,31.845700,131.307000,136.0,70000000000.0,K-NET11A,
K-NET,MYZ015,MIYAKONOJO,31.718200,131.062400,146.0,70000000000.0,K-NET11A,
K-NET,MYZ016,NICHINAN,31.613100,131.374500,9.0,70000000000.0,K-NET11A,
K-NET,MYZ017,KUSHIMA,31.463900,131.228100,9.0,70000000000.0,K-NET11A,
K-NET,MYZ018,TOIMISAKI,31.398700,131.305400,12.0,70000000000.0,K-NET11A,
K-NET,MYZ019,KITAGO,32.500800,131.444400,142.0,70000000000.0,K-NET11A,
K-NET,MYZ020,SHIIBA,32.455700,131.147200,600.0,70000000000.0,K-NET11A,
K-NET,NAR001,IKOMA,34.715300,135.727600,149.0,70000000000.0,K-NET11A,
K-NET,NAR002,NARA,34.668200,135.835300,93.0,70000000000.0,K-NET11A,
K-NET,NAR003,YAMATOTAKADA,34.517100,135.717100,67.0,70000000000.0,K-NET11A,
K-NET,NAR004,HAIBARA,34.527700,135.951100,308.0,70000000000.0,K-NET11A,
K-NET,NAR005,GOJO,34.341400,135.684400,97.0,70000000000.0,K-NET11A,
K-NET,NAR006,KAWAKAMI,34.338400,135.954500,341.0,70000000000.0,K-NET11A,
K-NET,NAR007,OHTO,34.221400,135.736800,762.0,70000000000.0,K-NET11A,
K-NET,NAR008,KAMIKITAYAMA,34.136900,136.006300,332.0,70000000000.0,K-NET11A,
K-NET,NAR009,TOTSUKAWA,33.939600,135.753000,198.0,70000000000.0,K-NET11A,
K-NET,NGN001,IIYAMA,36.851300,138.365700,315.0,70000000000.0,K-NET18,
K-NET,NGN002,SHINANO,36.806800,138.206900,677.0,70000000000.0,K-NET11A,
K-NET,NGN003,YAMANOUCHI,36.740000,138.413700,589.0,70000000000.0,K-NET11A,
K-NET,NGN004,NAGANO,36.647500,138.194100,361.0,70000000000.0,K-NET11A,
K-NET,NGN005,HAKUBA,36.698700,137.863000,702.0,70000000000.0,K-NET11A,
K-NET,NGN006,OHMACHI,36.508400,137.851400,733.0,70000000000.0,K-NET11A,
K-NET,NGN007,KUISEKE,36.534400,138.118800,360.0,70000000000.0,K-NET11A,
K-NET,NGN008,UEDA,36.401800,138.248300,456.0,70000000000.0,K-NET11A,
K-NET,NGN009,HOTAKA,36.337100,137.871800,562.0,70000000000.0,K-NET11A,
K-NET,NGN010,KOMORO,36.328200,138.434900,738.0,70000000000.0,K-NET11A,
K-NET,NGN011,NAGATO,36.271800,138.258400,630.0,70000000000.0,K-NET11A,
K-NET,NGN012,MATSUMOTO,36.257100,137.979600,637.0,70000000000.0,K-NET11A,
K-NET,NGN013,AZUMI,36.182700,137.785000,733.0,70000000000.0,K-NET11A,
K-NET,NGN014,KOUMI,36.095600,138.483900,855.0,70000000000.0,K-NET11A,
K-NET,NGN015,SUWA,36.045100,138.111400,761.0,70000000000.0,K-NET11A,
K-NET,NGN016,FUJIMI,35.913300,138.222900,965.0,70000000000.0,K-NET11A,
K-NET,NGN017,NARAKAWA,35.974900,137.825900,916.0,70000000000.0,K-NET11A,
K-NET,NGN018,OTAKI,35.812900,137.529800,1012.0,70000000000.0,K-NET11A,
K-NET,NGN019,KISOFUKUSHIMA,35.856100,137.708000,789.0,70000000000.0,K-NET11A,
K-NET,NGN020,INA,35.827800,137.954800,633.0,70000000000.0,K-NET11A,
K-NET,NGN021,KOMAGANE,35.729300,137.933600,677.0,70000000000.0,K-NET11A,
K-NET,NGN022,NAGISO,35.605300,137.612600,453.0,70000000000.0,K-NET11A,
K-NET,NGN023,OHSHIKA,35.577500,138.033800,673.0,70000000000.0,K-NET11A,
K-NET,NGN024,IIDA,35.523200,137.838200,536.0,70000000000.0,K-NET11A,
K-NET,NGN025,TENRYU,35.286400,137.857100,318.0,70000000000.0,K-NET11A,
K-NET,NGS001,HIRADO,33.361700,129.537700,134.0,70000000000.0,K-NET18,
K-NET,NGS002,MATSUURA,33.344200,129.705600,3.0,70000000000.0,K-NET18,
K-NET,NGS003,SHIJIKI,33.201600,129.412400,25.0,70000000000.0,K-NET18,
K-NET,NGS004,SASEBO,33.181000,129.717300,24.0,70000000000.0,K-NET18,
K-NET,NGS005,HIGASHISONOGI,33.037000,129.917300,3.0,70000000000.0,K-NET18,
K-NET,NGS006,OHSETO,32.933000,129.643600,23.0,70000000000.0,K-NET18,
K-NET,NGS007,KINKAI,32.906200,129.780400,5.0,70000000000.0,K-NET18,
K-NET,NGS008,KONAGAI,32.923300,130.184600,7.0,70000000000.0,K-NET18,
K-NET,NGS009,ISAHAYA,32.845700,130.021600,25.0,70000000000.0,K-NET18,
K-NET,NGS010,NAGASAKI,32.735100,129.876500,77.0,70000000000.0,K-NET18,
K-NET,NGS011,CHIJIWA,32.784300,130.202300,38.0,70000000000.0,K-NET18,
K-NET,NGS012,SHIMABARA,32.788300,130.346300,100.0,70000000000.0,K-NET18,
K-NET,NGS013,NOMOZAKI,32.581000,129.759700,5.0,70000000000.0,K-NET18,
K-NET,NGS014,KUCHINOTSU,32.610400,130.185100,2.0,70000000000.0,K-NET18,
K-NET,NGS015,UKU,33.255700,129.125600,56.0,70000000000.0,K-NET18,
K-NET,NGS016,WAKAMATSU,32.887600,129.021300,4.0,70000000000.0,K-NET18,
K-NET,NGS017,FUKUE,32.669300,128.843200,112.0,70000000000.0,K-NET18,
K-NET,NGS018,TAMANOURA,32.634000,128.620500,13.0,70000000000.0,K-NET18,
K-NET,NGS019,OHMURA,32.900300,129.958300,2.0,70000000000.0,K-NET18,
K-NET,NGS020,KAMITSUSHIMA,34.655100,129.459100,13.0,70000000000.0,K-NET18,
K-NET,NGS021,TOYOTAMA,34.397100,129.323900,10.0,70000000000.0,K-NET18,
K-NET,NGS022,KOKUBU,34.203100,129.287400,8.0,70000000000.0,K-NET18,
K-NET,NGS023,GONOURA,33.750000,129.691000,41.0,70000000000.0,K-NET18,
K-NET,NIG001,IWAYAGUCHI,38.257000,138.431800,6.0,70000000000.0,K-NET11A,
K-NET,NIG002,RYOTSU,38.074800,138.440700,3.0,70000000000.0,K-NET11A,
K-NET,NIG003,SAWATA,37.997700,138.323100,4.0,70000000000.0,K-NET11A,
K-NET,NIG004,OGI,37.820000,138.278800,42.0,70000000000.0,K-NET11A,
K-NET,NIG005,MATSUGASAKI,37.920700,138.497100,3.0,70000000000.0,K-NET11A,
K-NET,NIG006,KANGAWA,38.451400,139.496300,4.0,70000000000.0,K-NET11A,
K-NET,NIG007,MURAKAMI,38.230600,139.486300,10.0,70000000000.0,K-NET11A,
K-NET,NIG008,NAKAJO,38.051400,139.408600,23.0,70000000000.0,K-NET11A,
K-NET,NIG009,SHIBATA,37.951000,139.337700,11.0,70000000000.0,K-NET11A,
K-NET,NIG010,NIIGATA,37.914400,139.010700,7.0,70000000000.0,K-NET11B,
K-NET,NIG011,NIITSU,37.801200,139.145700,8.0,70000000000.0,K-NET11C,
K-NET,NIG012,KANOSE,37.686300,139.477100,70.0,70000000000.0,K-NET11B,
K-NET,NIG013,MAKI,37.763400,138.883000,7.0,70000000000.0,K-NET11B,
K-NET,NIG014,SANJO,37.641200,138.955300,9.0,70000000000.0,K-NET11C,
K-NET,NIG015,MURAMATSU,37.693800,139.188400,34.0,70000000000.0,K-NET11C,
K-NET,NIG016,TERADOMARI,37.645800,138.773000,32.0,70000000000.0,K-NET11B,
K-NET,NIG017,NAGAOKA,37.441000,138.842500,21.0,70000000000.0,K-NET11C,
K-NET,NIG018,KASHIWAZAKI,37.372700,138.558300,10.0,70000000000.0,K-NET11B,
K-NET,NIG019,OJIYA,37.304300,138.812100,65.0,70000000000.0,K-NET11C,
K-NET,NIG020,KOIDE,37.234800,138.962100,93.0,70000000000.0,K-NET11C,
K-NET,NIG021,TOKAMACHI,37.201100,138.778300,109.0,70000000000.0,K-NET11C,
K-NET,NIG022,SHIOZAWA,37.036600,138.846100,182.0,70000000000.0,K-NET11C,
K-NET,NIG023,TSUNAN,37.013400,138.654600,245.0,70000000000.0,K-NET11C,
K-NET,NIG024,YASUZUKA,37.127400,138.444200,83.0,70000000000.0,K-NET11C,
K-NET,NIG025,NAOETSU,37.161000,138.223400,11.0,70000000000.0,K-NET11B,
K-NET,NIG026,ARAI,37.022400,138.250600,70.0,70000000000.0,K-NET11B,
K-NET,NIG027,ITOIGAWA,37.023500,137.861300,107.0,70000000000.0,K-NET11B,
K-NET,NIG028,NAGAOKA-SHISHO,37.425700,138.885600,86.0,70000000000.0,K-NET11C,
K-NET,OIT001,KUNIMI,33.678800,131.594900,7.0,70000000000.0,K-NET11A,
K-NET,OIT002,NAKATSU,33.569100,131.267500,8.0,70000000000.0,K-NET11A,
K-NET,OIT003,BUNGOTAKADA,33.557500,131.446000,5.0,70000000000.0,K-NET11A,
K-NET,OIT004,KUNISAKI,33.565900,131.731600,4.0,70000000000.0,K-NET11A,
K-NET,OIT005,YABAKEI,33.452400,131.114200,113.0,70000000000.0,K-NET11A,
K-NET,OIT006,INNAI,33.421100,131.317300,91.0,70000000000.0,K-NET11A,
K-NET,OIT007,KITSUKI,33.416900,131.614200,21.0,70000000000.0,K-NET11A,
K-NET,OIT008,AMAGASE,33.254800,131.019700,189.0,70000000000.0,K-NET11A,
K-NET,OIT009,YUFUIN,33.256800,131.344300,455.0,70000000000.0,K-NET11A,
K-NET,OIT010,OHITA,33.231700,131.593400,7.0,70000000000.0,K-NET11A,
K-NET,OIT011,SAGANOSEKI,33.246800,131.881600,8.0,70000000000.0,K-NET11A,
K-NET,OIT012,NAOIRI,33.066600,131.372900,460.0,70000000000.0,K-NET11A,
K-NET,OIT013,INUKAI,33.072700,131.593400,85.0,70000000000.0,K-NET11A,
K-NET,OIT014,TSUKUMI,33.065600,131.858800,8.0,70000000000.0,K-NET11A,
K-NET,OIT015,TAKEDA,32.973300,131.399800,267.0,70000000000.0,K-NET11A,
K-NET,OIT016,SAIKI,32.974800,131.903000,2.0,70000000000.0,K-NET11A,
K-NET,OIT017,UME,32.857900,131.657600,251.0,70000000000.0,K-NET11A,
K-NET,OIT018,KAMAE,32.798000,131.925500,12.0,70000000000.0,K-NET11A,
K-NET,OKN001,KUNIGAMI,26.740200,128.173600,7.0,70000000000.0,K-NET18,
K-NET,OKN002,NAGO,26.591600,127.976700,3.0,70000000000.0,K-NET18,
K-NET,OKN003,GUSHIKAWA,26.380000,127.857200,10.0,70000000000.0,K-NET18,
K-NET,OKN004,NAHA,26.249700,127.678600,3.5,70000000000.0,K-NET18,
K-NET,OKN005,CHINEN,26.168600,127.826700,73.3,70000000000.0,K-NET18,
K-NET,OKN006,KUMEJIMA,26.349700,126.747900,30.0,70000000000.0,K-NET18,
K-NET,OKN007,KARIMATA,24.853000,125.296400,14.0,70000000000.0,K-NET18,
K-NET,OKN008,GUSUKUBE,24.755800,125.386400,70.0,70000000000.0,K-NET18,
K-NET,OKN009,SHINEI,24.341300,124.152600,3.0,70000000000.0,K-NET18,
K-NET,OKN010,IBARUMA,24.508800,124.282000,10.0,70000000000.0,K-NET18,
K-NET,OKN011,UEHARA,24.432400,123.779800,20.0,70000000000.0,K-NET18,
K-NET,OKY001,YUBARA,35.170200,133.731100,316.0,70000000000.0,K-NET11A,
K-NET,OKY002,KAMO,35.178500,134.050500,233.0,70000000000.0,K-NET11A,
K-NET,OKY003,NISHIAWAKURA,35.173200,134.334600,320.0,70000000000.0,K-NET11A,
K-NET,OKY004,NIIMI,34.958600,133.501800,165.0,70000000000.0,K-NET11A,
K-NET,OKY005,OCHIAI,35.009600,133.731800,134.0,70000000000.0,K-NET11A,
K-NET,OKY006,TSUYAMA,35.068500,134.005400,96.0,70000000000.0,K-NET11A,
K-NET,OKY007,TAKAHASHI,34.780500,133.610400,60.0,70000000000.0,K-NET11A,
K-NET,OKY008,TAKEBE,34.868800,133.903900,62.0,70000000000.0,K-NET11A,
K-NET,OKY009,YOSHII,34.918500,134.093100,49.0,70000000000.0,K-NET11A,
K-NET,OKY010,BIZEN,34.722800,134.122900,8.0,70000000000.0,K-NET11A,
K-NET,OKY011,OKAYAMA,34.655400,133.907500,2.0,70000000000.0,K-NET11A,
K-NET,OKY012,KURASHIKI,34.589700,133.754000,3.0,70000000000.0,K-NET11A,
K-NET,OKY013,KASAOKA,34.509400,133.509000,9.0,70000000000.0,K-NET11A,
K-NET,OKY014,SHIMOTSUI,34.448300,133.787000,48.0,70000000000.0,K-NET11A,
K-NET,OKY015,KAMISAIBARA,35.279300,133.926000,473.0,70000000000.0,K-NET11A,
K-NET,OSK001,NOSE,34.968800,135.396000,215.0,70000000000.0,K-NET11A,
K-NET,OSK002,TAKATSUKI,34.857200,135.595800,34.0,70000000000.0,K-NET11A,
K-NET,OSK003,TOYONAKA,34.766800,135.468400,4.0,70000000000.0,K-NET11A,
K-NET,OSK004,SHIJONAWATE,34.740700,135.639600,15.0,70000000000.0,K-NET11A,
K-NET,OSK005,OHSAKA,34.725600,135.510100,4.0,70000000000.0,K-NET11A,
K-NET,OSK006,SAKAI,34.589400,135.471000,1.0,70000000000.0,K-NET11A,
K-NET,OSK007,HABIKINO,34.557500,135.606000,31.0,70000000000.0,K-NET11A,
K-NET,OSK008,KISHIWADA,34.440400,135.391800,36.0,70000000000.0,K-NET11A,
K-NET,OSK009,KAWACHINAGANO,34.436400,135.580500,207.0,70000000000.0,K-NET11A,
K-NET,OSK010,SENNAN,34.374400,135.255300,3.0,70000000000.0,K-NET11A,
K-NET,SAG001,CHINZEI,33.527400,129.877200,40.0,70000000000.0,K-NET18,
K-NET,SAG002,KARATSU,33.422800,129.919200,208.0,70000000000.0,K-NET18,
K-NET,SAG003,FUJI,33.373200,130.208100,187.0,70000000000.0,K-NET18,
K-NET,SAG004,IMARI,33.264900,129.881300,32.0,70000000000.0,K-NET18,
K-NET,SAG005,KYURAGI,33.321300,130.064500,47.0,70000000000.0,K-NET18,
K-NET,SAG006,TAKEO,33.191700,130.031700,9.0,70000000000.0,K-NET18,
K-NET,SAG007,SAGA,33.262600,130.300500,4.0,70000000000.0,K-NET18,
K-NET,SAG008,KASHIMA,33.104100,130.099800,7.0,70000000000.0,K-NET18,
K-NET,SIG001,YOGO,35.539900,136.206600,141.0,70000000000.0,K-NET11A,
K-NET,SIG002,IMAZU,35.421400,136.024300,95.0,70000000000.0,K-NET11A,
K-NET,SIG003,NAGAHAMA,35.377300,136.264200,86.0,70000000000.0,K-NET11A,
K-NET,SIG004,KUTSUKI,35.347400,135.918700,187.0,70000000000.0,K-NET11A,
K-NET,SIG005,HIKONE,35.249900,136.241400,92.0,70000000000.0,K-NET11A,
K-NET,SIG006,SHIGA,35.200200,135.921000,105.0,70000000000.0,K-NET11A,
K-NET,SIG007,OMIHACHIMAN,35.133900,136.095700,90.0,70000000000.0,K-NET11A,
K-NET,SIG008,EIGENJI,35.070400,136.294600,220.0,70000000000.0,K-NET11A,
K-NET,SIG009,KOSEI,35.005200,136.084100,134.0,70000000000.0,K-NET11A,
K-NET,SIG010,OHTSU,34.971900,135.896500,111.0,70000000000.0,K-NET11A,
K-NET,SIG011,SHIGARAKI,34.878100,136.059100,283.0,70000000000.0,K-NET11A,
K-NET,SIG012,KOGA,34.901800,136.232400,225.0,70000000000.0,K-NET11A,
K-NET,SIT001,HONJO,36.243100,139.193800,48.0,70000000000.0,K-NET11A,
K-NET,SIT002,KUMAGAYA,36.147800,139.388800,28.0,70000000000.0,K-NET11A,
K-NET,SIT003,KUKI,36.072100,139.696900,8.0,70000000000.0,K-NET11A,
K-NET,SIT004,NAGATORO,36.117800,139.104400,144.0,70000000000.0,K-NET11A,
K-NET,SIT005,OGAWA,36.056300,139.262600,90.0,70000000000.0,K-NET11A,
K-NET,SIT006,CHICHIBU,35.995900,139.071300,211.0,70000000000.0,K-NET11A,
K-NET,SIT007,HIGASHIMATSUYAMA,36.054200,139.393300,26.0,70000000000.0,K-NET11A,
K-NET,SIT008,KASUKABE,35.982900,139.745600,7.0,70000000000.0,K-NET11A,
K-NET,SIT009,KAWAGOE,35.903300,139.482600,23.0,70000000000.0,K-NET11A,
K-NET,SIT010,OHMIYA,35.907100,139.647800,6.0,70000000000.0,K-NET11A,
K-NET,SIT011,KAWAGUCHI,35.809800,139.721400,3.0,70000000000.0,K-NET11A,
K-NET,SIT012,HANNO,35.840300,139.321600,87.0,70000000000.0,K-NET11A,
K-NET,SIT013,TOKOROZAWA,35.796600,139.465900,76.0,70000000000.0,K-NET11A,
K-NET,SIT014,NAKATSUGAWA,35.995400,138.801000,746.0,70000000000.0,K-NET11A,
K-NET,SMN001,MIHONOSEKI,35.537100,133.161400,2.0,70000000000.0,K-NET11A,
K-NET,SMN002,MATSUE,35.471300,133.068100,3.0,70000000000.0,K-NET11A,
K-NET,SMN003,YOKOTA,35.179800,133.093400,333.0,70000000000.0,K-NET11A,
K-NET,SMN004,KISUKI,35.287500,132.902200,46.0,70000000000.0,K-NET11A,
K-NET,SMN005,IZUMO,35.360800,132.744900,8.0,70000000000.0,K-NET11A,
K-NET,SMN006,OHTA,35.190800,132.498100,36.0,70000000000.0,K-NET11A,
K-NET,SMN007,OCHI,35.077300,132.591900,79.0,70000000000.0,K-NET11A,
K-NET,SMN008,MIZUHO,34.852100,132.530800,335.0,70000000000.0,K-NET11A,
K-NET,SMN009,GOTSU,35.011700,132.221900,21.0,70000000000.0,K-NET11A,
K-NET,SMN010,HAMADA,34.887600,132.075700,111.0,70000000000.0,K-NET11A,
K-NET,SMN011,HIKIMI,34.572200,132.013600,260.0,70000000000.0,K-NET11A,
K-NET,SMN012,MUIKAICHI,34.355100,131.935400,314.0,70000000000.0,K-NET11A,
K-NET,SMN013,MASUDA,34.669600,131.846100,36.0,70000000000.0,K-NET11A,
K-NET,SMN014,TSUWANO,34.466800,131.774700,157.0,70000000000.0,K-NET11A,
K-NET,SMN015,HIROSE,35.365300,133.170600,34.0,70000000000.0,K-NET11A,
K-NET,SMN016,KAKEYA,35.195900,132.814400,207.0,70000000000.0,K-NET11A,
K-NET,SMN017,NISHINOSHIMA,36.093000,132.983800,5.0,70000000000.0,K-NET11A,
K-NET,SMN018,TSUMA,36.196900,133.234800,6.0,70000000000.0,K-NET11A,
K-NET,SMN019,FUSE,36.293800,133.352600,7.0,70000000000.0,K-NET11A,
K-NET,SMN020,SHIMOUBEO,35.534700,133.165100,3.0,70000000000.0,K-NET11A,
K-NET,SZO001,ATAMI,35.142500,139.079800,74.0,70000000000.0,K-NET11A,
K-NET,SZO002,ITO,34.965300,139.103000,46.0,70000000000.0,K-NET11A,
K-NET,SZO003,HIGASHIIZU,34.815800,139.054400,149.0,70000000000.0,K-NET11A,
K-NET,SZO004,MINAMIIZU,34.647100,138.819300,51.0,70000000000.0,K-NET11A,
K-NET,SZO005,MATSUZAKI,34.755000,138.784100,4.0,70000000000.0,K-NET11A,
K-NET,SZO006,TOI,34.911100,138.794800,10.0,70000000000.0,K-NET11A,
K-NET,SZO007,SHUZENJI,34.977100,138.946800,46.0,70000000000.0,K-NET11A,
K-NET,SZO008,NUMAZU,35.110500,138.843600,7.0,70000000000.0,K-NET11A,
K-NET,SZO009,SUSONO,35.197200,138.912900,181.0,70000000000.0,K-NET11A,
K-NET,SZO010,GOTEMBA,35.313400,138.906300,537.0,70000000000.0,K-NET11A,
K-NET,SZO011,FUJINOMIYA,35.212900,138.601500,195.0,70000000000.0,K-NET11A,
K-NET,SZO012,KAMBARA,35.125700,138.622200,9.0,70000000000.0,K-NET11A,
K-NET,SZO013,SHIMIZU,35.040900,138.476500,11.0,70000000000.0,K-NET11A,
K-NET,SZO014,SHIZUOKA,34.964900,138.374100,19.0,70000000000.0,K-NET11A,
K-NET,SZO015,UMEGASHIMA,35.243300,138.341000,451.0,70000000000.0,K-NET11A,
K-NET,SZO016,YAIZU,34.856400,138.312000,3.0,70000000000.0,K-NET11A,
K-NET,SZO017,HAMAOKA,34.637500,138.128600,9.0,70000000000.0,K-NET11A,
K-NET,SZO018,HAIBARA,34.738900,138.224700,3.0,70000000000.0,K-NET11A,
K-NET,SZO019,KAKEGAWA,34.770500,137.998900,36.0,70000000000.0,K-NET11A,
K-NET,SZO020,KAWANE,35.008400,138.147400,270.0,70000000000.0,K-NET11C,
K-NET,SZO021,HONKAWANE,35.097800,138.133200,441.0,70000000000.0,K-NET11A,
K-NET,SZO022,SAKUMA,35.091800,137.812700,136.0,70000000000.0,K-NET11A,
K-NET,SZO023,TENRYU,34.873600,137.816700,46.0,70000000000.0,K-NET11A,
K-NET,SZO024,HAMAMATSU,34.710400,137.719900,29.0,70000000000.0,K-NET11A,
K-NET,SZO025,KOSAI,34.718900,137.531800,3.0,70000000000.0,K-NET11A,
K-NET,SZO026,HARUNO,34.981200,137.896400,133.0,70000000000.0,K-NET11A,
K-NET,SZO027,NISHIIZU,34.780900,138.793400,14.0,70000000000.0,K-NET11A,
K-NET,SZO028,KAWANA,34.952200,139.137900,9.0,70000000000.0,K-NET11B,
K-NET,TCG001,KUROISO,36.943200,140.082500,253.0,70000000000.0,K-NET11A,
K-NET,TCG002,SHIOBARA,36.990300,139.802900,619.0,70000000000.0,K-NET11A,
K-NET,TCG003,FUJIWARA,36.815300,139.718400,403.0,70000000000.0,K-NET11A,
K-NET,TCG004,YUMOTO,36.806500,139.422100,1492.0,70000000000.0,K-NET11A,
K-NET,TCG005,YAITA,36.806100,139.926400,196.0,70000000000.0,K-NET11A,
K-NET,TCG006,OGAWA,36.763800,140.129500,122.0,70000000000.0,K-NET11A,
K-NET,TCG007,UTSUNOMIYA,36.567700,139.887300,136.0,70000000000.0,K-NET11A,
K-NET,TCG008,KANUMA,36.560000,139.767600,152.0,70000000000.0,K-NET11A,
K-NET,TCG009,IMAICHI,36.726100,139.715900,361.0,70000000000.0,K-NET11A,
K-NET,TCG010,ASHIO,36.634800,139.437900,637.0,70000000000.0,K-NET11A,
K-NET,TCG011,KUZUU,36.386900,139.614400,93.0,70000000000.0,K-NET11A,
K-NET,TCG012,OYAMA,36.286300,139.804800,34.0,70000000000.0,K-NET11A,
K-NET,TCG013,MOKA,36.436800,140.022700,66.0,70000000000.0,K-NET11A,
K-NET,TCG014,MOTEGI,36.542800,140.180400,139.0,70000000000.0,K-NET11A,
K-NET,TCG015,SERINUMA,36.748800,139.714400,343.0,70000000000.0,K-NET11A,
K-NET,TCG016,KITATAKAOKA,36.528800,140.155800,135.0,70000000000.0,K-NET11A,
K-NET,TKS001,NARUTO,34.203400,134.609600,2.0,70000000000.0,K-NET11A,
K-NET,TKS002,TOKUSHIMA,34.043900,134.582000,2.0,70000000000.0,K-NET11A,
K-NET,TKS003,ANAN,33.871600,134.604000,13.0,70000000000.0,K-NET11A,
K-NET,TKS004,YUKI,33.775000,134.590700,3.0,70000000000.0,K-NET11A,
K-NET,TKS005,KAMIKATSU,33.878800,134.389000,284.0,70000000000.0,K-NET11A,
K-NET,TKS006,MUGI,33.668900,134.419100,2.0,70000000000.0,K-NET11A,
K-NET,TKS007,ICHIBA,34.090300,134.285400,50.0,70000000000.0,K-NET11A,
K-NET,TKS008,KOYADAIRA,33.934100,134.211300,337.0,70000000000.0,K-NET11A,
K-NET,TKS009,KITO,33.772200,134.199300,365.0,70000000000.0,K-NET11A,
K-NET,TKS010,SADAMITSU,34.038200,134.061400,54.0,70000000000.0,K-NET11A,
K-NET,TKS011,HIGASHIIYAYAMA,33.874400,133.921900,550.0,70000000000.0,K-NET11A,
K-NET,TKS012,IKEDA,34.031700,133.806400,128.0,70000000000.0,K-NET11A,
K-NET,TKY001,HIKAWA,35.803100,139.095300,380.0,70000000000.0,K-NET11A,
K-NET,TKY002,HINOHARA,35.730600,139.145400,291.0,70000000000.0,K-NET11A,
K-NET,TKY003,OUME,35.796800,139.291600,179.0,70000000000.0,K-NET11A,
K-NET,TKY004,HACHIOJI,35.630100,139.403400,81.0,70000000000.0,K-NET11A,
K-NET,TKY005,MACHIDA,35.579800,139.413700,106.0,70000000000.0,K-NET11A,
K-NET,TKY006,KOGANEI,35.698900,139.502800,70.0,70000000000.0,K-NET11A,
K-NET,TKY007,SHINJUKU,35.711100,139.686400,34.0,70000000000.0,K-NET11A,
K-NET,TKY008,OKADA,34.785100,139.390900,65.0,70000000000.0,K-NET11A,
K-NET,TKY009,HABUMINATO,34.686700,139.441000,53.0,70000000000.0,K-NET11A,
K-NET,TKY010,NIIJIMA,34.377900,139.257300,16.0,70000000000.0,K-NET11A,
K-NET,TKY012,HACHIJO,33.119500,139.798600,62.0,70000000000.0,K-NET11A,
K-NET,TKY013,SUNAMACHI,35.662700,139.834100,1.0,70000000000.0,K-NET11A,
K-NET,TKY014,KAMEIDO,35.700200,139.835100,-3.0,70000000000.0,K-NET11A,
K-NET,TKY015,HIGASHISHIRAHIGE,35.731300,139.811900,4.0,70000000000.0,K-NET11A,
K-NET,TKY016,SHINONOME,35.648600,139.799000,2.0,70000000000.0,K-NET11A,
K-NET,TKY017,TATSUMI,35.647300,139.809200,4.0,70000000000.0,K-NET11A,
K-NET,TKY018,HACHIEDA,35.655300,139.811400,6.0,70000000000.0,K-NET11A,
K-NET,TKY020,SHIOHAMA,35.664600,139.808600,2.0,70000000000.0,K-NET11A,
K-NET,TKY021,SARUE,35.687500,139.819000,1.0,70000000000.0,K-NET11A,
K-NET,TKY022,YOKOAMI,35.700200,139.796300,1.0,70000000000.0,K-NET11A,
K-NET,TKY023,YAHIRO,35.725900,139.825400,0.0,70000000000.0,K-NET11A,
K-NET,TKY024,OKUDO,35.742200,139.861200,3.0,70000000000.0,K-NET11A,
K-NET,TKY025,SHINOZAKI,35.713600,139.897200,1.0,70000000000.0,K-NET11A,
K-NET,TKY026,UKITA,35.670700,139.863300,-2.0,70000000000.0,K-NET11A,
K-NET,TKY027,MIZUE,35.693000,139.891300,1.0,70000000000.0,K-NET11A,
K-NET,TKY028,ECCHUJIMA,35.669800,139.789100,4.0,70000000000.0,K-NET11A,
K-NET,TKY029,MIYAKE,34.075700,139.478900,32.0,70000000000.0,K-NET11A,
K-NET,TKY030,AKASAKA,35.669800,139.736000,13.0,70000000000.0,K-NET18,
K-NET,TKY031,SENDAGAYA,35.678900,139.707000,29.0,70000000000.0,K-NET18,
K-NET,TTR001,WAKASA,35.339800,134.400700,231.0,70000000000.0,K-NET11A,
K-NET,TTR002,TOTTORI,35.485900,134.220100,6.0,70000000000.0,K-NET11A,
K-NET,TTR003,MOCHIGASE,35.343200,134.207500,84.0,70000000000.0,K-NET11A,
K-NET,TTR004,SHIKANO,35.460600,134.054800,49.0,70000000000.0,K-NET11A,
K-NET,TTR005,KURAYOSHI,35.429800,133.825800,26.0,70000000000.0,K-NET11A,
K-NET,TTR006,AKASAKI,35.514400,133.629700,19.0,70000000000.0,K-NET11A,
K-NET,TTR007,KOFU,35.283600,133.486600,155.0,70000000000.0,K-NET11A,
K-NET,TTR008,YONAGO,35.425900,133.330100,2.0,70000000000.0,K-NET11A,
K-NET,TTR009,NICHINAN,35.171200,133.311800,293.0,70000000000.0,K-NET11A,
K-NET,TYM001,SAKAI,36.976400,137.625700,11.0,70000000000.0,K-NET11C,
K-NET,TYM002,HIMI,36.865900,136.975000,4.0,70000000000.0,K-NET11C,
K-NET,TYM003,UOZU,36.816400,137.420000,47.0,70000000000.0,K-NET11C,
K-NET,TYM004,UNAZUKI,36.862600,137.527400,116.0,70000000000.0,K-NET11C,
K-NET,TYM005,SHINMINATO,36.761100,137.093100,1.0,70000000000.0,K-NET11C,
K-NET,TYM006,OYABE,36.673100,136.897400,27.0,70000000000.0,K-NET11C,
K-NET,TYM007,TOYAMA,36.668700,137.212300,17.0,70000000000.0,K-NET11C,
K-NET,TYM008,OHYAMA,36.608500,137.282600,128.0,70000000000.0,K-NET11B,
K-NET,TYM009,YATSUO,36.585300,137.140300,77.0,70000000000.0,K-NET11C,
K-NET,TYM010,FUKUMITSU,36.555600,136.888300,79.0,70000000000.0,K-NET11C,
K-NET,TYM011,ASHIKURA,36.578000,137.385100,382.0,70000000000.0,K-NET11B,
K-NET,TYM012,TOGA,36.440200,137.039500,669.0,70000000000.0,K-NET11C,
K-NET,WKY001,WAKAYAMA,34.229300,135.169400,11.0,70000000000.0,K-NET11A,
K-NET,WKY002,NAGA,34.275500,135.430600,59.0,70000000000.0,K-NET11A,
K-NET,WKY003,ARIDA,34.099600,135.116100,3.0,70000000000.0,K-NET11A,
K-NET,WKY004,SHIMIZU,34.084100,135.431000,239.0,70000000000.0,K-NET11A,
K-NET,WKY005,RYUJIN,33.894300,135.488500,315.0,70000000000.0,K-NET11A,
K-NET,WKY006,GOBO,33.914600,135.163900,10.0,70000000000.0,K-NET11A,
K-NET,WKY007,HONGU,33.837400,135.773600,60.0,70000000000.0,K-NET11A,
K-NET,WKY008,TANABE,33.728900,135.377100,6.0,70000000000.0,K-NET11A,
K-NET,WKY009,SHINGU,33.720800,135.981400,8.0,70000000000.0,K-NET11A,
K-NET,WKY010,SUSAMI,33.549900,135.497300,6.0,70000000000.0,K-NET11A,
K-NET,WKY011,TAIJI,33.594800,135.946200,10.0,70000000000.0,K-NET11A,
K-NET,WKY012,KUSHIMOTO,33.471900,135.783500,3.0,70000000000.0,K-NET11A,
K-NET,WKY013,KOYA,34.215900,135.586400,823.0,70000000000.0,K-NET11A,
K-NET,WKY014,KOMORI,33.705600,135.639600,431.0,70000000000.0,K-NET11A,
K-NET,YMG001,SUSA,34.617200,131.602200,5.0,70000000000.0,K-NET11A,
K-NET,YMG002,HAGI,34.407700,131.398600,3.0,70000000000.0,K-NET11A,
K-NET,YMG003,IKUMONAKA,34.383000,131.599900,289.0,70000000000.0,K-NET11A,
K-NET,YMG004,NAGATO,34.363400,131.186500,24.0,70000000000.0,K-NET11A,
K-NET,YMG005,HOHOKU,34.290700,130.948700,60.0,70000000000.0,K-NET11A,
K-NET,YMG006,TOYOURA,34.148700,130.929900,6.0,70000000000.0,K-NET11A,
K-NET,YMG007,MINE,34.165900,131.206500,88.0,70000000000.0,K-NET11A,
K-NET,YMG008,YAMAGUCHI,34.011900,131.409900,5.0,70000000000.0,K-NET11A,
K-NET,YMG009,KANO,34.226000,131.815800,371.0,70000000000.0,K-NET11A,
K-NET,YMG010,MIKAWA,34.230300,131.981900,61.0,70000000000.0,K-NET11A,
K-NET,YMG011,SHIMONOSEKI,34.064300,131.021300,25.0,70000000000.0,K-NET11A,
K-NET,YMG012,UBE,33.994300,131.217900,2.0,70000000000.0,K-NET11A,
K-NET,YMG013,HOFU,34.031300,131.534200,3.0,70000000000.0,K-NET11A,
K-NET,YMG014,TOKUYAMA,34.054200,131.807700,15.0,70000000000.0,K-NET11A,
K-NET,YMG015,KUGA,34.096600,132.076100,64.0,70000000000.0,K-NET11A,
K-NET,YMG016,IWAKUNI,34.170300,132.176400,7.0,70000000000.0,K-NET11A,
K-NET,YMG017,YANAI,33.964900,132.101100,1.0,70000000000.0,K-NET11A,
K-NET,YMG018,TOWA,33.909100,132.355900,3.0,70000000000.0,K-NET11A,
K-NET,YMG019,KAMINOSEKI,33.845400,132.120400,63.0,70000000000.0,K-NET11A,
K-NET,YMN001,TABAYAMA,35.789500,138.919800,616.7,70000000000.0,K-NET11A,
K-NET,YMN002,OHTSUKI,35.613300,138.947300,365.0,70000000000.0,K-NET11A,
K-NET,YMN003,FUJIYOSHIDA,35.465100,138.812900,846.0,70000000000.0,K-NET11A,
K-NET,YMN004,ENZAN,35.702500,138.726600,394.0,70000000000.0,K-NET11A,
K-NET,YMN005,KOFU,35.655100,138.567900,263.0,70000000000.0,K-NET11A,
K-NET,YMN006,MOTOSU,35.468500,138.606900,926.0,70000000000.0,K-NET11A,
K-NET,YMN007,NAMBU,35.279000,138.465100,122.0,70000000000.0,K-NET11A,
K-NET,YMN008,HAYAKAWA,35.431900,138.332100,394.0,70000000000.0,K-NET11A,
K-NET,YMN009,ROKUGO,35.496600,138.462800,230.0,70000000000.0,K-NET11A,
K-NET,YMN010,SUTAMA,35.791900,138.418200,521.0,70000000000.0,K-NET11A,
K-NET,YMN011,ASHIYASU,35.638400,138.383600,643.0,70000000000.0,K-NET11A,
K-NET,YMT001,SAKATA,38.914200,139.812300,2.0,70000000000.0,K-NET11B,
K-NET,YMT002,SHINJO,38.768600,140.296500,101.0,70000000000.0,K-NET11B,
K-NET,YMT003,TSURUOKA,38.726000,139.802300,16.0,70000000000.0,K-NET11C,
K-NET,YMT004,ATSUMI,38.620800,139.588900,6.0,70000000000.0,K-NET11C,
K-NET,YMT005,HIJIORI,38.607900,140.162700,330.0,70000000000.0,K-NET11B,
K-NET,YMT006,OBANAZAWA,38.600100,140.405700,96.0,70000000000.0,K-NET11B,
K-NET,YMT007,HIGASHINE,38.430200,140.390200,120.0,70000000000.0,K-NET11B,
K-NET,YMT008,NAKAMURA,38.385400,139.992400,452.0,70000000000.0,K-NET11B,
K-NET,YMT009,SAGAE,38.390200,140.274200,104.0,70000000000.0,K-NET11B,
K-NET,YMT010,YAMAGATA,38.260800,140.348400,147.0,70000000000.0,K-NET11B,
K-NET,YMT011,KAMINOYAMA,38.148400,140.267100,180.0,70000000000.0,K-NET11B,
K-NET,YMT012,NAGAI,38.108700,140.043000,198.0,70000000000.0,K-NET11C,
K-NET,YMT013,OGUNI,38.063100,139.759600,164.0,70000000000.0,K-NET11C,
K-NET,YMT014,SHIMOYACHI,37.919300,139.881600,366.0,70000000000.0,K-NET11C,
K-NET,YMT015,YONEZAWA,37.904900,140.099000,252.0,70000000000.0,K-NET11B,
K-NET,YMT016,KIYOKAWA,38.790600,140.020700,26.0,70000000000.0,K-NET11B,
K-NET,YMT017,SHINJO-SHISHO,38.789700,140.312100,127.0,70000000000.0,K-NET11B,
KiK-net,ABSH01,OMU,44.527600,142.844400,105.0,70000000000.0,KiK-net18,
KiK-net,ABSH02,OKOPPE-W,44.423400,143.026400,38.0,70000000000.0,KiK-net18,
KiK-net,ABSH03,OKOPPE-E,44.384300,143.240700,30.0,70000000000.0,KiK-net18,
KiK-net,ABSH04,TAKINOUE-N,44.192000,143.076700,134.0,70000000000.0,KiK-net18,
KiK-net,ABSH05,TAKINOUE-S,44.114600,143.011100,255.0,70000000000.0,KiK-net18,
KiK-net,ABSH06,YUBETSU-N,44.214600,143.620200,7.0,70000000000.0,KiK-net18,
KiK-net,ABSH07,SHIRATAKI,43.849400,143.086100,699.0,70000000000.0,KiK-net18,
KiK-net,ABSH08,SHARI-N,44.064000,144.993500,65.0,70000000000.0,KiK-net18,
KiK-net,ABSH09,SHARI-S,43.926900,144.807100,40.0,70000000000.0,KiK-net11B,
KiK-net,ABSH10,SAROMA,44.081300,143.945500,5.0,70000000000.0,KiK-net18,
KiK-net,ABSH11,MEMAMBETSU,43.914400,144.191300,40.0,70000000000.0,KiK-net11B,
KiK-net,ABSH12,KOSHIMIZU,43.856600,144.457400,25.0,70000000000.0,KiK-net18,
KiK-net,ABSH13,RUBESHIBE,43.741900,143.451400,321.0,70000000000.0,KiK-net11B,
KiK-net,ABSH14,BIHORO,43.722800,144.183500,87.0,70000000000.0,KiK-net18,
KiK-net,ABSH15,OKETO-E,43.635200,143.510000,292.0,70000000000.0,KiK-net18,
KiK-net,AICH04,ANJO,34.931900,137.056800,5.0,70000000000.0,KiK-net11C,
KiK-net,AICH06,ATSUMI,34.615800,137.041900,5.0,70000000000.0,KiK-net11A,
KiK-net,AICH07,ASAHI,35.219400,137.403900,621.0,70000000000.0,KiK-net11A,
KiK-net,AICH08,NUKATA,34.918900,137.299300,90.0,70000000000.0,KiK-net11A,
KiK-net,AICH09,TOYOHASHI,34.664300,137.390200,60.0,70000000000.0,KiK-net11A,
KiK-net,AICH10,HORAI,35.000200,137.624300,160.0,70000000000.0,KiK-net11A,
KiK-net,AICH11,KASUGAI,35.305900,137.057000,162.0,70000000000.0,KiK-net11A,
KiK-net,AICH12,HAZU,34.788400,137.105700,10.0,70000000000.0,KiK-net11A,
KiK-net,AICH13,KIYOSU,35.217700,136.850900,5.0,70000000000.0,KiK-net18,
KiK-net,AICH14,NAGAKUTE,35.184200,137.047400,60.0,70000000000.0,KiK-net18,
KiK-net,AICH15,ASUKE,35.139200,137.335900,150.0,70000000000.0,KiK-net11B,
KiK-net,AICH16,SHITARA,35.154300,137.535000,655.0,70000000000.0,KiK-net11B,
KiK-net,AICH17,TOYONE,35.184000,137.726800,755.0,70000000000.0,KiK-net11B,
KiK-net,AICH18,OKAZAKI,34.963500,137.237700,200.0,70000000000.0,KiK-net11B,
KiK-net,AICH19,TSUKUDE,34.951200,137.411400,545.0,70000000000.0,KiK-net11B,
KiK-net,AICH20,SHINSHIRO,34.897600,137.487600,55.0,70000000000.0,KiK-net18,
KiK-net,AICH21,MINAMICHITA,34.740100,136.938500,20.0,70000000000.0,KiK-net18,
KiK-net,AICH22,TOYOHASHI-N,34.785300,137.439300,30.0,70000000000.0,KiK-net11B,
KiK-net,AICH23,TOKONAME2,34.880600,136.831600,3.0,70000000000.0,KiK-net11A,
KiK-net,AKTH01,NISHIKI-N,39.814700,140.579000,318.0,70000000000.0,KiK-net18,
KiK-net,AKTH02,NISHIKI-S,39.663400,140.572100,95.0,70000000000.0,KiK-net18,
KiK-net,AKTH03,YASHIMA,39.222300,140.128300,145.0,70000000000.0,KiK-net11A,
KiK-net,AKTH04,HIGASHINARUSE,39.174000,140.712900,280.0,70000000000.0,KiK-net18,
KiK-net,AKTH05,CHOKAI,39.071800,140.318500,275.0,70000000000.0,KiK-net18,
KiK-net,AKTH06,OGACHI,38.980100,140.495200,285.0,70000000000.0,KiK-net11C,
KiK-net,AKTH07,KOSAKA,40.456300,140.839500,405.0,70000000000.0,KiK-net18,
KiK-net,AKTH08,FUJISATO,40.318800,140.234100,125.0,70000000000.0,KiK-net18,
KiK-net,AKTH09,TASHIRO,40.275500,140.459600,45.0,70000000000.0,KiK-net18,
KiK-net,AKTH10,ODATE,40.300200,140.581200,85.0,70000000000.0,KiK-net18,
KiK-net,AKTH11,OGA,39.955400,139.762300,56.0,70000000000.0,KiK-net11C,
KiK-net,AKTH12,GOJOME,39.915500,140.222100,90.0,70000000000.0,KiK-net11A,
KiK-net,AKTH13,ANI,39.981900,140.407200,145.0,70000000000.0,KiK-net18,
KiK-net,AKTH14,KAZUNO,40.062200,140.808400,320.0,70000000000.0,KiK-net11A,
KiK-net,AKTH15,KYOWA,39.688400,140.407500,165.0,70000000000.0,KiK-net11A,
KiK-net,AKTH16,NISHISEMBOKU,39.545000,140.348100,20.0,70000000000.0,KiK-net18,
KiK-net,AKTH17,NAKASEN,39.557500,140.611600,95.0,70000000000.0,KiK-net11A,
KiK-net,AKTH18,OMORI,39.354800,140.386900,65.0,70000000000.0,KiK-net18,
KiK-net,AKTH19,YUZAWA,39.191300,140.471000,74.0,70000000000.0,KiK-net18,
KiK-net,AOMH01,OMA,41.527300,140.912700,10.0,70000000000.0,KiK-net18,
KiK-net,AOMH02,SAI,41.404900,140.856700,30.0,70000000000.0,KiK-net18,
KiK-net,AOMH03,KAWAUCHI,41.234000,140.989600,20.0,70000000000.0,KiK-net11C,
KiK-net,AOMH04,AOMORI,40.852400,140.675900,10.0,70000000000.0,KiK-net18,
KiK-net,AOMH05,NOHEJI,40.856400,141.103300,45.0,70000000000.0,KiK-net18,
KiK-net,AOMH06,ROKKASHO,40.966400,141.373800,5.0,70000000000.0,KiK-net18,
KiK-net,AOMH07,FUKAURA,40.745100,140.023300,35.0,70000000000.0,KiK-net11,
KiK-net,AOMH08,AJIGASAWA,40.761800,140.312100,50.0,70000000000.0,KiK-net18,
KiK-net,AOMH09,IWAKI,40.619900,140.349900,160.0,70000000000.0,KiK-net18,
KiK-net,AOMH10,KUROISHI,40.609100,140.664600,102.0,70000000000.0,KiK-net11A,
KiK-net,AOMH11,TOWADAKO-W,40.580000,140.995000,240.0,70000000000.0,KiK-net18,
KiK-net,AOMH12,TOWADAKO-E,40.584600,141.154700,85.0,70000000000.0,KiK-net18,
KiK-net,AOMH13,HACHINOHE,40.579400,141.445100,10.0,70000000000.0,KiK-net11C,
KiK-net,AOMH14,NISHIMEYA,40.548800,140.272600,158.0,70000000000.0,KiK-net18,
KiK-net,AOMH15,OWANI,40.484100,140.556500,130.0,70000000000.0,KiK-net18,
KiK-net,AOMH16,SHINGO,40.462400,141.092300,315.0,70000000000.0,KiK-net18,
KiK-net,AOMH17,NAGAWA,40.449200,141.337400,65.0,70000000000.0,KiK-net11C,
KiK-net,AOMH18,TATSUKO,40.296200,141.014500,235.0,70000000000.0,KiK-net18,
KiK-net,CHBH04,SHIMOSA,35.796600,140.020600,23.0,70000000000.0,KiK-net18,
KiK-net,CHBH06,SOSA,35.721500,140.504600,35.0,70000000000.0,KiK-net11,
KiK-net,CHBH10,CHIBA,35.545800,140.241700,65.0,70000000000.0,KiK-net18,
KiK-net,CHBH11,YORO,35.286700,140.152900,80.0,70000000000.0,KiK-net18,
KiK-net,CHBH12,FUTTSU,35.344500,139.855400,3.0,70000000000.0,KiK-net11C,
KiK-net,CHBH13,NARITA,35.830700,140.298000,12.0,70000000000.0,KiK-net18,
KiK-net,CHBH14,CHOSHI-C,35.734200,140.823000,2.0,70000000000.0,KiK-net11A,
KiK-net,CHBH15,TATEYAMA-W,34.959100,139.788500,30.0,70000000000.0,KiK-net11A,
KiK-net,CHBH16,KAMOGAWA,35.138400,139.964900,160.0,70000000000.0,KiK-net11A,
KiK-net,CHBH17,KATSURA-E,35.171400,140.339800,10.0,70000000000.0,KiK-net11A,
KiK-net,CHBH19,HASUNUMA,35.594300,140.510700,1.0,70000000000.0,KiK-net18,
KiK-net,CHBH20,KAMOGAWA-S,35.088200,140.099700,28.0,70000000000.0,KiK-net11B,
KiK-net,EHMH01,TSUSHIMA,33.055600,132.555200,375.0,70000000000.0,KiK-net11A,
KiK-net,EHMH02,SAIJO,33.865000,133.184000,75.0,70000000000.0,KiK-net11A,
KiK-net,EHMH03,SHINGU,33.915400,133.649700,305.0,70000000000.0,KiK-net11A,
KiK-net,EHMH04,TAMBARA,33.902300,133.065800,15.0,70000000000.0,KiK-net11A,
KiK-net,EHMH05,TOBE,33.711200,132.803200,140.0,70000000000.0,KiK-net11A,
KiK-net,EHMH06,HIYOSHI,33.334800,132.798000,230.0,70000000000.0,KiK-net11A,
KiK-net,EHMH07,KAWABE,33.502200,132.748000,290.0,70000000000.0,KiK-net11A,
KiK-net,EHMH08,YANADANI,33.538800,133.001600,455.0,70000000000.0,KiK-net11C,
KiK-net,EHMH09,IKATA,33.471900,132.307200,5.0,70000000000.0,KiK-net11C,
KiK-net,EHMH10,MIYAKUBO,34.191800,133.058100,5.0,70000000000.0,KiK-net11C,
KiK-net,EHMH11,OHZU,33.580700,132.601100,210.0,70000000000.0,KiK-net11B,
KiK-net,EHMH12,UWA,33.427000,132.505500,250.0,70000000000.0,KiK-net11B,
KiK-net,EHMH13,MISAKI,33.371900,132.115700,10.0,70000000000.0,KiK-net18,
KiK-net,FKIH01,EIHEIJI,36.095500,136.361700,65.0,70000000000.0,KiK-net18,
KiK-net,FKIH02,OTA,35.948300,136.055600,120.0,70000000000.0,KiK-net11C,
KiK-net,FKIH03,IZUMI,35.941500,136.699000,510.0,70000000000.0,KiK-net18,
KiK-net,FKIH04,MIKATA,35.558700,135.869400,3.0,70000000000.0,KiK-net18,
KiK-net,FKIH05,TSURUGA,35.639000,136.030300,10.0,70000000000.0,KiK-net18,
KiK-net,FKIH06,TAKAHAMA,35.490700,135.484100,160.0,70000000000.0,KiK-net18,
KiK-net,FKIH07,OBAMA,35.457300,135.726600,43.0,70000000000.0,KiK-net18,
KiK-net,FKOH01,KITAKYUSHU,33.884900,130.979800,15.0,70000000000.0,KiK-net11C,
KiK-net,FKOH02,WAKAMIYA,33.696300,130.596300,74.0,70000000000.0,KiK-net18,
KiK-net,FKOH03,UMI,33.560800,130.549900,185.0,70000000000.0,KiK-net11A,
KiK-net,FKOH04,KAHO,33.551200,130.745100,60.0,70000000000.0,KiK-net18,
KiK-net,FKOH05,SAIGAWA,33.529300,130.950300,370.0,70000000000.0,KiK-net18,
KiK-net,FKOH06,BUZEN,33.592500,131.134800,35.0,70000000000.0,KiK-net11C,
KiK-net,FKOH07,TACHIARAI,33.367800,130.635400,15.0,70000000000.0,KiK-net18,
KiK-net,FKOH08,KOISHIWARA,33.465400,130.828500,480.0,70000000000.0,KiK-net18,
KiK-net,FKOH09,GENKAI,33.850100,130.543200,25.0,70000000000.0,KiK-net18,
KiK-net,FKOH10,UKIHA,33.289100,130.817000,190.0,70000000000.0,KiK-net11B,
KiK-net,FKSH01,NISHIAIZU,37.756500,139.715000,438.0,70000000000.0,KiK-net18,
KiK-net,FKSH02,ATSUSHIOKANO,37.731700,139.882100,330.0,70000000000.0,KiK-net18,
KiK-net,FKSH03,TAKASATO,37.607800,139.753300,225.0,70000000000.0,KiK-net11A,
KiK-net,FKSH04,AIZUTAKADA,37.450800,139.812600,278.0,70000000000.0,KiK-net18,
KiK-net,FKSH05,SHIMOGO,37.254400,139.872500,496.0,70000000000.0,KiK-net11A,
KiK-net,FKSH06,INA,37.172300,139.519900,572.0,70000000000.0,KiK-net18,
KiK-net,FKSH07,HINOEMATA,37.010300,139.375500,974.0,70000000000.0,KiK-net18,
KiK-net,FKSH08,NAGANUMA,37.282200,140.214400,343.0,70000000000.0,KiK-net11A,
KiK-net,FKSH09,KORIYAMA,37.353000,140.426400,260.0,70000000000.0,KiK-net11C,
KiK-net,FKSH10,NISHIGO,37.161600,140.093000,565.0,70000000000.0,KiK-net18,
KiK-net,FKSH11,YABUKI,37.200600,140.338600,286.0,70000000000.0,KiK-net11C,
KiK-net,FKSH12,HIRATA,37.216900,140.570300,470.0,70000000000.0,KiK-net11,
KiK-net,FKSH13,IWAKI-W,36.995100,140.585300,580.0,70000000000.0,KiK-net11A,
KiK-net,FKSH14,IWAKI-E,37.026400,140.970200,3.0,70000000000.0,KiK-net11C,
KiK-net,FKSH15,INAWASHIRO,37.646100,140.173500,757.0,70000000000.0,KiK-net18,
KiK-net,FKSH16,FUKUSHIMA,37.764300,140.376600,135.0,70000000000.0,KiK-net11A,
KiK-net,FKSH17,KAWAMATA,37.663600,140.597400,205.0,70000000000.0,KiK-net18,
KiK-net,FKSH18,MIHARU,37.489400,140.538000,410.0,70000000000.0,KiK-net11,
KiK-net,FKSH19,MIYAKOJI,37.470300,140.722700,510.0,70000000000.0,KiK-net11C,
KiK-net,FKSH20,NAMIE,37.491100,140.987100,12.0,70000000000.0,KiK-net18,
KiK-net,FKSH21,TADAMI,37.342100,139.314700,375.0,70000000000.0,KiK-net18,
KiK-net,GIFH03,NEO,35.632500,136.613400,170.0,70000000000.0,KiK-net11A,
KiK-net,GIFH04,FURUKAWA,36.244800,137.198300,572.0,70000000000.0,KiK-net11A,
KiK-net,GIFH05,SHOKAWA,36.065400,136.947900,839.0,70000000000.0,KiK-net11A,
KiK-net,GIFH06,TAKATOMI,35.503800,136.793900,39.0,70000000000.0,KiK-net11A,
KiK-net,GIFH07,KASUGA,35.417900,136.434700,410.0,70000000000.0,KiK-net11C,
KiK-net,GIFH08,YAMATO,35.832300,136.962100,515.0,70000000000.0,KiK-net11A,
KiK-net,GIFH09,HASHIMA,35.276800,136.700200,5.0,70000000000.0,KiK-net18,
KiK-net,GIFH10,KAMIOKA,36.377900,137.371600,910.0,70000000000.0,KiK-net18,
KiK-net,GIFH11,YAOTSU,35.486500,137.246400,563.0,70000000000.0,KiK-net18,
KiK-net,GIFH12,SAKAUCHI,35.603300,136.413400,260.0,70000000000.0,KiK-net18,
KiK-net,GIFH13,SHIRAKAWA,36.274300,136.897900,480.0,70000000000.0,KiK-net18,
KiK-net,GIFH14,KAMITAKARA,36.249300,137.517400,810.0,70000000000.0,KiK-net18,
KiK-net,GIFH15,TAKAYAMA,36.133800,137.220800,625.0,70000000000.0,KiK-net18,
KiK-net,GIFH16,ASAHI-N,36.094000,137.343800,790.0,70000000000.0,KiK-net18,
KiK-net,GIFH17,TAKASU,35.951400,136.873200,610.0,70000000000.0,KiK-net18,
KiK-net,GIFH18,MAZE,35.899100,137.149500,570.0,70000000000.0,KiK-net11A,
KiK-net,GIFH19,ASAHI-S,36.021600,137.390600,910.0,70000000000.0,KiK-net18,
KiK-net,GIFH20,GERO-N,35.799100,137.253100,355.0,70000000000.0,KiK-net18,
KiK-net,GIFH21,MINAMI,35.666500,136.961800,170.0,70000000000.0,KiK-net18,
KiK-net,GIFH22,KANAYAMA,35.668200,137.105400,435.0,70000000000.0,KiK-net18,
KiK-net,GIFH23,ITADORI,35.723500,136.784700,350.0,70000000000.0,KiK-net18,
KiK-net,GIFH24,HIGASHISHIRAKAWA,35.640100,137.318700,330.0,70000000000.0,KiK-net18,
KiK-net,GIFH25,TANIGUMI,35.521400,136.612700,75.0,70000000000.0,KiK-net18,
KiK-net,GIFH26,KAKAMIGAHARA,35.412100,136.876400,35.0,70000000000.0,KiK-net11C,
KiK-net,GIFH27,MINOKAMO,35.452700,137.004000,85.0,70000000000.0,KiK-net18,
KiK-net,GIFH28,NAKATSUGAWA,35.457100,137.470600,440.0,70000000000.0,KiK-net18,
KiK-net,GIFH29,KAMIISHIZU,35.295300,136.473200,90.0,70000000000.0,KiK-net18,
KiK-net,GNMH05,ISESAKI,36.314300,139.184700,57.0,70000000000.0,KiK-net11A,
KiK-net,GNMH06,TATEBAYASHI,36.244100,139.544300,20.0,70000000000.0,KiK-net18,
KiK-net,GNMH07,TONE,36.699800,139.210400,646.0,70000000000.0,KiK-net11B,
KiK-net,GNMH08,TSUMAGOI,36.491700,138.524400,1040.0,70000000000.0,KiK-net18,
KiK-net,GNMH09,TAKAYAMA,36.621200,138.906800,455.0,70000000000.0,KiK-net11A,
KiK-net,GNMH10,SHIMONITA,36.235600,138.729100,340.0,70000000000.0,KiK-net11C,
KiK-net,GNMH11,TOMIOKA,36.286200,138.921000,151.0,70000000000.0,KiK-net11B,
KiK-net,GNMH12,KANNA,36.144000,138.912900,930.0,70000000000.0,KiK-net18,
KiK-net,GNMH13,MINAKAMI2,36.862000,139.062700,760.0,70000000000.0,KiK-net11A,
KiK-net,GNMH14,MIDORI,36.493100,139.321900,360.0,70000000000.0,KiK-net11A,
KiK-net,HDKH01,BIRATORI-W,42.703100,142.229600,82.0,70000000000.0,KiK-net11B,
KiK-net,HDKH02,BIRATORI-E,42.706100,142.405400,230.0,70000000000.0,KiK-net18,
KiK-net,HDKH03,MOMBETSU-E,42.593400,142.352100,160.0,70000000000.0,KiK-net18,
KiK-net,HDKH04,MOMBETSU-W,42.512600,142.038100,10.0,70000000000.0,KiK-net18,
KiK-net,HDKH05,NIIKAPPU,42.597700,142.544600,305.0,70000000000.0,KiK-net18,
KiK-net,HDKH06,SHIZUNAI,42.349800,142.357200,10.0,70000000000.0,KiK-net11B,
KiK-net,HDKH07,SAMANI,42.133000,142.916400,40.0,70000000000.0,KiK-net18,
KiK-net,HRSH01,MIHARA,34.373600,133.023600,35.0,70000000000.0,KiK-net11A,
KiK-net,HRSH02,DAIWA,34.548200,132.948000,360.0,70000000000.0,KiK-net11A,
KiK-net,HRSH03,MITSUGI,34.518300,133.137500,160.0,70000000000.0,KiK-net11A,
KiK-net,HRSH04,NUMAKUMA,34.378500,133.349300,25.0,70000000000.0,KiK-net11A,
KiK-net,HRSH05,KANNABE,34.556600,133.417900,20.0,70000000000.0,KiK-net11A,
KiK-net,HRSH06,KUCHIWA,34.913700,132.912300,340.0,70000000000.0,KiK-net11A,
KiK-net,HRSH07,KURE,34.288300,132.641100,230.0,70000000000.0,KiK-net11A,
KiK-net,HRSH08,SAIKI,34.393500,132.161100,350.0,70000000000.0,KiK-net11A,
KiK-net,HRSH09,KISA,34.701600,132.952400,350.0,70000000000.0,KiK-net11A,
KiK-net,HRSH10,GEIHOKU,34.747100,132.379400,712.0,70000000000.0,KiK-net11A,
KiK-net,HRSH11,JINSEKI,34.822500,133.167400,590.0,70000000000.0,KiK-net18,
KiK-net,HRSH12,HIROSHIMA,34.581000,132.429500,360.0,70000000000.0,KiK-net11C,
KiK-net,HRSH13,HIROSHIMA-S,34.412200,132.390700,150.0,70000000000.0,KiK-net18,
KiK-net,HRSH14,OKIMI,34.209000,132.406300,40.0,70000000000.0,KiK-net18,
KiK-net,HRSH15,KURAHASHI,34.116100,132.505300,180.0,70000000000.0,KiK-net18,
KiK-net,HRSH16,YOSHIDA,34.662900,132.668900,280.0,70000000000.0,KiK-net11C,
KiK-net,HRSH17,TOGOUCHI,34.571600,132.232600,265.0,70000000000.0,KiK-net11C,
KiK-net,HRSH18,HIGASHIHIROSHIMA,34.457200,132.792300,235.0,70000000000.0,KiK-net11C,
KiK-net,HYGH01,MIHARA,34.293700,134.794100,65.0,70000000000.0,KiK-net11A,
KiK-net,HYGH02,NANKOU,35.067100,134.423400,205.0,70000000000.0,KiK-net11A,
KiK-net,HYGH03,HAGA,35.219300,134.523700,365.0,70000000000.0,KiK-net11A,
KiK-net,HYGH04,SASAYAMA,35.070800,135.281100,218.0,70000000000.0,KiK-net11A,
KiK-net,HYGH05,KAMIGORI,34.899500,134.328400,80.0,70000000000.0,KiK-net11A,
KiK-net,HYGH06,AIOI,34.793500,134.479200,65.0,70000000000.0,KiK-net11A,
KiK-net,HYGH07,YUMESAKI,35.032200,134.670100,160.0,70000000000.0,KiK-net11A,
KiK-net,HYGH08,KAMI,35.101000,134.903600,160.0,70000000000.0,KiK-net11A,
KiK-net,HYGH09,TOJO,34.908200,135.084400,140.0,70000000000.0,KiK-net11A,
KiK-net,HYGH10,KAKOGAWA,34.816400,134.807800,18.0,70000000000.0,KiK-net11A,
KiK-net,HYGH11,SANTO,35.292500,134.907100,180.0,70000000000.0,KiK-net11A,
KiK-net,HYGH12,SHINGU,34.931300,134.542300,70.0,70000000000.0,KiK-net11A,
KiK-net,HYGH13,KASUMI,35.620800,134.656600,230.0,70000000000.0,KiK-net18,
KiK-net,HYGH14,IZUSHI,35.457400,134.862100,15.0,70000000000.0,KiK-net18,
KiK-net,HYGH15,MURAOKA,35.469700,134.595300,225.0,70000000000.0,KiK-net18,
KiK-net,HYMH01,KITAHIYAMA,42.485100,139.967800,167.0,70000000000.0,KiK-net18,
KiK-net,HYMH02,ASSABU,41.985600,140.308700,85.0,70000000000.0,KiK-net18,
KiK-net,HYMH03,KUMAISHI,42.134400,140.004000,70.0,70000000000.0,KiK-net11C,
KiK-net,IBRH06,KITAIBARAKI2,36.880900,140.654500,395.0,70000000000.0,KiK-net11,
KiK-net,IBRH07,EDOSAKI,35.952100,140.330100,3.0,70000000000.0,KiK-net11A,
KiK-net,IBRH08,TAIYO,36.118800,140.562100,40.0,70000000000.0,KiK-net18,
KiK-net,IBRH09,JOHOKU,36.439000,140.355900,50.0,70000000000.0,KiK-net11C,
KiK-net,IBRH10,ISHIGE,36.111200,139.988900,15.0,70000000000.0,KiK-net11A,
KiK-net,IBRH11,IWASE,36.370100,140.140100,67.0,70000000000.0,KiK-net11A,
KiK-net,IBRH12,DAIGO,36.836900,140.318100,210.0,70000000000.0,KiK-net11A,
KiK-net,IBRH13,TAKAHAGI,36.795500,140.575000,505.0,70000000000.0,KiK-net11,
KiK-net,IBRH14,JUO,36.692200,140.548400,330.0,70000000000.0,KiK-net11B,
KiK-net,IBRH15,GOZENYAMA,36.556600,140.301300,45.0,70000000000.0,KiK-net11B,
KiK-net,IBRH16,YAMAGATA,36.640500,140.397600,90.0,70000000000.0,KiK-net11A,
KiK-net,IBRH17,KASUMIGAURA,36.086400,140.314000,20.0,70000000000.0,KiK-net11A,
KiK-net,IBRH18,HITACHINAKA,36.363100,140.619800,20.0,70000000000.0,KiK-net11A,
KiK-net,IBRH19,TSUKUBA,36.213700,140.089300,175.0,70000000000.0,KiK-net18,
KiK-net,IBRH20,HASAKI2,35.828400,140.732300,6.0,70000000000.0,KiK-net18,
KiK-net,IBRH21,TSUKUBA-S,35.981400,140.105000,22.0,70000000000.0,KiK-net18,
KiK-net,IBUH01,OIWAKE,42.873900,141.819100,60.0,70000000000.0,KiK-net18,
KiK-net,IBUH02,HOBETSU,42.871400,142.128500,175.0,70000000000.0,KiK-net11C,
KiK-net,IBUH03,ATSUMA,42.648600,141.864100,10.0,70000000000.0,KiK-net18,
KiK-net,IBUH04,TOYOURA,42.641500,140.665000,214.0,70000000000.0,KiK-net18,
KiK-net,IBUH05,SHIRAOI,42.562900,141.349700,20.0,70000000000.0,KiK-net18,
KiK-net,IBUH06,MURORAN,42.411600,141.001700,400.0,70000000000.0,KiK-net11B,
KiK-net,IBUH07,OTAKI,42.647600,141.064300,350.0,70000000000.0,KiK-net18,
KiK-net,IKRH01,TOBETSU,43.408700,141.583600,80.0,70000000000.0,KiK-net11A,
KiK-net,IKRH02,SHINSHINOTSU,43.220400,141.652300,10.0,70000000000.0,KiK-net18,
KiK-net,IKRH03,CHITOSE,42.888000,141.639900,10.0,70000000000.0,KiK-net11B,
KiK-net,ISKH01,SUZU,37.526600,137.284400,48.0,70000000000.0,KiK-net18,
KiK-net,ISKH02,YANAGIDA,37.364400,137.041300,121.0,70000000000.0,KiK-net11C,
KiK-net,ISKH03,UCHIURA,37.345800,137.243600,19.0,70000000000.0,KiK-net18,
KiK-net,ISKH04,TOGI,37.190200,136.717600,56.0,70000000000.0,KiK-net11C,
KiK-net,ISKH05,ANAMIZU,37.222400,136.968900,56.0,70000000000.0,KiK-net18,
KiK-net,ISKH06,SHIKA,37.053300,136.820600,20.0,70000000000.0,KiK-net11A,
KiK-net,ISKH07,KANAZAWA,36.515000,136.635700,103.0,70000000000.0,KiK-net11A,
KiK-net,ISKH08,TSUBATA,36.738000,136.790600,119.0,70000000000.0,KiK-net18,
KiK-net,ISKH09,OGUCHI,36.266700,136.716800,560.0,70000000000.0,KiK-net18,
KiK-net,IWTH01,NINOHE-E,40.238300,141.342300,230.0,70000000000.0,KiK-net11A,
KiK-net,IWTH02,TAMAYAMA,39.825000,141.382600,675.0,70000000000.0,KiK-net11A,
KiK-net,IWTH03,IWAIZUMI,39.802000,141.652000,310.0,70000000000.0,KiK-net11C,
KiK-net,IWTH04,SUMITA,39.180900,141.390900,620.0,70000000000.0,KiK-net18,
KiK-net,IWTH05,FUJISAWA,38.865400,141.351200,120.0,70000000000.0,KiK-net11A,
KiK-net,IWTH06,NINOHE-W,40.261100,141.170900,225.0,70000000000.0,KiK-net18,
KiK-net,IWTH07,KARUMAI,40.270500,141.570900,260.0,70000000000.0,KiK-net18,
KiK-net,IWTH08,KUJI-N,40.268600,141.783100,175.0,70000000000.0,KiK-net11A,
KiK-net,IWTH09,KUJI-S,40.086100,141.712000,240.0,70000000000.0,KiK-net18,
KiK-net,IWTH10,ASHIRO,40.139100,140.952900,308.0,70000000000.0,KiK-net11,
KiK-net,IWTH11,ICHINOHE,40.081100,141.191500,629.0,70000000000.0,KiK-net18,
KiK-net,IWTH12,KUNOHE,40.153300,141.424500,365.0,70000000000.0,KiK-net18,
KiK-net,IWTH13,KUZUMAKI,39.939800,141.549200,570.0,70000000000.0,KiK-net11,
KiK-net,IWTH14,TARO,39.743500,141.908700,200.0,70000000000.0,KiK-net11A,
KiK-net,IWTH15,YAHABA,39.614800,141.092900,195.0,70000000000.0,KiK-net18,
KiK-net,IWTH16,SHIZUKUISHI,39.643600,140.946500,212.0,70000000000.0,KiK-net11A,
KiK-net,IWTH17,KAWAI-N,39.644200,141.597700,305.0,70000000000.0,KiK-net11C,
KiK-net,IWTH18,KAWAI-S,39.463000,141.677500,552.0,70000000000.0,KiK-net18,
KiK-net,IWTH19,HANAMAKI-N,39.455900,141.000100,220.0,70000000000.0,KiK-net11A,
KiK-net,IWTH20,HANAMAKI-S,39.343400,141.047300,106.0,70000000000.0,KiK-net11C,
KiK-net,IWTH21,YAMADA,39.473400,141.933600,13.0,70000000000.0,KiK-net11C,
KiK-net,IWTH22,TOWA,39.334000,141.301500,260.0,70000000000.0,KiK-net11A,
KiK-net,IWTH23,KAMAISHI,39.274100,141.823300,44.0,70000000000.0,KiK-net11A,
KiK-net,IWTH24,KANEGASAKI,39.197900,141.011800,200.0,70000000000.0,KiK-net11C,
KiK-net,IWTH26,ICHINOSEKI-E,38.969000,141.001300,125.0,70000000000.0,KiK-net11C,
KiK-net,IWTH27,RIKUZENTAKATA,39.030700,141.532000,80.0,70000000000.0,KiK-net11C,
KiK-net,IWTH28,ICHINOSEKI-W2,39.009400,140.864000,380.0,70000000000.0,KiK-net11A,
KiK-net,KGSH01,NAGASHIMA,32.155400,130.119100,15.0,70000000000.0,KiK-net11C,
KiK-net,KGSH02,AKUNE,31.994000,130.207700,41.0,70000000000.0,KiK-net18,
KiK-net,KGSH03,MIYANOJO,31.981200,130.443800,110.0,70000000000.0,KiK-net18,
KiK-net,KGSH04,SENDAI,31.837400,130.360200,14.0,70000000000.0,KiK-net11C,
KiK-net,KGSH05,KEDOIN,31.869900,130.495800,73.0,70000000000.0,KiK-net18,
KiK-net,KGSH06,KORIYAMA,31.698800,130.459400,131.0,70000000000.0,KiK-net18,
KiK-net,KGSH07,AIRA,31.714000,130.614900,6.0,70000000000.0,KiK-net11C,
KiK-net,KGSH08,OHSUMI,31.561800,130.996900,97.0,70000000000.0,KiK-net18,
KiK-net,KGSH09,CHIRAN,31.374100,130.433300,119.0,70000000000.0,KiK-net11C,
KiK-net,KGSH10,YAMAGAWA,31.206600,130.618300,81.0,70000000000.0,KiK-net18,
KiK-net,KGSH11,SATA,31.089900,130.699000,87.0,70000000000.0,KiK-net11C,
KiK-net,KGSH12,UCHINOURA,31.258300,131.087700,265.0,70000000000.0,KiK-net11C,
KiK-net,KGSH13,KANOYA,31.400500,130.854100,40.0,70000000000.0,KiK-net18,
KiK-net,KGWH01,AYAKAMI,34.218600,133.949300,90.0,70000000000.0,KiK-net11A,
KiK-net,KGWH02,MINO,34.198000,133.708100,5.0,70000000000.0,KiK-net11A,
KiK-net,KGWH03,MIKI,34.270000,134.148200,50.0,70000000000.0,KiK-net11A,
KiK-net,KGWH04,OHCHI,34.226400,134.304300,35.0,70000000000.0,KiK-net11B,
KiK-net,KGWH05,UCHINOMI,34.457200,134.324100,20.0,70000000000.0,KiK-net11B,
KiK-net,KKWH01,BIFUKA-N,44.597300,142.303600,61.0,70000000000.0,KiK-net18,
KiK-net,KKWH02,BIFUKA-E,44.550900,142.573600,283.0,70000000000.0,KiK-net18,
KiK-net,KKWH03,BIFUKA-W,44.473200,142.272500,100.0,70000000000.0,KiK-net18,
KiK-net,KKWH04,NAYORO,44.437600,142.405600,84.0,70000000000.0,KiK-net18,
KiK-net,KKWH05,SHIMOKAWA-W,44.292100,142.630300,160.0,70000000000.0,KiK-net18,
KiK-net,KKWH06,SHIMOKAWA-E,44.320700,142.765600,200.0,70000000000.0,KiK-net18,
KiK-net,KKWH07,FURANO,43.369700,142.340900,205.0,70000000000.0,KiK-net18,
KiK-net,KKWH08,SHIMUKAPPU,43.040600,142.656200,569.0,70000000000.0,KiK-net11B,
KiK-net,KKWH09,OTOINEPPU,44.774500,142.254200,70.0,70000000000.0,KiK-net18,
KiK-net,KKWH10,NAKAGAWA,44.661700,142.052800,65.0,70000000000.0,KiK-net18,
KiK-net,KKWH11,WASSAMU,43.975400,142.283400,195.0,70000000000.0,KiK-net18,
KiK-net,KKWH12,BIEI-E,43.503800,142.600600,450.0,70000000000.0,KiK-net11B,
KiK-net,KKWH13,BIEI-W,43.511300,142.390600,315.0,70000000000.0,KiK-net11C,
KiK-net,KKWH14,NAKAFURANO,43.384100,142.524500,389.0,70000000000.0,KiK-net18,
KiK-net,KKWH15,KAMIKAWA,43.854600,142.765600,340.0,70000000000.0,KiK-net18,
KiK-net,KMMH01,KAHOKU,33.108900,130.694900,75.0,70000000000.0,KiK-net11B,
KiK-net,KMMH02,OGUNI,33.122000,131.062900,430.0,70000000000.0,KiK-net11B,
KiK-net,KMMH03,KIKUCHI,32.998400,130.830100,178.0,70000000000.0,KiK-net11B,
KiK-net,KMMH05,NAMINO,32.955300,131.220700,693.0,70000000000.0,KiK-net11B,
KiK-net,KMMH06,HAKUSUI,32.811400,131.101000,492.0,70000000000.0,KiK-net11B,
KiK-net,KMMH07,MISUMI,32.623400,130.558400,22.0,70000000000.0,KiK-net11B,
KiK-net,KMMH08,YABE,32.650100,131.025100,450.0,70000000000.0,KiK-net11B,
KiK-net,KMMH09,IZUMI,32.490100,130.904600,520.0,70000000000.0,KiK-net11B,
KiK-net,KMMH10,SHINWA,32.315100,130.181100,158.0,70000000000.0,KiK-net11B,
KiK-net,KMMH11,ASHIKITA,32.291800,130.577700,100.0,70000000000.0,KiK-net11B,
KiK-net,KMMH12,HITOYOSHI,32.205400,130.737100,105.0,70000000000.0,KiK-net11B,
KiK-net,KMMH13,UE,32.220900,130.909600,175.0,70000000000.0,KiK-net11B,
KiK-net,KMMH14,TOYONO,32.634500,130.752100,70.0,70000000000.0,KiK-net11B,
KiK-net,KMMH15,MINAMATA,32.170400,130.364700,15.0,70000000000.0,KiK-net11B,
KiK-net,KMMH16,MASHIKI,32.796700,130.819900,55.0,70000000000.0,KiK-net11B,
KiK-net,KMMH17,TAMANA,32.987300,130.560800,55.0,70000000000.0,KiK-net11B,
KiK-net,KMMH18,ASO2,33.003100,131.007100,932.0,70000000000.0,KiK-net11B,
KiK-net,KNGH10,YOKOHAMA,35.499100,139.519500,62.0,70000000000.0,KiK-net18,
KiK-net,KNGH11,ATSUGI,35.404000,139.353900,12.0,70000000000.0,KiK-net18,
KiK-net,KNGH18,FUJINO,35.643700,139.128300,320.0,70000000000.0,KiK-net11A,
KiK-net,KNGH19,YAMAKITA-C,35.417300,139.043600,330.0,70000000000.0,KiK-net11A,
KiK-net,KNGH20,MATSUDA,35.366300,139.126000,465.0,70000000000.0,KiK-net11A,
KiK-net,KNGH21,KIYOKAWA,35.462800,139.214600,455.0,70000000000.0,KiK-net11A,
KiK-net,KNGH22,YAMAKITA-S,35.358300,139.091000,157.0,70000000000.0,KiK-net18,
KiK-net,KNGH23,HAYAMA,35.262400,139.611000,102.0,70000000000.0,KiK-net11A,
KiK-net,KOCH01,KITAGAWA,33.542100,134.119700,235.0,70000000000.0,KiK-net11A,
KiK-net,KOCH02,GOHOKU,33.707900,133.364100,590.0,70000000000.0,KiK-net11A,
KiK-net,KOCH03,TAISHO,33.268300,132.989100,270.0,70000000000.0,KiK-net11A,
KiK-net,KOCH04,OTSUKI,32.841400,132.706600,55.0,70000000000.0,KiK-net11A,
KiK-net,KOCH05,IKEKAWA,33.647200,133.144400,260.0,70000000000.0,KiK-net11A,
KiK-net,KOCH06,NAKAMURA,33.075400,132.952400,31.0,70000000000.0,KiK-net11A,
KiK-net,KOCH07,SUSAKI,33.392000,133.286600,5.0,70000000000.0,KiK-net11A,
KiK-net,KOCH08,TOSASHIMIZU,32.779700,132.971800,5.0,70000000000.0,KiK-net11B,
KiK-net,KOCH09,KAHOKU,33.674800,133.824300,190.0,70000000000.0,KiK-net11B,
KiK-net,KOCH10,INO,33.531300,133.438800,10.0,70000000000.0,KiK-net11B,
KiK-net,KOCH11,MUROTO,33.286600,134.160300,90.0,70000000000.0,KiK-net11B,
KiK-net,KOCH12,GEISEI,33.529400,133.819200,40.0,70000000000.0,KiK-net11B,
KiK-net,KOCH13,MOTOYAMA,33.754300,133.576000,250.0,70000000000.0,KiK-net11B,
KiK-net,KSRH01,AKAN-N,43.436100,144.084400,431.0,70000000000.0,KiK-net11B,
KiK-net,KSRH02,AKAN-S,43.114200,144.123000,30.0,70000000000.0,KiK-net18,
KiK-net,KSRH03,SHIBECHA-N,43.384800,144.627900,83.0,70000000000.0,KiK-net18,
KiK-net,KSRH04,SHIBECHA-S,43.213900,144.680400,30.0,70000000000.0,KiK-net11A,
KiK-net,KSRH05,TSURUI-W,43.255600,144.233800,114.0,70000000000.0,KiK-net18,
KiK-net,KSRH06,TSURUI-E,43.220000,144.428500,30.0,70000000000.0,KiK-net18,
KiK-net,KSRH07,TSURUI-S,43.135900,144.327400,38.0,70000000000.0,KiK-net11B,
KiK-net,KSRH08,SHIRANUKA-N,43.160300,143.893600,174.0,70000000000.0,KiK-net18,
KiK-net,KSRH09,SHIRANUKA-S,42.985600,143.984100,27.0,70000000000.0,KiK-net18,
KiK-net,KSRH10,HAMANAKA,43.208400,145.116800,31.0,70000000000.0,KiK-net11B,
KiK-net,KYTH01,NODAGAWA,35.524300,135.124300,15.0,70000000000.0,KiK-net18,
KiK-net,KYTH02,INE,35.710100,135.249600,28.0,70000000000.0,KiK-net18,
KiK-net,KYTH03,FUKUCHIYAMA,35.313000,135.133400,40.0,70000000000.0,KiK-net18,
KiK-net,KYTH04,MIYAMA,35.268500,135.550800,190.0,70000000000.0,KiK-net18,
KiK-net,KYTH05,AMINO,35.681400,135.026800,5.0,70000000000.0,KiK-net18,
KiK-net,KYTH06,KAMEOKA,35.046900,135.484600,175.0,70000000000.0,KiK-net11A,
KiK-net,KYTH07,KUMIYAMA,34.898300,135.746100,11.0,70000000000.0,KiK-net18,
KiK-net,KYTH08,KYOTO,35.009400,135.730400,32.0,70000000000.0,KiK-net18,
KiK-net,MIEH01,YOKKAICHI,34.984900,136.456300,290.0,70000000000.0,KiK-net11A,
KiK-net,MIEH02,OYAMADA,34.766200,136.283500,280.0,70000000000.0,KiK-net11A,
KiK-net,MIEH03,URESHINO,34.547000,136.369200,280.0,70000000000.0,KiK-net11A,
KiK-net,MIEH04,WATARAI,34.353200,136.586600,90.0,70000000000.0,KiK-net11A,
KiK-net,MIEH05,OWASE,34.063700,136.168900,85.0,70000000000.0,KiK-net11B,
KiK-net,MIEH06,MIYAGAWA,34.358000,136.329300,129.0,70000000000.0,KiK-net11B,
KiK-net,MIEH07,SHIMA,34.254400,136.821600,10.0,70000000000.0,KiK-net11B,
KiK-net,MIEH08,MATSUSAKA,34.542400,136.503300,35.0,70000000000.0,KiK-net11B,
KiK-net,MIEH09,KIHO,33.764400,135.996900,90.0,70000000000.0,KiK-net11B,
KiK-net,MIEH10,GEINO,34.822400,136.424500,75.0,70000000000.0,KiK-net11B,
KiK-net,MYGH02,NARUKO,38.858700,140.651300,345.0,70000000000.0,KiK-net18,
KiK-net,MYGH03,KARAKUWA,38.920700,141.637700,80.0,70000000000.0,KiK-net11A,
KiK-net,MYGH04,TOWA,38.786000,141.325400,35.0,70000000000.0,KiK-net18,
KiK-net,MYGH05,ONODA,38.579300,140.780400,59.0,70000000000.0,KiK-net11A,
KiK-net,MYGH06,TAJIRI,38.590700,141.071000,20.0,70000000000.0,KiK-net11C,
KiK-net,MYGH07,KAWASAKI,38.180200,140.640500,186.0,70000000000.0,KiK-net11,
KiK-net,MYGH08,IWANUMA,38.113300,140.844100,10.0,70000000000.0,KiK-net11C,
KiK-net,MYGH09,SHIROISHI,38.009100,140.602700,130.0,70000000000.0,KiK-net11C,
KiK-net,MYGH10,YAMAMOTO,37.941100,140.892400,18.0,70000000000.0,KiK-net11A,
KiK-net,MYGH11,KAHOKU,38.515800,141.342100,5.0,70000000000.0,KiK-net11C,
KiK-net,MYGH13,MINAMISANRIKU,38.699300,141.417600,90.0,70000000000.0,KiK-net11,
KiK-net,MYGH14,RIFU,38.340000,140.955100,48.0,70000000000.0,KiK-net11,
KiK-net,MYZH01,GOKASE,32.653600,131.225700,605.0,70000000000.0,KiK-net11B,
KiK-net,MYZH02,KITAGAWA,32.697200,131.682900,20.0,70000000000.0,KiK-net11C,
KiK-net,MYZH03,SHIIBA,32.475400,131.104300,519.0,70000000000.0,KiK-net11B,
KiK-net,MYZH04,MOROTSUKA,32.518100,131.334900,250.0,70000000000.0,KiK-net11C,
KiK-net,MYZH05,NANGO,32.347000,131.266800,353.0,70000000000.0,KiK-net18,
KiK-net,MYZH06,TOGO,32.360700,131.464300,100.0,70000000000.0,KiK-net11C,
KiK-net,MYZH07,NISHIMERA,32.198700,131.194600,235.0,70000000000.0,KiK-net18,
KiK-net,MYZH08,KAWAMINAMI,32.213200,131.530900,68.0,70000000000.0,KiK-net18,
KiK-net,MYZH09,SUKI,32.042100,131.061800,335.0,70000000000.0,KiK-net11C,
KiK-net,MYZH10,KUNITOMI,32.021500,131.290000,80.0,70000000000.0,KiK-net18,
KiK-net,MYZH11,SADOWARA,32.020800,131.470000,12.0,70000000000.0,KiK-net11C,
KiK-net,MYZH12,MIYAKONOJO-N,31.864300,130.945400,525.0,70000000000.0,KiK-net18,
KiK-net,MYZH13,MIYAKONOJO-S,31.730100,131.079100,152.0,70000000000.0,KiK-net11C,
KiK-net,MYZH14,NICHINAN,31.564900,131.351000,5.0,70000000000.0,KiK-net18,
KiK-net,MYZH15,HYUGA,32.365400,131.589300,170.0,70000000000.0,KiK-net11C,
KiK-net,MYZH16,NOBEOKA,32.506000,131.695800,2.0,70000000000.0,KiK-net18,
KiK-net,NARH01,TOTSUKAWA-W,33.966600,135.648900,780.0,70000000000.0,KiK-net11A,
KiK-net,NARH02,TOTSUKAWA-E,33.969200,135.857400,480.0,70000000000.0,KiK-net11A,
KiK-net,NARH03,KAWAKAMI,34.292500,136.002200,358.0,70000000000.0,KiK-net11A,
KiK-net,NARH04,KUROTAKI,34.306100,135.836900,387.0,70000000000.0,KiK-net11A,
KiK-net,NARH05,HIGASHIYOSHINO,34.423700,136.029400,390.0,70000000000.0,KiK-net11A,
KiK-net,NARH06,YAMAZOE,34.641300,136.051200,277.0,70000000000.0,KiK-net11A,
KiK-net,NARH07,TENRI,34.584300,135.854100,130.0,70000000000.0,KiK-net11B,
KiK-net,NGNH03,ACHI2,35.478600,137.734600,870.0,70000000000.0,KiK-net18,
KiK-net,NGNH07,NAKANO,36.743400,138.376000,378.0,70000000000.0,KiK-net18,
KiK-net,NGNH08,MISATO,36.254100,137.859100,668.0,70000000000.0,KiK-net18,
KiK-net,NGNH09,TAKESHI,36.285900,138.249100,605.0,70000000000.0,KiK-net18,
KiK-net,NGNH10,KISO,35.963200,137.766900,960.0,70000000000.0,KiK-net18,
KiK-net,NGNH11,FUJIMI,35.915700,138.305200,1238.0,70000000000.0,KiK-net11C,
KiK-net,NGNH12,MINAMIMAKI,35.969600,138.479700,1320.0,70000000000.0,KiK-net18,
KiK-net,NGNH13,TAKAGI,35.514300,137.876700,423.0,70000000000.0,KiK-net11C,
KiK-net,NGNH14,HIRAYA,35.309500,137.626100,960.0,70000000000.0,KiK-net11C,
KiK-net,NGNH15,TATSUNO,36.008800,137.930500,820.0,70000000000.0,KiK-net11C,
KiK-net,NGNH16,CHINO,35.946500,138.184800,870.0,70000000000.0,KiK-net11C,
KiK-net,NGNH17,SAKU,36.142500,138.550400,860.0,70000000000.0,KiK-net11A,
KiK-net,NGNH18,KAIDA,35.932400,137.595000,1150.0,70000000000.0,KiK-net18,
KiK-net,NGNH19,KAWAKAMI,35.973500,138.584500,1190.0,70000000000.0,KiK-net18,
KiK-net,NGNH20,AGEMATSU,35.787000,137.717300,895.0,70000000000.0,KiK-net18,
KiK-net,NGNH21,INA,35.831500,137.923600,770.0,70000000000.0,KiK-net11C,
KiK-net,NGNH22,HASE,35.794600,138.082400,820.0,70000000000.0,KiK-net18,
KiK-net,NGNH23,NAGISO,35.605600,137.610500,430.0,70000000000.0,KiK-net18,
KiK-net,NGNH24,MATSUKAWA,35.615200,137.879700,715.0,70000000000.0,KiK-net18,
KiK-net,NGNH25,MINAMISHINANO,35.298600,137.926800,430.0,70000000000.0,KiK-net18,
KiK-net,NGNH26,KAMIYAMADA,36.466300,138.147400,395.0,70000000000.0,KiK-net18,
KiK-net,NGNH27,SHINSHUSHIN,36.577000,138.047900,505.0,70000000000.0,KiK-net18,
KiK-net,NGNH28,TOGAKUSHI,36.707500,138.096400,935.0,70000000000.0,KiK-net18,
KiK-net,NGNH29,NOZAWAONSEN,36.910200,138.440800,570.0,70000000000.0,KiK-net18,
KiK-net,NGNH30,NAGAWA,36.064000,137.684900,1095.0,70000000000.0,KiK-net18,
KiK-net,NGNH31,SHIOJIRI,36.118400,137.938900,720.0,70000000000.0,KiK-net11C,
KiK-net,NGNH32,MATSUMOTO,36.257800,137.989800,640.0,70000000000.0,KiK-net18,
KiK-net,NGNH33,IKUSAKA,36.459800,137.963700,490.0,70000000000.0,KiK-net18,
KiK-net,NGNH34,OHMACHI-C,36.532700,137.820100,825.0,70000000000.0,KiK-net18,
KiK-net,NGNH35,HOTAKA,36.382400,137.820100,720.0,70000000000.0,KiK-net11C,
KiK-net,NGNH36,HAKUBA,36.698400,137.848200,725.0,70000000000.0,KiK-net18,
KiK-net,NGNH37,MIYOTA,36.330800,138.496700,845.0,70000000000.0,KiK-net18,
KiK-net,NGNH54,IIDA,35.448900,138.005800,1168.0,70000000000.0,KiK-net18,
KiK-net,NGSH01,HIRADO,33.211600,129.435300,30.0,70000000000.0,KiK-net18,
KiK-net,NGSH02,SASEBO-N,33.212200,129.765200,140.0,70000000000.0,KiK-net18,
KiK-net,NGSH03,SASEBO-S,33.125600,129.810200,10.0,70000000000.0,KiK-net18,
KiK-net,NGSH04,KINKAI,32.955300,129.802600,3.0,70000000000.0,KiK-net18,
KiK-net,NGSH05,TAKAKI,32.910300,130.140800,29.0,70000000000.0,KiK-net18,
KiK-net,NGSH06,NAGASAKI,32.699900,129.862500,155.0,70000000000.0,KiK-net18,
KiK-net,NIGH01,NAGAOKA,37.427200,138.887600,85.0,70000000000.0,KiK-net11A,
KiK-net,NIGH02,ASAHI,38.279900,139.548600,34.0,70000000000.0,KiK-net18,
KiK-net,NIGH03,ARAKAWA,38.132700,139.428900,6.0,70000000000.0,KiK-net18,
KiK-net,NIGH04,SEKIKAWA,38.131300,139.542800,78.0,70000000000.0,KiK-net18,
KiK-net,NIGH05,SEIRO,37.975900,139.278800,7.0,70000000000.0,KiK-net18,
KiK-net,NIGH06,KAMO,37.652700,139.067600,30.0,70000000000.0,KiK-net18,
KiK-net,NIGH07,MURAMATSU,37.665800,139.261000,75.0,70000000000.0,KiK-net18,
KiK-net,NIGH08,TSUGAWA,37.670800,139.464800,68.0,70000000000.0,KiK-net18,
KiK-net,NIGH09,SHITADA,37.538600,139.127900,93.0,70000000000.0,KiK-net18,
KiK-net,NIGH10,KAMIKAWA,37.543800,139.364800,218.0,70000000000.0,KiK-net18,
KiK-net,NIGH11,KAWANISHI,37.172800,138.744000,165.0,70000000000.0,KiK-net18,
KiK-net,NIGH12,YUNOTANI,37.223900,138.982100,110.0,70000000000.0,KiK-net11C,
KiK-net,NIGH13,MAKI,37.054400,138.396600,230.0,70000000000.0,KiK-net18,
KiK-net,NIGH14,SHIOZAWA,37.030300,138.852100,185.0,70000000000.0,KiK-net18,
KiK-net,NIGH15,MUIKA,37.053300,138.995100,358.0,70000000000.0,KiK-net18,
KiK-net,NIGH16,ITOIGAWA,36.937800,137.848000,149.0,70000000000.0,KiK-net18,
KiK-net,NIGH17,MYOKO-KOGEN,36.856900,138.096600,1305.0,70000000000.0,KiK-net18,
KiK-net,NIGH18,MYOKO,36.942500,138.259400,240.0,70000000000.0,KiK-net18,
KiK-net,NIGH19,YUZAWA,36.811400,138.784900,985.0,70000000000.0,KiK-net11C,
KiK-net,NMRH01,SHIBETSU-N,43.785000,145.024600,80.0,70000000000.0,KiK-net18,
KiK-net,NMRH02,SHIBETSU-S,43.677200,144.961800,165.0,70000000000.0,KiK-net18,
KiK-net,NMRH03,NAKASHIBETSU,43.550800,144.966500,30.0,70000000000.0,KiK-net11B,
KiK-net,NMRH04,BEKKAI-E,43.397800,145.122400,30.0,70000000000.0,KiK-net11A,
KiK-net,NMRH05,BEKKAI-W,43.390000,144.802100,92.0,70000000000.0,KiK-net18,
KiK-net,OITH01,YAMAGUNI,33.412200,131.032600,249.0,70000000000.0,KiK-net11B,
KiK-net,OITH02,YAMAGA,33.458100,131.442900,165.0,70000000000.0,KiK-net11B,
KiK-net,OITH03,AKI,33.473600,131.685600,35.0,70000000000.0,KiK-net18,
KiK-net,OITH04,SHONAI,33.130600,131.347300,500.0,70000000000.0,KiK-net11B,
KiK-net,OITH05,NOTSUHARA,33.152500,131.542000,160.0,70000000000.0,KiK-net11B,
KiK-net,OITH06,TAKETA,32.972600,131.398400,260.0,70000000000.0,KiK-net11B,
KiK-net,OITH07,MIE,32.987000,131.588100,160.0,70000000000.0,KiK-net11B,
KiK-net,OITH08,UME-W,32.839200,131.535700,260.0,70000000000.0,KiK-net11C,
KiK-net,OITH09,UME-E,32.848600,131.678600,190.0,70000000000.0,KiK-net18,
KiK-net,OITH10,SAIKI,32.927800,131.869500,80.0,70000000000.0,KiK-net11A,
KiK-net,OITH11,KOKONOE,33.284400,131.211800,460.0,70000000000.0,KiK-net11B,
KiK-net,OKYH01,TAMANO,34.507000,133.890500,10.0,70000000000.0,KiK-net11A,
KiK-net,OKYH02,SETO,34.750100,134.070200,30.0,70000000000.0,KiK-net11A,
KiK-net,OKYH03,OKAYAMA,34.778300,133.789000,100.0,70000000000.0,KiK-net11A,
KiK-net,OKYH04,MABI,34.642900,133.686100,50.0,70000000000.0,KiK-net11A,
KiK-net,OKYH05,TAKEBE,34.868400,133.852700,320.0,70000000000.0,KiK-net11A,
KiK-net,OKYH06,BISEI,34.675600,133.528300,385.0,70000000000.0,KiK-net11A,
KiK-net,OKYH07,SHINGO,35.049300,133.316900,564.0,70000000000.0,KiK-net18,
KiK-net,OKYH08,TETTA,34.910300,133.405500,430.0,70000000000.0,KiK-net11A,
KiK-net,OKYH09,YUBARA,35.180900,133.676500,405.0,70000000000.0,KiK-net11A,
KiK-net,OKYH10,KAMISAIBARA,35.282600,133.926300,495.0,70000000000.0,KiK-net11A,
KiK-net,OKYH11,SHOO,35.073200,134.116200,129.0,70000000000.0,KiK-net11A,
KiK-net,OKYH12,OHARA,35.099900,134.319000,280.0,70000000000.0,KiK-net11A,
KiK-net,OKYH13,HINASE,34.728300,134.274400,3.0,70000000000.0,KiK-net18,
KiK-net,OKYH14,HOKUBO,34.936300,133.620500,218.0,70000000000.0,KiK-net18,
KiK-net,OSKH01,TAJIRI,34.397700,135.283600,5.0,70000000000.0,KiK-net18,
KiK-net,OSKH02,KONOHANA,34.662800,135.389600,7.0,70000000000.0,KiK-net11A,
KiK-net,OSKH03,TAISHI,34.524800,135.660800,129.0,70000000000.0,KiK-net11A,
KiK-net,OSKH04,KATANO,34.763000,135.705200,240.0,70000000000.0,KiK-net11A,
KiK-net,OSKH05,OSAKA,34.715900,135.519900,1.0,70000000000.0,KiK-net18,
KiK-net,OSMH01,SHIRIUCHI,41.597700,140.420700,5.0,70000000000.0,KiK-net18,
KiK-net,OSMH02,KAMIISO,41.837400,140.633100,10.0,70000000000.0,KiK-net11A,
KiK-net,RMIH01,HORONOBE,45.016700,142.079500,30.0,70000000000.0,KiK-net18,
KiK-net,RMIH02,TESHIO,44.894800,141.925100,10.0,70000000000.0,KiK-net18,
KiK-net,RMIH03,EMBETSU,44.635900,141.818700,20.0,70000000000.0,KiK-net18,
KiK-net,RMIH04,OBIRA-E,44.097400,141.962100,102.0,70000000000.0,KiK-net18,
KiK-net,RMIH05,OBIRA-W,44.025400,141.787600,21.0,70000000000.0,KiK-net18,
KiK-net,SAGH01,CHINZEI,33.508000,129.887700,118.0,70000000000.0,KiK-net18,
KiK-net,SAGH02,IMARI,33.265600,129.879800,31.0,70000000000.0,KiK-net11A,
KiK-net,SAGH03,FUJI,33.409800,130.232900,375.0,70000000000.0,KiK-net18,
KiK-net,SAGH04,HIGASHISEFURI,33.365400,130.404600,55.0,70000000000.0,KiK-net18,
KiK-net,SAGH05,SHIROISHI,33.180600,130.104600,18.0,70000000000.0,KiK-net18,
KiK-net,SBSH01,FURUBIRA,43.234100,140.622800,28.0,70000000000.0,KiK-net18,
KiK-net,SBSH02,TOMARI,43.052700,140.501700,25.0,70000000000.0,KiK-net18,
KiK-net,SBSH03,AKAIGAWA,43.084200,140.819900,145.0,70000000000.0,KiK-net11B,
KiK-net,SBSH04,KYOWA,42.975800,140.621900,20.0,70000000000.0,KiK-net18,
KiK-net,SBSH05,KUCCHAN,42.950000,140.822300,240.0,70000000000.0,KiK-net18,
KiK-net,SBSH06,RANKOSHI,42.830900,140.483100,39.0,70000000000.0,KiK-net18,
KiK-net,SBSH07,MAKKARI,42.763000,140.808400,228.0,70000000000.0,KiK-net18,
KiK-net,SBSH08,KIMOBETSU,42.768000,140.976600,285.0,70000000000.0,KiK-net18,
KiK-net,SBSH09,KUROMATSUNAI,42.610400,140.484100,140.0,70000000000.0,KiK-net11B,
KiK-net,SBSH10,SHIMAMAKI,42.779700,140.155700,32.0,70000000000.0,KiK-net11B,
KiK-net,SIGH01,TAGA,35.238300,136.359900,610.0,70000000000.0,KiK-net18,
KiK-net,SIGH02,OHTSU,35.248200,135.867100,305.0,70000000000.0,KiK-net11A,
KiK-net,SIGH03,SHIGARAKI,34.853000,136.031600,360.0,70000000000.0,KiK-net11A,
KiK-net,SIGH04,HINO,34.963800,136.261000,320.0,70000000000.0,KiK-net11A,
KiK-net,SITH01,IWATSUKI,35.929000,139.734900,8.0,70000000000.0,KiK-net11A,
KiK-net,SITH03,HIDAKA,35.899000,139.384300,51.0,70000000000.0,KiK-net18,
KiK-net,SITH04,TOKOROZAWA,35.802800,139.535300,30.0,70000000000.0,KiK-net18,
KiK-net,SITH05,KAMIIZUMI,36.150900,139.050400,150.0,70000000000.0,KiK-net11A,
KiK-net,SITH06,KAWAMOTO,36.113100,139.289400,80.0,70000000000.0,KiK-net11A,
KiK-net,SITH07,NAGURI,35.911800,139.148500,340.0,70000000000.0,KiK-net11B,
KiK-net,SITH08,OGANO,36.027400,138.969100,295.0,70000000000.0,KiK-net11A,
KiK-net,SITH09,MINANO,36.071500,139.099300,165.0,70000000000.0,KiK-net11B,
KiK-net,SITH11,HANNO,35.863700,139.272600,155.0,70000000000.0,KiK-net11A,
KiK-net,SITH12,TOKIGAWA2,35.996900,139.219400,182.0,70000000000.0,KiK-net18,
KiK-net,SMNH01,HAKUTA,35.296300,133.260400,170.0,70000000000.0,KiK-net11A,
KiK-net,SMNH02,NITA,35.223500,133.085600,340.0,70000000000.0,KiK-net11A,
KiK-net,SMNH03,SADA,35.224300,132.722300,110.0,70000000000.0,KiK-net11A,
KiK-net,SMNH04,OCHI,35.091800,132.530800,240.0,70000000000.0,KiK-net11A,
KiK-net,SMNH05,HASUMI,34.869700,132.639600,165.0,70000000000.0,KiK-net11A,
KiK-net,SMNH06,KANAGI,34.883900,132.202600,260.0,70000000000.0,KiK-net11A,
KiK-net,SMNH07,MITO,34.694000,132.040200,290.0,70000000000.0,KiK-net18,
KiK-net,SMNH08,IWAMI,34.880100,132.420800,300.0,70000000000.0,KiK-net11A,
KiK-net,SMNH09,HIKIMI,34.572500,132.012200,260.0,70000000000.0,KiK-net11A,
KiK-net,SMNH10,MIHONOSEKI,35.557900,133.300400,9.0,70000000000.0,KiK-net18,
KiK-net,SMNH11,HIRATA,35.425900,132.800800,30.0,70000000000.0,KiK-net18,
KiK-net,SMNH12,YOSHIDA,35.163400,132.855800,380.0,70000000000.0,KiK-net18,
KiK-net,SMNH13,GOTSU,35.008700,132.306900,100.0,70000000000.0,KiK-net18,
KiK-net,SMNH14,MUIKAMACHI,34.390400,131.892500,249.0,70000000000.0,KiK-net18,
KiK-net,SMNH15,KASHIMA,35.523200,133.022600,20.0,70000000000.0,KiK-net11A,
KiK-net,SMNH16,KAMO,35.342200,132.898900,47.0,70000000000.0,KiK-net18,
KiK-net,SOYH01,SARUFUTSU-N,45.334600,142.118500,20.0,70000000000.0,KiK-net11A,
KiK-net,SOYH02,SARUFUTSU-S,45.216300,142.225400,5.0,70000000000.0,KiK-net18,
KiK-net,SOYH03,WAKKANAI-W,45.253100,141.633400,8.0,70000000000.0,KiK-net18,
KiK-net,SOYH04,WAKKANAI-E,45.230300,141.880600,30.0,70000000000.0,KiK-net18,
KiK-net,SOYH05,WAKKANAI-N,45.488300,141.885000,45.0,70000000000.0,KiK-net11C,
KiK-net,SOYH06,TOYOTOMI,45.101900,141.783400,15.0,70000000000.0,KiK-net11A,
KiK-net,SOYH07,HAMATOMBETSU,45.100100,142.430700,7.0,70000000000.0,KiK-net18,
KiK-net,SOYH08,NAKATOMBETSU,44.938700,142.224700,40.0,70000000000.0,KiK-net18,
KiK-net,SOYH09,UTANOBORI-N,44.857000,142.486800,20.0,70000000000.0,KiK-net11C,
KiK-net,SOYH10,UTANOBORI-S,44.743300,142.603900,73.0,70000000000.0,KiK-net18,
KiK-net,SRCH01,HOROKANAI-N,44.280300,142.159400,260.0,70000000000.0,KiK-net18,
KiK-net,SRCH02,HOROKANAI-C,44.116000,142.141400,200.0,70000000000.0,KiK-net18,
KiK-net,SRCH03,HOROKANAI-S,43.999400,142.125800,155.0,70000000000.0,KiK-net18,
KiK-net,SRCH04,NUMATA,43.820300,141.939700,100.0,70000000000.0,KiK-net18,
KiK-net,SRCH05,FUKAGAWA-N,43.824300,142.159400,200.0,70000000000.0,KiK-net18,
KiK-net,SRCH06,FUKAGAWA-S,43.694800,142.077600,80.0,70000000000.0,KiK-net11A,
KiK-net,SRCH07,MIKASA,43.230000,141.897800,75.0,70000000000.0,KiK-net11B,
KiK-net,SRCH08,SUNAGAWA,43.513800,141.909000,30.0,70000000000.0,KiK-net18,
KiK-net,SRCH09,KURIYAMA,43.058700,141.806300,30.0,70000000000.0,KiK-net18,
KiK-net,SRCH10,YUBARI,42.993000,142.008500,195.0,70000000000.0,KiK-net18,
KiK-net,SZOH21,MORI,34.860100,137.942600,58.0,70000000000.0,KiK-net18,
KiK-net,SZOH22,KUROMATA,35.033200,138.197900,223.0,70000000000.0,KiK-net18,
KiK-net,SZOH24,INASA,34.834300,137.661600,19.0,70000000000.0,KiK-net11B,
KiK-net,SZOH25,ARAI,34.691300,137.560400,6.0,70000000000.0,KiK-net11A,
KiK-net,SZOH26,FUKUROI,34.794800,137.903400,23.0,70000000000.0,KiK-net18,
KiK-net,SZOH28,HAMAMATSU,34.668300,137.744100,5.0,70000000000.0,KiK-net11A,
KiK-net,SZOH29,SHIZUOKA-N,35.307000,138.197300,880.0,70000000000.0,KiK-net11A,
KiK-net,SZOH30,MISAKUBO-N,35.223300,137.918100,540.0,70000000000.0,KiK-net11B,
KiK-net,SZOH31,KAWANE,34.939800,138.076700,145.0,70000000000.0,KiK-net18,
KiK-net,SZOH32,TATSUYAMA-E,35.008600,137.840900,325.0,70000000000.0,KiK-net11B,
KiK-net,SZOH33,SHIZUOKA-S,35.014600,138.352600,50.0,70000000000.0,KiK-net11B,
KiK-net,SZOH34,SHIMIZU-N,35.130400,138.424300,540.0,70000000000.0,KiK-net11B,
KiK-net,SZOH35,ITO-C,34.946700,139.085500,140.0,70000000000.0,KiK-net11A,
KiK-net,SZOH36,FUJIEDA,34.914200,138.200800,90.0,70000000000.0,KiK-net18,
KiK-net,SZOH37,SHIBAKAWA,35.202800,138.565900,80.0,70000000000.0,KiK-net11A,
KiK-net,SZOH38,KANNAMI,35.085400,138.977900,100.0,70000000000.0,KiK-net11A,
KiK-net,SZOH39,NISHIIZU-W,34.798800,138.772400,130.0,70000000000.0,KiK-net18,
KiK-net,SZOH40,KAWAZU,34.783200,138.970000,235.0,70000000000.0,KiK-net11A,
KiK-net,SZOH41,MINAMIIZU,34.674900,138.834000,60.0,70000000000.0,KiK-net18,
KiK-net,SZOH42,SHUZENJI,34.975600,138.912800,250.0,70000000000.0,KiK-net11A,
KiK-net,SZOH43,SHIMIZU-S,34.973900,138.492400,20.0,70000000000.0,KiK-net11A,
KiK-net,SZOH53,KAKEGAWA3,34.876800,138.017400,182.0,70000000000.0,KiK-net11B,
KiK-net,SZOH54,HATSUSHIMA2,35.041700,139.168500,20.0,70000000000.0,KiK-net18,
KiK-net,TCGH06,MOKA,36.445800,139.950900,70.0,70000000000.0,KiK-net18,
KiK-net,TCGH07,KURIYAMA-W,36.881700,139.453400,1085.0,70000000000.0,KiK-net11B,
KiK-net,TCGH08,KURIYAMA-E,36.882800,139.645900,702.0,70000000000.0,KiK-net11A,
KiK-net,TCGH09,YAITA,36.862500,139.836400,564.0,70000000000.0,KiK-net11C,
KiK-net,TCGH11,IMAICHI,36.708400,139.769400,290.0,70000000000.0,KiK-net11A,
KiK-net,TCGH12,UJIIE,36.695900,139.984200,162.0,70000000000.0,KiK-net11C,
KiK-net,TCGH13,BATO,36.734200,140.178100,135.0,70000000000.0,KiK-net11C,
KiK-net,TCGH14,AWANO,36.550900,139.615400,180.0,70000000000.0,KiK-net11A,
KiK-net,TCGH15,UTSUNOMIYA,36.559500,139.863700,125.0,70000000000.0,KiK-net11B,
KiK-net,TCGH16,HAGA,36.548000,140.075100,105.0,70000000000.0,KiK-net11A,
KiK-net,TCGH17,FUJIHARA2,36.985300,139.692200,635.0,70000000000.0,KiK-net18,
KiK-net,TCGH19,OHTAWARA2,36.906000,140.111900,204.0,70000000000.0,KiK-net11A,
KiK-net,TKCH01,RIKUBETSU,43.468300,143.683000,251.0,70000000000.0,KiK-net18,
KiK-net,TKCH02,ASHORO-E,43.382200,143.898300,328.0,70000000000.0,KiK-net18,
KiK-net,TKCH03,ASHORO-W,43.270800,143.431700,199.0,70000000000.0,KiK-net11B,
KiK-net,TKCH04,SHINTOKU-S,43.173900,142.917600,220.0,70000000000.0,KiK-net18,
KiK-net,TKCH05,HOMBETSU,43.121100,143.618100,65.0,70000000000.0,KiK-net18,
KiK-net,TKCH06,MEMURO,42.892000,143.060300,97.0,70000000000.0,KiK-net18,
KiK-net,TKCH07,TOYOKORO,42.811400,143.520300,9.0,70000000000.0,KiK-net18,
KiK-net,TKCH08,TAIKI,42.486500,143.152000,360.0,70000000000.0,KiK-net11B,
KiK-net,TKCH10,SHINTOKU-N,43.333700,142.944800,365.0,70000000000.0,KiK-net18,
KiK-net,TKCH11,SHIMIZU,42.874200,142.883000,419.0,70000000000.0,KiK-net18,
KiK-net,TKSH01,HIWASA,33.775100,134.499400,155.0,70000000000.0,KiK-net11A,
KiK-net,TKSH02,SADAMITSU,34.011200,134.091800,190.0,70000000000.0,KiK-net11A,
KiK-net,TKSH03,KOYADAIRA,33.877800,134.129400,640.0,70000000000.0,KiK-net11A,
KiK-net,TKSH04,TOKUSHIMA,33.990200,134.533700,10.0,70000000000.0,KiK-net11B,
KiK-net,TKSH05,KAINAN,33.662800,134.315600,40.0,70000000000.0,KiK-net11B,
KiK-net,TKSH06,IKAWA,33.999700,133.893300,605.0,70000000000.0,KiK-net11C,
KiK-net,TKYH02,FUCHU,35.653900,139.470400,45.0,70000000000.0,KiK-net18,
KiK-net,TKYH11,KOTO,35.611400,139.812500,6.0,70000000000.0,KiK-net11A,
KiK-net,TKYH12,HACHIOJI,35.670100,139.265000,210.0,70000000000.0,KiK-net11A,
KiK-net,TKYH13,HINOHARA-S,35.701700,139.127500,360.0,70000000000.0,KiK-net11B,
KiK-net,TTRH01,CHIZU,35.260400,134.217300,230.0,70000000000.0,KiK-net11A,
KiK-net,TTRH02,HINO,35.231300,133.390900,410.0,70000000000.0,KiK-net11A,
KiK-net,TTRH03,MIZOKUCHI,35.355300,133.491800,420.0,70000000000.0,KiK-net11A,
KiK-net,TTRH04,AKASAKI,35.466800,133.630700,114.0,70000000000.0,KiK-net18,
KiK-net,TTRH05,IWAMI,35.572900,134.342600,15.0,70000000000.0,KiK-net18,
KiK-net,TTRH06,KAWAHARA,35.394600,134.198800,30.0,70000000000.0,KiK-net18,
KiK-net,TTRH07,SEKIGANE,35.364900,133.748600,135.0,70000000000.0,KiK-net18,
KiK-net,TYMH01,HIMI,36.886600,136.927600,30.0,70000000000.0,KiK-net18,
KiK-net,TYMH02,DAIMON,36.714200,137.037800,5.0,70000000000.0,KiK-net18,
KiK-net,TYMH03,TOYAMA,36.729400,137.262700,8.0,70000000000.0,KiK-net18,
KiK-net,TYMH04,UOZU,36.791400,137.468900,154.0,70000000000.0,KiK-net18,
KiK-net,TYMH05,INAMI,36.573600,136.958400,89.0,70000000000.0,KiK-net18,
KiK-net,TYMH06,YATSUO,36.571100,137.159500,110.0,70000000000.0,KiK-net18,
KiK-net,TYMH07,TOGA,36.440600,137.039200,670.0,70000000000.0,KiK-net18,
KiK-net,WKYH01,HIROGAWA,33.980400,135.212200,60.0,70000000000.0,KiK-net11A,
KiK-net,WKYH02,HANAZONO,34.137300,135.536900,400.0,70000000000.0,KiK-net11A,
KiK-net,WKYH03,NOKAMI,34.131400,135.324400,120.0,70000000000.0,KiK-net11A,
KiK-net,WKYH04,SUSAMI,33.555900,135.545400,130.0,70000000000.0,KiK-net11A,
KiK-net,WKYH05,NACHIKATSUURA,33.607200,135.861900,30.0,70000000000.0,KiK-net11A,
KiK-net,WKYH06,OTO,33.694800,135.595300,218.0,70000000000.0,KiK-net11A,
KiK-net,WKYH07,KAMITONDA,33.689400,135.439600,22.0,70000000000.0,KiK-net11A,
KiK-net,WKYH08,NAGA,34.322800,135.448300,560.0,70000000000.0,KiK-net11A,
KiK-net,WKYH09,WAKAYAMA,34.286800,135.071400,5.0,70000000000.0,KiK-net11A,
KiK-net,WKYH10,INAMI,33.824800,135.217200,40.0,70000000000.0,KiK-net11A,
KiK-net,YMGH01,HOFU,34.049400,131.561800,35.0,70000000000.0,KiK-net11A,
KiK-net,YMGH02,MINE,34.111100,131.143400,70.0,70000000000.0,KiK-net11A,
KiK-net,YMGH03,IWAKUNI,34.189100,132.126000,85.0,70000000000.0,KiK-net11A,
KiK-net,YMGH04,SHUTO,34.027000,132.062600,175.0,70000000000.0,KiK-net11A,
KiK-net,YMGH05,MIKAWA,34.197400,131.994300,68.0,70000000000.0,KiK-net11A,
KiK-net,YMGH06,UBE,33.989300,131.301200,80.0,70000000000.0,KiK-net11A,
KiK-net,YMGH07,KIKUGAWA,34.114900,131.050600,30.0,70000000000.0,KiK-net11A,
KiK-net,YMGH08,TOYOURA,34.134900,130.932300,45.0,70000000000.0,KiK-net11A,
KiK-net,YMGH09,TAMAGAWA,34.625700,131.668100,10.0,70000000000.0,KiK-net11A,
KiK-net,YMGH10,MUTSUMI,34.483700,131.632900,365.0,70000000000.0,KiK-net11A,
KiK-net,YMGH11,TOKUJI,34.209100,131.685900,120.0,70000000000.0,KiK-net11A,
KiK-net,YMGH12,MITO,34.217600,131.359700,150.0,70000000000.0,KiK-net18,
KiK-net,YMGH13,NAGATO,34.340800,131.177000,42.0,70000000000.0,KiK-net18,
KiK-net,YMGH14,HAGI,34.397900,131.377400,5.0,70000000000.0,KiK-net18,
KiK-net,YMGH15,TOKUYAMA,33.972500,131.814900,100.0,70000000000.0,KiK-net18,
KiK-net,YMGH16,KAMINOSEKI,33.826000,132.104000,65.0,70000000000.0,KiK-net18,
KiK-net,YMGH17,TOWA,33.929100,132.404600,5.0,70000000000.0,KiK-net18,
KiK-net,YMNH08,NISHINOHARA,35.689500,138.734000,375.0,70000000000.0,KiK-net18,
KiK-net,YMNH09,HAYAKAWA,35.432700,138.332500,393.0,70000000000.0,KiK-net18,
KiK-net,YMNH10,HAYAKAWA-N,35.535100,138.308700,695.0,70000000000.0,KiK-net11A,
KiK-net,YMNH11,OHTSUKI,35.624700,138.977700,465.0,70000000000.0,KiK-net18,
KiK-net,YMNH12,MASUHO,35.562300,138.449000,295.0,70000000000.0,KiK-net18,
KiK-net,YMNH13,MINOBU,35.350900,138.420300,255.0,70000000000.0,KiK-net11A,
KiK-net,YMNH14,TSURU-S,35.511500,138.967500,1010.0,70000000000.0,KiK-net11A,
KiK-net,YMNH15,KAMIKUISHIKI,35.532300,138.604500,525.0,70000000000.0,KiK-net11A,
KiK-net,YMNH16,KOFU2,35.742100,138.565300,595.0,70000000000.0,KiK-net18,
KiK-net,YMTH01,TENDO,38.384100,140.380500,113.0,70000000000.0,KiK-net11A,
KiK-net,YMTH02,YAMAGATA,38.269300,140.258300,130.0,70000000000.0,KiK-net11A,
KiK-net,YMTH03,NANYO,38.103500,140.155300,278.0,70000000000.0,KiK-net11A,
KiK-net,YMTH04,KAMINOYAMA,38.081300,140.297800,315.0,70000000000.0,KiK-net11A,
KiK-net,YMTH05,OGUNI,37.988300,139.801700,280.0,70000000000.0,KiK-net18,
KiK-net,YMTH06,TAKAHATA,37.963300,140.183600,233.0,70000000000.0,KiK-net11,
KiK-net,YMTH07,YONEZAWA,37.896000,140.027800,352.0,70000000000.0,KiK-net18,
KiK-net,YMTH08,YAWATA,38.970100,140.033300,115.0,70000000000.0,KiK-net11A,
KiK-net,YMTH09,TOZAWA,38.749800,140.178000,65.0,70000000000.0,KiK-net11A,
KiK-net,YMTH10,FUNAGATA,38.710700,140.374400,105.0,70000000000.0,KiK-net11A,
KiK-net,YMTH11,MOGAMI,38.713200,140.554400,253.0,70000000000.0,KiK-net18,
KiK-net,YMTH12,TACHIKAWA,38.635700,140.005500,320.0,70000000000.0,KiK-net18,
KiK-net,YMTH13,ASAHI,38.470400,139.760600,265.0,70000000000.0,KiK-net11A,
KiK-net,YMTH14,NISHIKAWA-W,38.386000,139.991600,465.0,70000000000.0,KiK-net11C,
KiK-net,YMTH15,NISHIKAWA-E,38.425700,140.124900,305.0,70000000000.0,KiK-net11C,
